Module: com_plazmic_games_rooster-1 (v. 1.0.0.64) @ Fri Dec  9 06:57:55 2005
------------------------------------------------------------
Attributes:
  is_library

Class Index:
     0. final class com/rim/resources/com_plazmic_games_roosterRIMResourcesPopulator1 extends class(1:1)

Classes:
  final class com/rim/resources/com_plazmic_games_roosterRIMResourcesPopulator1 extends class(1:1) {
    
    // Static methods
    final static populate(Lclass(1:0);) {
      //   0. (00009): enter_narrow
      //   1. (00010): arrayinit 'byte' [-119, 80, 78, 71, 13, 10, 26, 10, 0, 0, 0, 13, 73, 72, 68, 82, 0, 0, 0, -16, 0, 0, 0, -96, 8, 3, 0, 0, 0, 5, 5, 17, 87, 0, 0, 0, 4, 103, 65, 77, 65, 0, 0, -81, -56, 55, 5, -118, -23, 0, 0, 0, 25, 116, 69, 88, 116, 83, 111, 102, 116, 119, 97, 114, 101, 0, 65, 100, 111, 98, 101, 32, 73, 109, 97, 103, 101, 82, 101, 97, 100, 121, 113, -55, 101, 60, 0, 0, 3, 0, 80, 76, 84, 69, 124, 81, 2, -102, 100, 2, -46, -57, -78, 38, 0, 0, 38, 24, 0, 86, 23, 0, -102, -128, -128, 100, 58, 0, 100, 65, 1, -114, 65, 64, 77, 50, 1, 105, 68, 1, -91, -128, -128, -76, 44, 0, -107, 97, 2, 66, 43, 1, -105, 1, 0, -68, 122, 2, -44, -119, 3, -84, 113, 2, 102, 41, 0, -46, -64, -64, -78, 116, 2, -52, -64, -64, -19, -102, 3, -12, -16, -16, 83, 0, 0, 91, 0, 0, -35, -111, 3, 85, 47, 47, -30, -108, 3, -53, -124, 2, -91, -119, 86, 73, 21, 0, 75, 1, 0, 81, 53, 1, 66, 1, 0, 102, 25, 0, -14, -99, 3, 99, 0, 0, -16, -28, -49, -38, -47, -48, 57, 23, 0, 108, 0, 0, 90, 35, 0, -90, 1, 0, -12, -95, 3, -60, -80, -80, -63, 125, 2, 103, 64, 64, 116, 102, 78, 115, 0, 0, 109, 45, 45, 21, 4, 0, 59, 0, 0, -7, -95, 3, -59, -128, 2, 52, 34, 1, -110, 94, 2, -67, -128, 2, 88, 64, 64, 116, 25, 0, 123, 0, 0, -119, 89, 2, 85, 56, 1, 50, 0, 0, 109, 71, 1, -50, -90, 94, -112, 120, 76, 120, 64, 64, 113, 73, 1, -27, -102, 3, -73, -96, -96, -85, 103, 102, 118, 96, 96, 94, 61, 1, 118, 76, 1, -39, -64, -64, -124, 89, 2, -51, -123, -124, -123, 86, 2, 118, 38, 0, -100, 105, 2, 114, 51, 0, -40, -115, 3, -87, 110, 2, -125, 0, 0, 121, 78, 1, -20, -95, 3, -81, 69, 0, 7, 3, 0, -116, 0, 0, 96, 64, 1, -122, 38, 0, -127, 85, 2, 118, 91, 41, 57, 37, 1, 88, 58, 1, -114, 93, 2, -55, 73, 0, -75, -128, -128, -24, -37, -60, -23, -32, -32, -125, 24, 0, -119, 42, 40, -72, -111, -112, -15, -18, -23, -38, -45, -59, -95, 104, 2, -86, -112, -112, -28, -48, -48, -101, 57, 0, -4, -5, -6, -88, 67, 67, -13, -15, -19, -62, -95, -96, -116, 111, 57, -119, 50, 0, -124, 96, 96, 62, 40, 1, -76, 121, 2, -51, -118, 3, -90, 108, 2, 88, 75, 52, 68, 10, 0, 75, 10, 0, -28, -64, -64, -66, -80, -80, 28, 16, 0, 71, 46, 1, -88, 24, 0, -101, 37, 0, -28, -32, -33, -119, 93, 2, -105, 18, 0, -119, 112, 112, 122, 80, 80, -65, 55, 0, -104, 112, 112, -93, 106, 2, -20, -23, -30, 83, 11, 0, -116, 91, 2, -93, 121, 43, 91, 11, 0, -10, -11, -14, -105, 96, 95, -58, -63, -65, 112, 76, 1, 99, 12, 0, 91, 60, 1, -95, 109, 2, 57, 32, 32, 127, 83, 2, -24, -106, 3, -120, 65, 0, -45, -55, -65, -2, -92, 3, -19, -20, -23, -7, -8, -11, 104, 89, 66, 116, 75, 1, 71, 16, 16, 60, 10, 0, -76, 29, 0, -48, -122, 3, 77, 33, 0, -114, 96, 2, -100, -112, -113, -113, -128, -128, 57, 16, 16, 106, 14, 0, -101, 74, 0, 88, 16, 16, 118, 80, 1, 116, 11, 0, -78, 47, 44, 123, 11, 0, -53, -57, -62, -47, -79, -80, -125, 11, 0, 52, 42, 24, 119, 98, 58, -64, -108, 68, -98, 102, 2, 65, 52, 37, -81, -96, -97, -71, -76, -86, 116, 63, 1, 41, 17, 16, -90, 117, 25, 45, 14, 0, 65, 30, 0, 93, 71, 27, -123, 75, 59, -46, -93, -96, -72, 119, 2, -105, 105, 21, 46, 30, 1, -39, -55, -64, -46, -49, -54, -60, 99, 0, -28, -101, 24, -114, 9, 0, -124, 117, 92, -119, 84, 69, 110, 81, 80, 58, 48, 30, -9, -93, 3, 119, 88, 27, 44, 34, 26, 99, 16, 16, -42, -106, 31, 96, 47, 0, -101, 112, 28, -83, 11, 0, 72, 48, 1, 123, 65, 1, 113, 17, 16, 109, 82, 31, 92, 58, 1, -116, 85, 1, -125, 92, 21, 126, 95, 35, -116, 78, 1, -49, -52, -58, 57, 40, 15, -47, 114, 112, 80, 63, 30, -126, 16, 16, 49, 36, 12, 87, 60, 12, -4, -93, 3, -105, 102, 2, -73, -124, 34, 98, 69, 17, -101, 109, 14, -32, -95, -96, -61, -92, -112, -8, -91, 17, -55, -121, 18, -82, 93, 0, 30, 25, 16, -115, 95, 14, -58, -122, 2, 64, 48, 17, -88, -108, 122, 123, 87, 16, 104, 74, 17, 75, 32, 32, -62, -70, -77, -70, 125, 14, 98, 32, 31, -79, 20, 16, -85, 16, 16, -1, -1, -1, -34, -113, 94, -25, 0, 0, 118, 33, 73, 68, 65, 84, 120, -38, 52, -54, 49, 10, -62, 48, 20, 6, 96, -95, 17, 74, -105, 44, -103, -110, 45, -115, 20, -92, -85, -127, -73, -103, 14, 46, -18, 14, -43, -63, -100, 34, -109, -112, 28, -96, -112, -91, -35, -99, 123, 5, -63, 45, 55, 16, 114, 28, -109, 86, 63, 30, -113, -97, -1, -67, -115, 20, 66, 40, 85, 20, 105, 18, 37, -107, 76, -108, 16, -71, -49, 82, 86, -71, -29, -100, -78, -90, 105, 24, 99, -108, -14, -65, 124, 95, 112, 46, 5, 103, -41, -21, -123, -90, 42, -11, 50, 111, -66, 62, -90, 127, 74, 41, -93, -98, 13, 108, 120, -8, 121, -10, -34, -113, -29, -72, -5, 105, -73, -5, 55, 33, -92, 37, -28, 67, 94, -89, 103, 87, -106, 55, -83, -113, -70, -114, 6, 29, -6, -107, -19, 45, -24, 115, 109, 12, -66, 35, 20, 0, 32, -84, -106, 12, -42, 96, -117, -93, -45, 14, 76, -123, 35, 14, -128, -115, 11, 104, -86, -22, 14, -96, -117, 113, -46, -50, 64, 64, 11, 107, -47, 87, 0, 30, -24, 88, 5, 97, 24, 8, 3, -80, -96, 93, -70, -36, 30, -89, -28, 2, 14, -19, 28, 112, 108, -41, -70, 9, 22, -76, 67, 94, 66, -78, 120, -48, 62, 64, 54, -47, -71, 8, -114, 62, 70, -34, -96, -48, -57, -15, 82, 91, 111, -69, 127, -6, -65, 127, -59, -70, 117, 49, -111, -116, 50, -59, 124, 90, -3, -64, 42, 118, 101, -95, -32, -65, 96, 71, 68, 103, -111, -67, -96, -11, 127, 25, 6, -21, -20, 114, -38, 9, 101, 12, -81, 16, -109, -59, -67, 85, -126, 52, 41, 69, -28, 73, -112, -9, -98, -68, 36, -23, -27, 77, 38, -119, 76, -34, -81, 54, -65, -26, 12, 30, -122, 99, 89, -41, -3, -95, 47, -5, -78, 66, 8, -19, -62, 109, -49, 33, 109, -80, 3, 23, -111, 118, -30, -78, 59, 114, -63, 58, 78, 71, -40, 91, 64, 100, 112, -25, 112, 12, -42, 57, 116, 1, 32, 69, -69, -63, -26, -2, -4, 84, 15, -34, -61, -50, -26, -81, 0, 98, 112, 4, 121, 20, -20, 83, 51, 21, -112, 87, 65, 113, 106, 38, 5, -14, -119, 18, 40, -10, 28, 65, 110, -105, -110, -46, 6, 70, 45, 16, 1, 69, -108, -92, -19, -116, -115, -115, -75, -75, 65, -98, -106, 2, -85, 67, 2, -22, -47, 97, -58, 82, -32, 36, 3, 13, 71, 80, -70, -127, 24, 106, 102, -74, 24, 104, -63, 98, -57, -59, -117, 23, -41, 44, -82, -87, -87, 89, -84, 8, 100, 41, -22, -88, -22, 40, 54, -120, -108, 2, 99, 24, 24, -65, -20, 123, 124, -62, 125, -62, 103, 50, -124, -9, -59, 113, 115, 88, 54, -64, -68, 107, 122, 108, 90, 56, -73, -61, 13, -2, 4, -53, 99, -106, 9, 9, 96, -33, -78, 0, 125, -59, 15, -12, 82, 98, -71, 101, 57, 63, -105, -61, 13, -96, 87, -7, -71, -128, 36, 127, -126, 50, 23, 11, 48, 12, -108, 27, -113, 53, 54, -34, -32, -30, -73, -68, -111, -24, -28, -25, -112, -64, 49, 109, -54, -52, -104, 27, -112, 104, 6, 8, 32, 6, -112, -89, -64, 105, 25, 4, 84, 64, 49, 8, -115, 73, 96, -28, 106, 3, -29, 6, 28, -103, 82, -46, 32, 33, 105, 109, 117, 41, 21, 71, 51, 37, 109, -96, -113, -115, -19, -116, -75, -95, -87, 27, -31, 95, 96, 28, -37, -39, -87, 3, 21, -126, 35, 22, 98, -94, 25, 56, -115, 43, -11, 42, 1, -45, 51, 16, 76, -104, 10, 74, -49, -84, -64, 4, -51, 10, 78, -50, -118, -64, -12, 92, 10, -10, -18, 85, -10, 61, 110, 62, 64, -1, 6, -52, -76, -17, -29, -66, 115, -93, 1, 22, -69, 13, 55, -90, -124, -69, 113, 115, 39, 38, 0, -67, 11, -114, 92, 112, 74, 46, 79, 0, 70, 36, -105, 119, 121, 66, 121, 99, -94, -125, -14, -79, 114, 126, -53, 70, 101, -88, -121, 27, -127, -98, 111, 60, -90, -52, 117, 67, -103, -33, -46, 33, -47, -127, -53, -127, 95, -103, -5, -27, 116, -89, 105, 92, -106, 64, -83, 44, 0, 1, -60, -64, 12, 14, 127, -96, 119, -108, -92, -44, -127, 81, -90, -82, -83, 13, 116, 31, -112, 2, 70, -107, 118, -76, -74, -108, -99, -128, -74, 118, 88, -104, -76, 20, 52, 17, -125, 18, -72, 18, 40, -102, -43, -75, -115, -19, -20, 32, -47, 12, 78, -38, 74, 32, -17, -126, -30, 24, 40, 42, -83, 4, 12, 22, 21, 80, -62, 80, 81, -126, -27, 119, 41, -87, 94, 80, 38, 6, -6, 120, 66, 47, 43, 43, 16, -127, -128, 14, -85, -86, 22, 48, 126, -125, 65, -34, 13, 102, -65, 25, 30, -66, -114, -127, 33, -50, 62, -64, -98, 33, 38, 1, -98, -100, 19, 98, 22, 114, 115, 56, 57, 121, 55, 90, -126, 19, 51, 40, 15, 3, -13, -78, -125, 67, -29, -115, -14, 105, 83, -72, 111, 88, 90, -34, -120, 113, 112, 0, 121, -107, 11, -24, -31, -14, -124, 105, 92, -64, -60, 92, 14, -52, 16, -54, 55, 26, -127, -15, -84, -100, 56, -115, 107, -38, 13, -2, 41, -83, -21, 28, -8, -67, -71, -108, 99, -72, 18, 0, 2, -120, 65, 5, 20, 115, -109, 68, 125, 125, 77, 38, -7, -6, -118, -2, -55, 4, 18, -94, -94, -109, 50, -21, -22, 50, -91, 14, -41, -7, -14, 68, 11, 104, -121, -7, -41, -7, -42, -43, -7, -90, -36, -110, -106, -54, 4, -54, -7, 102, 74, 75, 77, 18, 7, 49, 124, 61, -19, -116, -43, 65, 97, 1, 45, -98, 32, 5, -107, 118, 52, 48, 32, -96, -71, 4, -104, -76, 97, 41, 122, -79, 35, 48, 53, -41, -44, -42, -128, 0, 48, 49, -17, 95, -84, -88, -56, 42, 18, -88, -77, 31, -28, -33, 96, 32, -40, 115, -109, -127, 97, -35, -52, 56, 63, -65, -72, 56, 31, -18, 114, 83, -120, 111, 27, 88, 28, -90, 76, -31, -26, -26, -98, 118, 35, -63, -78, 28, -24, 95, 112, 41, -107, 80, 110, 57, 115, -7, 52, 126, 101, 126, -31, -112, 74, -114, -124, -14, 27, 14, -54, -119, -106, -27, 55, -54, -63, -15, 92, -98, -56, 117, 12, -108, -109, -71, -64, 49, -52, -107, -64, 53, -51, -127, 43, 17, 40, 122, 67, -39, -127, -117, -53, 123, -35, 20, -18, 24, -128, 0, 98, 80, -41, -106, -106, -46, -10, -1, -1, -1, 63, -89, -26, -1, -1, -102, 74, -94, -1, 65, -128, -83, -3, -1, 127, -55, 85, 64, -58, 36, -127, 48, 105, -127, 58, -80, -40, -1, 58, 109, -23, 60, 16, 45, 41, 37, -107, 2, 17, -7, -97, 25, 6, -12, 28, 36, 55, 67, -117, 49, 96, -68, -38, -123, -123, -123, 1, -59, -108, -96, 69, 23, 56, 65, 75, -43, -126, -118, 44, 96, 106, 94, 61, 117, -75, 42, 48, 61, -37, 2, -45, 115, -96, -86, -22, -78, -3, 58, -91, -64, 4, 93, 58, 27, 8, 102, -10, 1, -3, -38, -70, -100, -49, -81, -107, -5, 24, 52, 118, 27, -8, -89, -52, 4, -6, 55, -111, 63, 33, 33, -127, -97, 31, -104, -100, 65, 49, -103, 0, -12, -5, 82, 107, -27, 27, -4, -27, -107, 23, 34, 24, 26, -53, -71, -108, -127, 105, 23, 88, 42, 1, -29, 22, -108, 123, -127, 121, -8, 6, 127, -94, -14, -79, 70, 46, 46, 7, -82, 4, 101, 7, -96, 87, -7, 19, -128, -23, -38, -31, -122, -125, -16, -53, -104, -60, 105, 0, 1, -60, 32, 101, 108, 12, -15, 64, 25, 16, 123, 69, 77, 6, -110, -109, 39, 123, -51, 0, 82, 32, 79, 51, -101, 49, 51, 75, -5, 2, 57, -59, 64, 44, -83, 14, -15, -26, 31, 41, 30, 32, -23, 43, 9, 36, -44, -115, -61, -96, 9, 27, -98, -74, -127, -39, 31, -24, 97, 41, 41, 104, -74, 86, 82, 87, -17, 85, 2, -90, -25, 94, 112, 101, -76, 122, -67, -19, 106, 91, -80, 127, 109, -127, 30, 62, -80, -97, 21, -24, 95, 96, -12, -50, 14, -98, -3, -64, -66, -49, -34, -66, -49, 42, 104, 122, -21, 20, 22, -88, 119, 27, 110, -60, -7, 77, -103, -62, 48, -115, -65, -79, -79, 28, 88, -54, 2, 51, 46, -80, 96, -30, 111, -28, 79, -72, 33, 19, 2, 44, -59, -54, 43, 34, 34, -42, 1, -109, 107, -116, 3, 119, -7, -115, 27, 64, -17, 1, -125, 3, 88, 52, 31, 75, 104, 108, 4, -59, 51, -56, -61, -57, -128, 101, 55, -88, -8, -66, -95, -84, -52, -59, -49, -107, 19, -105, -56, 85, 14, 16, 64, 12, 82, -46, -38, 74, 102, 32, 15, 0, 35, -72, 104, 21, -77, 56, -112, 5, 42, -103, 53, -63, 2, 30, 102, -46, -64, -20, 8, 18, -77, 1, 121, 56, 3, -30, 97, 78, 105, -112, 122, 30, 80, 56, 0, 75, 48, 59, 80, -82, -107, -126, 121, 89, 5, 88, -92, -87, 72, -123, 69, -37, -39, 1, -117, 116, 96, -118, 6, 37, 104, 96, -7, -68, 88, -91, 70, 5, -108, -104, 107, 39, -128, -94, -71, -105, 85, 81, 81, 53, -74, 57, 112, -65, 34, 48, 61, 7, 2, 125, 92, 122, 51, 60, 32, 32, 32, 46, 46, -128, 47, 103, -99, 50, -88, -72, 50, 109, 0, 86, -102, -54, -10, 113, 51, 103, 58, 1, -3, 123, -93, -79, 17, -104, -127, 27, -71, 26, 65, 57, -106, -21, 70, 66, -116, -69, 59, -125, -14, -115, 4, -112, -121, 27, 111, 44, 119, -85, 0, -58, -9, 13, -96, -97, 64, -119, 25, -24, 97, -96, -17, -127, -55, -101, 31, -108, -92, 45, 111, 112, -35, 72, 116, 40, 79, 104, -28, 82, 86, 6, 38, -116, -14, 70, 101, 126, -128, 0, 98, 0, -90, 60, 102, 83, 54, -120, 79, -118, 85, -52, 64, -66, -32, 73, -7, -93, -46, 5, 22, -24, -48, -114, 54, -106, -42, 6, 37, 115, 47, 80, 64, -100, 5, 69, 44, 80, -34, 24, -20, 97, -112, 48, 40, -5, -38, 69, 71, -37, 65, 74, 47, 16, 79, 74, 93, 26, 72, 26, 71, 11, -124, 105, 75, -127, 91, 32, 74, -96, 52, 93, -85, 4, 44, -82, 122, -89, 2, -109, -76, -86, 45, 40, 122, 109, 109, 3, 3, 3, 21, -75, 98, -125, 3, -63, 57, -8, -26, -51, -69, 119, -19, 3, 102, -50, -20, -53, -79, -73, 4, 71, 47, -48, -69, -57, -72, -109, -128, 34, -36, 92, -115, -64, -60, -55, 95, 110, 9, 44, -92, -128, 13, -120, 114, 14, -73, 70, 126, 126, 14, 119, 119, 63, 101, -27, 27, 47, 65, 49, -36, 24, -44, 90, -23, -50, -35, -56, -31, 4, -14, 100, 35, -48, -85, -64, -4, 12, -12, 60, -120, -28, -30, 2, -26, 112, 96, 33, 14, -44, -52, 5, -52, -49, 9, 64, 1, -121, 70, -128, 0, 98, 0, 23, 45, 60, 16, 15, -97, 85, 114, -124, -28, 97, 87, -91, 69, 32, 42, 77, 69, 69, 91, 90, 61, -38, 23, 34, -101, -26, -72, 18, -104, -56, -127, -47, 93, 12, -10, 48, 27, 72, -87, 52, 48, 114, -107, -92, -115, -127, -43, 47, -72, -114, -110, -126, -57, -76, -74, 64, -76, -70, 18, -88, -8, -97, 0, 44, -97, 123, -91, -90, -126, 107, -93, -43, -74, -21, -127, 16, 4, -128, -7, -105, 117, 63, -80, -64, 10, 20, -127, -108, 88, 15, -30, 102, -38, 7, -124, 7, 48, 114, -77, -64, -4, -101, -32, -45, 23, 16, -48, -25, -92, 12, 4, 92, -96, -118, 102, 90, 35, -80, 6, 74, -80, -116, 89, 120, -93, -111, -33, 65, 70, 110, 57, -80, 45, 54, 61, 34, -30, -91, 50, -105, -75, -80, -75, -116, 3, 127, 43, 31, -125, 61, 48, 86, -71, -90, 41, 3, -77, 49, -60, 123, -96, 66, 11, -104, 27, 28, -108, 65, -95, 5, -12, -68, 37, -41, 13, 96, 126, 7, 8, 32, 6, 80, 29, -93, 2, -115, 97, 15, 37, 51, -120, -121, 13, -51, -108, -12, 65, 101, -110, -93, -108, -79, -110, -70, 29, -60, -61, -110, 101, 42, 30, -64, -4, -67, 18, 84, -76, -127, -44, -13, -128, 82, -70, -118, -76, -74, -79, 58, -48, 123, 97, 97, -120, 116, 13, -87, -62, -44, 5, -62, -20, 64, -123, 53, -80, -23, -94, -94, 84, 3, 108, 97, -43, 0, -21, 36, -96, -73, 89, 39, 0, 91, 89, -64, 20, 29, -88, 8, -87, -128, -125, -63, 17, 28, 16, 55, 51, -128, 33, 60, -50, -83, 1, -30, -33, 99, 13, -4, 12, -10, 86, -116, 62, -34, -34, -119, -64, 44, 8, -116, 31, 7, 101, -2, 114, -82, -58, 27, 9, 9, 14, 78, 92, -64, 114, -71, 82, -18, -27, -76, -104, 27, 65, 17, 23, -90, 59, -16, -65, 108, 125, 89, -55, 85, -18, -29, -105, 35, 108, 9, -12, 112, -94, 50, 48, -3, 114, -127, 99, -72, 81, -39, -95, 28, -104, 13, -128, 90, -127, 49, 12, -12, 112, -126, -125, 50, -105, -125, 50, 64, 0, 49, 104, 27, 75, 71, -125, -13, 36, -80, 12, -110, 92, 4, -114, 97, 83, 102, 96, 59, 114, 18, 40, -94, 29, -75, -127, 30, 6, 39, 105, -61, 69, -64, -36, 8, 100, -76, -128, 74, 53, 112, 22, 96, 3, 121, 24, -40, 110, 84, 7, -105, -44, -64, 72, 6, 55, 68, -128, -107, 28, -76, 45, -86, 45, 32, 112, -38, 14, -56, -84, 81, -87, -83, -107, 2, -42, -66, -64, 70, 52, -80, -56, 74, 95, 13, 106, 63, 3, -93, 88, 103, 63, 107, -96, 8, -60, -61, -64, 26, -87, 47, -114, 33, -100, 33, -128, 27, -18, 95, -82, -103, 1, 125, 59, -62, -107, 29, 28, -128, 41, -9, 6, 40, 3, 38, -108, 43, 79, 3, -58, -104, -91, 50, 48, -115, -125, 60, 108, -19, -60, 113, 35, 46, 34, -62, 79, -103, 63, 102, 74, -21, 116, 96, -74, 102, -32, 123, 9, 106, -119, 112, 123, 91, 38, 0, -67, 10, -12, 48, 80, -105, -78, 37, 63, 40, 63, -105, 3, 67, -62, -127, -85, 28, -28, -31, 68, 111, -128, 0, 98, 16, 48, -106, -74, 83, 1, 121, -72, 30, 84, 82, 51, -125, 60, 103, -58, 28, -59, 44, -19, 10, -114, 104, 112, 99, 11, 36, 6, 108, -97, 48, 59, 66, 43, -93, -1, 59, -127, -47, -4, 127, 37, -80, 80, -5, 15, -12, 36, -48, -77, 97, 97, 82, 74, -38, -47, -47, -32, 42, 10, -24, 95, 109, 117, 112, -78, 86, 23, 16, 8, -101, 32, 13, -86, -109, -128, -55, 89, 125, 53, -88, 70, -78, -123, -126, 64, 85, -59, -3, -118, -127, -96, -14, 10, -24, -31, -101, 123, 110, -58, -39, -49, 12, 103, 72, -126, -6, -73, 33, -127, -123, -85, 21, 88, -126, -123, 59, -128, -38, 73, -115, -64, 26, 5, 88, 34, -33, 80, 78, -28, -26, 0, -26, 101, 101, 110, 96, 82, 117, -109, -109, -109, 97, -120, -31, 90, 23, 17, 17, 119, -93, 49, -122, -81, -75, 85, -103, 127, 26, -61, -53, 42, -96, -121, 19, -5, -8, -128, -98, 4, -90, 8, 96, 123, -38, 97, 26, -80, 65, -46, 8, -116, 115, 126, 75, 126, 96, 18, 105, -28, 7, -90, 117, -114, 24, -128, 0, 98, 8, 3, 22, 51, 102, 108, -48, 98, 73, 31, -100, -92, -59, -59, 87, -104, 74, -127, 60, -20, 106, 38, 29, 13, -12, 4, -40, -61, -64, -14, -10, 39, 40, 29, -128, -68, -23, -75, 18, 82, -86, 3, 11, 45, -96, 23, -127, 13, 107, 80, -125, 82, 61, 12, -104, -109, 65, -67, 41, 117, -127, 104, 112, -94, 86, -111, -114, 62, 29, 54, 85, 9, -44, -122, 86, 81, 1, -107, -49, -32, 110, 3, 43, -88, 73, 105, 11, 44, -80, -128, -34, -123, -108, 88, 123, 124, 24, -30, 102, -82, -117, 11, 90, 7, -11, -17, 49, 22, -27, -27, 113, 1, 51, -67, -107, -17, 0, -3, 11, 76, -123, 28, 92, -64, -62, 53, -58, 123, 26, 119, 12, 23, -80, 20, -26, 80, 6, 118, -125, 66, -36, 67, -90, -60, 40, -57, -124, -72, -5, -35, -72, 17, -29, -73, 110, 38, 23, -1, 52, 31, -66, -86, 114, 96, -66, 77, -86, 2, 38, 102, -82, -60, 105, -4, -4, 14, -45, 98, -90, 37, 0, -85, -87, 105, -64, 106, -68, 81, 57, 81, -71, 17, 88, 35, 39, 58, -59, 0, 4, 16, 67, 88, -104, -74, -99, 58, -56, -61, -122, 39, -128, -60, 34, 72, 30, -98, -52, -84, 2, -14, 48, -89, -93, 118, -76, -110, -76, 52, -72, -86, 82, 114, 116, 4, 9, -79, 25, -126, 8, 104, 33, -9, 95, -44, 12, 88, -25, 70, 3, -21, 98, 59, 32, 41, 21, 38, 16, 109, 12, -84, -108, -127, 49, -82, 46, 5, 110, 77, -86, -97, -42, 61, -67, 69, 123, -86, 20, -40, -89, -85, -127, 49, -36, -37, 11, -12, 109, 122, 108, 115, -84, -50, 126, -99, 64, 29, 88, 14, 102, -104, -71, 110, 74, -100, 95, 76, 3, -72, 31, 8, 108, -33, 59, -8, -59, -83, 115, -118, 1, -26, 95, 80, -90, 3, 22, -65, -4, 64, -25, 122, 3, 83, 107, 34, 48, -122, 111, -60, 0, 61, -52, 37, -20, 110, -51, 1, 108, 81, 86, 68, -68, 4, 38, 89, -96, 106, -82, 114, 7, 111, -65, -48, -58, -124, 27, 14, 125, 73, -64, -60, 60, -115, 123, 10, -1, -115, -60, 68, 110, 111, -2, 70, 7, -121, 24, 7, 80, 107, 12, -28, -31, -60, 68, 111, 31, 14, -128, 0, 98, 16, 80, 87, -73, 83, 42, 19, -99, 60, 89, -74, 125, -78, -88, -8, -71, 92, 113, -15, -55, -109, -59, 115, -91, -44, 77, 68, -59, 39, -101, -104, 73, 1, -85, 83, -23, 92, 113, 81, 113, 102, 37, 37, -57, 14, 81, 113, 113, -81, -99, -109, -127, 9, -64, 107, 50, 8, -20, 106, 95, 101, 6, -12, -86, 29, -80, -75, 13, -12, -76, -128, 49, -80, -31, 45, 0, 110, -122, -128, 58, 86, -64, 98, 75, 91, 73, -67, 77, -9, -12, 84, 80, 43, 122, 42, 4, -40, -126, 42, 36, 85, 80, -126, -122, 100, 96, -112, -113, -9, -124, 3, -37, -108, 12, -83, -45, 26, -64, 29, 95, -96, 127, -71, -4, -110, -42, -59, 40, 39, -58, 0, -3, -85, -100, -24, 22, 3, -116, -103, 105, -119, 28, -34, -4, 14, -36, 14, -96, 90, -121, -61, -31, 6, 87, -7, 75, -9, -118, 105, -119, -54, 14, -53, -35, -105, 3, 107, 91, 63, -65, -42, 27, -64, -60, -20, 39, 6, -116, -1, 105, 12, -10, -27, 9, -54, 49, -53, -85, -128, -59, 87, 12, 3, -9, -115, 70, 46, 110, 110, -96, -121, 29, 56, -68, -127, 101, 65, -94, 55, 55, -125, 19, 64, 0, 49, 0, -69, 115, -38, 82, -52, 74, -52, -90, -52, -64, -2, -100, 10, -92, 67, -57, 12, -18, -30, 56, -102, 1, -45, 39, -80, 105, 105, -84, 4, -22, 41, 75, 43, -103, 73, -103, 65, 100, 33, -93, 5, -90, 64, 100, 106, -86, 36, 29, 6, 44, -88, -91, -127, 45, 13, 32, -110, -42, 6, -7, 24, -36, -107, 4, -27, -31, -11, -64, -28, -34, 38, -80, 101, -86, 74, 13, 48, -126, 65, -3, 96, -59, 94, 80, -81, 1, 24, -55, 90, -118, -64, -24, -123, 38, -24, -101, 12, 113, -64, 46, -125, 50, 52, 61, -77, 52, 112, -83, -117, -77, 7, 58, 14, -20, -35, 68, 110, 7, -53, 117, -21, 18, 57, 18, -71, -72, -128, 5, 18, 48, -127, 123, 3, 61, -52, -59, 101, 25, 23, 81, -111, 8, -52, -88, -83, -18, 65, -64, -30, -73, 117, 121, -112, 50, 48, -23, -50, 20, -66, -111, -64, -59, -63, 16, 7, 108, 57, 79, 75, 58, -94, -52, -59, -63, 29, -25, -60, -59, -17, 84, 57, 29, -104, -68, -89, -71, 113, 43, 55, 2, 69, -100, -30, -72, 1, 2, -120, -63, 14, 88, 104, -87, -25, -118, -118, 122, 1, 35, 14, -36, -21, 49, 115, -124, 52, -127, 85, -104, -107, -116, 93, 57, 55, -88, 103, -6, -118, -125, 122, -52, -96, -18, -94, 10, -72, 51, 32, 107, 99, 104, -106, 43, 62, 89, 22, -40, -91, 4, -6, 89, 41, 12, 24, -65, -22, -38, 118, -47, 97, 118, -64, -114, -122, 54, -80, -45, 97, 108, 7, -118, 96, -96, -121, -19, -116, -41, 3, -29, 120, 67, -99, -81, -25, 106, 80, -81, 80, 117, 106, -81, 42, -56, -69, -127, -79, -84, 90, -121, -114, 31, 127, 7, -19, 52, -124, -57, -7, -51, 108, -27, -128, 12, 110, 0, -3, 123, 99, -90, -113, -113, 114, -125, -91, 50, -80, -124, 118, 72, -28, 80, -74, -116, 89, -57, -97, 8, 108, 84, 112, -127, -30, -7, -122, -61, 52, -96, -105, -71, 110, -16, 79, -109, 17, 6, -6, 94, 121, 93, 72, 16, 80, 102, 57, 95, -112, 67, 35, 87, 76, -100, -80, 67, -7, -115, 105, 78, -21, -8, -53, 29, -90, -59, 49, 114, -35, -32, -16, -74, -73, -25, -30, -9, -109, -85, -102, -42, -56, -49, 17, -18, 4, 108, 113, 115, 115, -81, -117, -13, 6, 8, 32, 112, -110, 6, -43, 55, -64, 114, 72, 92, 106, -107, -95, -85, 33, 48, 98, 127, 26, -70, -2, 84, -110, 114, 52, 3, -74, -99, 125, 65, -107, -110, -84, -21, 31, 51, -19, -89, -82, 64, 18, -40, 86, 4, 21, -28, -52, -64, -54, -55, -53, 70, -106, -7, -89, -85, 33, 80, 109, -58, 83, 78, -50, 12, -50, 12, 1, -50, -62, 127, -58, -64, 62, 70, 33, 39, -80, 95, 37, 101, -30, -102, 97, -30, -22, -70, -56, -16, 80, 33, -80, 62, 63, -60, 57, 117, -11, 106, -41, 67, 103, 65, 37, -12, -95, -77, 103, -75, 88, -127, 109, -74, -29, -48, 18, 107, 102, 92, 28, -61, -76, 6, -104, 127, -7, -41, 49, -8, -60, 56, -36, 104, 4, 85, 72, -119, 28, 64, -73, 78, -71, 97, 25, -29, -28, 0, 106, 58, 78, 115, 80, -114, -103, -58, 5, 44, -56, -128, -43, -114, 117, 16, -88, 121, -63, 109, -3, 50, -15, -58, -115, -27, -53, -7, -90, 53, 114, 77, 91, 39, -20, -112, 0, -12, -44, 76, 126, -2, -60, 105, 51, 119, -36, -72, -63, -31, 80, -75, 20, -40, -91, 96, 12, 7, -10, 33, -89, 5, 48, 0, 21, 78, -29, -114, 11, -25, 2, 8, 32, -122, 48, 96, -115, -23, 40, 14, -10, -16, -28, 63, -96, -2, -128, -90, -39, 89, 16, -107, 43, -19, -88, 4, -22, 83, -92, -128, -117, 49, -55, -97, 25, 32, -63, 93, 82, 42, -52, 60, -32, 114, 28, -46, 62, 1, -78, 65, -120, 7, 92, -117, 3, -69, 82, -101, 117, 33, 109, 50, 96, 94, 16, -3, 47, -102, -5, -1, 63, -80, -123, 122, 8, -46, -81, -22, 5, 117, 63, -118, 92, 89, -63, -44, 33, -112, -121, -127, 25, -8, 106, -16, -51, -103, 64, 15, -57, -80, -64, -3, 59, 37, -82, -113, 59, -47, 59, 49, 17, -24, 59, 96, 79, 7, -40, 64, -30, 46, -73, 4, 38, 108, 80, 39, 0, -40, 8, -119, 1, -10, -13, -128, -83, -91, 114, -27, -23, 65, -64, 6, 24, 87, 76, -24, -53, 105, 55, 26, -3, -106, -65, 4, 118, 22, 19, -99, -106, 3, 99, -40, -63, -55, -113, -117, 63, 49, 113, 97, -97, 50, 87, -116, -73, 85, 5, 23, -65, 3, -33, 76, 110, -27, 99, 110, 22, 47, 99, -72, -8, -67, -99, -6, 22, -34, 0, 8, 32, -122, 104, 96, -91, 2, -22, 20, 2, 11, 106, 113, 96, -121, 9, -40, -104, 114, 5, -14, 54, 3, 91, -115, 42, -58, 127, -128, -66, -8, 83, 7, 17, -52, 4, -9, -104, 76, -44, -107, -2, 0, -21, 35, 19, -96, 18, 125, -120, 79, -127, 104, 37, 27, 88, 67, 94, -38, -1, -68, 48, 32, 5, -12, 56, -80, -78, -30, -7, -97, 6, 86, 36, 9, 44, -42, 15, 3, -67, -9, 7, -84, 127, -13, 108, 48, -11, 11, -22, -31, -32, 61, 11, -127, 9, 26, -46, 29, 4, 22, 88, 13, 9, 83, 24, 102, -122, 39, 2, -109, 50, -121, -9, 52, 96, -103, 12, -84, 61, -89, -59, 0, 107, -41, 24, 80, -110, 118, -32, 78, 4, -106, 91, -64, 14, 46, 48, -82, 28, 94, 2, -37, -108, -64, 26, -23, 101, 16, 80, 21, -125, 95, -110, 3, -65, 67, 12, -9, -52, 68, 96, -110, -98, 18, 7, -12, -16, 52, 110, 123, -27, 27, 28, 28, -21, 94, 38, -106, 79, 91, 42, -40, 23, 99, 25, 83, -47, -54, 113, -125, 63, -122, 33, -55, 77, 25, 32, -128, 24, -94, -91, 33, 73, 26, -28, -31, 14, 96, 76, 21, 115, -82, 5, -14, -46, 64, 125, -94, 48, 41, 96, -110, -106, -14, 5, 123, -118, -45, 23, 44, -24, 106, 44, 5, 106, -116, 65, 53, -80, -79, -127, 41, 30, 32, -26, -124, 116, -97, -128, 30, -82, 3, 82, 118, -46, -46, -109, -64, -22, -1, -1, -33, 4, -12, 48, -80, -69, 45, 122, 8, -52, 63, 126, 22, 76, -51, 1, 123, -8, -22, -43, -32, 61, 110, -21, -42, 113, 39, -64, -122, 115, -114, 77, 9, 15, -9, -15, 118, 72, -28, -98, 2, -12, 48, -105, 37, 87, -85, -101, 3, -121, 3, -1, 13, -121, -104, 68, 80, 125, -20, 52, 109, 26, -73, 50, 48, -98, -89, 1, -117, -85, -23, -45, 29, -128, 125, -58, 24, -66, -27, 92, 92, 55, -42, 49, -52, -100, -42, -104, -56, -51, 61, -45, 1, -40, -30, 118, 2, -110, -45, -100, 22, 38, 57, 112, -59, 76, -101, 25, -60, -59, 31, 99, 97, -79, -36, -5, -40, -76, 42, 123, 96, 109, -50, 49, 51, -128, -101, 11, 32, -128, 24, -92, -51, -52, 64, -23, 15, -20, 97, -77, 46, 80, -54, 4, -43, -59, -59, -66, 117, 38, -58, 118, -46, 64, -121, -126, 98, 31, -24, 97, 87, -96, 55, -128, -59, -105, -119, 58, -72, -127, -87, 36, 14, -15, 48, 34, 73, 27, 66, 60, 12, -52, -61, -66, 64, 10, -40, -57, 114, -123, 86, -43, -69, 12, -63, 106, 68, -127, -108, -24, 47, 81, 15, -96, 79, 55, -3, -102, -77, 43, 30, -24, 105, 29, -96, 127, -89, 76, -103, -30, -44, -40, 0, -21, -1, 38, 78, -31, -26, -32, 112, -16, -26, 14, 119, -118, -119, -31, 74, -72, -31, -28, -60, -19, 29, 3, -20, -69, 123, 115, -57, 76, -101, -90, 60, -51, 105, 90, 12, 55, -80, 29, -31, 61, 13, 88, -98, 77, -97, -82, 124, -93, -79, -36, -25, 101, 28, 48, 111, 51, -8, 77, 73, 4, 22, 108, 83, -42, -127, 60, -52, -67, 78, -103, 63, -111, -61, -55, 126, -102, 3, 71, 12, -125, 88, -94, -14, 52, 62, 97, -5, -60, 99, -54, 59, 2, -72, 29, -8, 57, -20, 3, 56, 26, 1, 2, 8, 84, 74, 75, -87, -13, -128, -35, -17, 33, 43, -86, 9, -12, -115, -95, 56, -60, -117, -46, -58, 82, 80, 15, -89, 64, 98, 24, 24, -117, -100, 118, 82, 42, 64, -106, -108, 40, -36, -89, 60, -112, 24, -74, -127, 120, 88, 5, -88, 3, -28, -17, -45, -58, 107, -95, 30, 6, -75, 84, -128, -14, -57, 15, -127, 59, -108, -96, 24, -2, 54, -25, -65, -24, 57, -96, -56, 85, 17, -10, -123, 64, -1, 42, -77, 64, 91, -48, 13, -54, 110, 78, -64, 90, 115, -102, -101, 15, 55, 104, -108, -61, -110, -37, -115, 63, -111, 27, -40, -50, -32, -32, -32, -26, 6, 86, -54, -34, 28, -45, -72, -71, -127, -83, 97, 96, 90, 87, 86, -10, -77, 7, -10, -111, -7, 103, 6, -59, 1, 99, 123, 93, -85, -109, 114, -93, -125, -33, -14, 117, -119, -4, -54, -64, 36, -19, 0, 108, -107, 57, -75, 58, 57, 112, 112, -5, 85, 56, 57, 36, -38, -17, 96, 80, -74, -28, 10, -27, -29, 72, 44, -9, 14, 88, -56, 113, 3, 32, -128, 24, -116, -127, 62, -106, 6, -106, 45, 45, -64, 18, 6, -24, 54, -96, 103, 13, -21, -63, -44, 90, 41, 117, 37, 96, -6, 51, -124, -8, -115, 19, -104, -121, -127, -84, -116, 48, 99, 80, 26, 47, -125, 8, -126, -110, -76, 56, 36, 15, 27, 66, 122, 19, -64, -26, 118, 26, 48, -55, 106, 27, -37, 77, 0, 38, -106, 93, 64, 15, -97, 51, 4, 23, -120, -96, 60, -84, 57, -15, -1, 47, 19, -80, 49, -65, 22, 0, 99, -8, -22, 85, 118, 55, 55, 39, 7, -16, -8, 51, 40, 126, -53, 23, 46, 116, 114, -117, -71, -29, 22, -64, -64, -63, 49, -115, 107, 26, 71, 0, -57, 49, 101, -96, -121, 29, -128, -79, -50, -63, -111, 120, 7, -24, 97, 39, 14, 7, 101, 111, 96, -63, -59, -91, 60, 101, 29, -80, -52, -70, 17, 3, 108, 99, -35, -72, -79, -82, 117, 10, 80, -7, -14, -23, 83, -128, 37, 26, -80, 39, -111, -56, 31, -61, 61, -59, 47, -122, -53, 105, 74, -100, 48, -48, -61, 12, -116, 1, 14, -106, -54, -95, -35, -36, -64, -104, 7, -90, -100, 27, 0, 1, -60, -96, -82, 109, -84, 45, -75, -42, 3, -44, 123, 88, -92, -78, 66, -14, -65, 100, 46, -77, 44, -48, -27, 105, 103, 65, -35, -58, 92, 73, 112, 47, 16, -24, 33, -41, 69, -64, -78, 102, -94, -89, -74, -108, -74, -35, -92, 52, 112, 41, 13, 74, -46, -78, -110, -96, -128, 98, -125, 120, 120, 37, 80, -112, 25, -88, 83, -14, 127, -90, -79, -70, 54, -88, 58, 3, 53, -49, 101, 33, 30, -10, 101, 61, 7, 12, 8, 113, 22, 83, 35, 32, -75, -23, 0, -48, -61, -101, 116, -82, 114, 76, 1, 38, 70, 88, -4, 2, 99, 116, 10, -125, 27, -9, -70, -27, -10, 83, -72, -67, -127, 61, 66, -122, 36, -82, 24, 110, 110, 111, 96, -126, -26, 112, 114, -118, -103, -26, 29, -61, 17, 51, 37, -58, 33, 49, -122, 27, -108, -121, -89, -52, 4, -75, 76, 18, 25, -42, 113, 41, 55, -82, 91, -66, -114, -29, 70, 12, 3, -48, -37, -64, -36, -18, -28, -25, 13, -14, -16, -14, 24, 101, 39, -18, 117, 64, 15, -57, -124, 31, -23, -66, -109, -112, -56, -56, -25, 4, -20, 40, -122, 115, -60, 40, 3, 4, 16, 3, -88, -65, 3, -20, -87, -125, -122, -51, -103, 65, 67, -116, -52, -48, -74, -106, -108, 10, -48, -61, 74, 42, -32, 121, 8, 71, 102, 21, -48, 72, -115, 35, -80, -85, 32, 37, 13, -52, 2, -64, 22, 8, 51, 104, -60, 25, -44, -35, 5, -87, -123, -76, -49, 76, 77, 33, -51, 48, 51, 96, -1, -40, 88, 90, 125, -126, 25, -104, -73, -97, 25, -36, 42, 91, -52, 90, -69, 120, 63, 16, 104, -127, 73, 32, -83, 117, 96, -103, 50, 55, -61, 20, 101, 22, 104, -4, 54, -60, 48, -84, -13, 91, 62, -59, -17, -27, 116, 63, -18, -23, 47, 19, 18, -107, -7, 24, 44, -59, 66, 57, -18, 76, -29, -16, 113, 90, -24, -60, -31, 29, 19, -61, -63, 61, 37, 102, 90, 98, -116, -45, 52, 96, -123, 53, 37, 14, -104, -107, -71, 18, -89, 76, 81, 118, -32, 90, -72, 60, -50, 73, -103, -125, 97, -90, 19, -56, -61, -36, 126, 49, -64, 14, -93, -109, 31, 7, -41, 20, -18, 41, -45, -71, -107, -67, -99, 2, -20, -67, 27, 57, -20, -19, -71, 27, -7, 29, 124, -100, -68, -71, 0, 2, -120, 1, -36, -105, 51, 3, 15, -89, 58, 2, -99, 111, 6, -101, 100, 2, -115, 85, 3, 125, -19, -8, 103, 37, -101, -95, 25, -56, -77, 42, -64, 64, 0, 118, 119, -115, -75, -91, 65, -109, 71, 64, 21, -90, 102, 74, 51, 86, -78, -39, -64, 26, -103, 64, 1, 32, 1, -14, -75, -118, -108, -108, -15, 70, 117, 105, 37, -57, -3, 96, 15, -125, 96, 3, -13, 98, -59, 26, -59, -59, -118, -118, 96, -1, -78, -20, 103, 1, 121, -8, -114, -101, 91, 34, -92, -124, 110, 56, -42, 16, 19, 23, 30, -80, 99, -90, -107, -96, 5, -93, 91, 82, -88, -14, -115, -60, 24, 70, -17, 105, 33, 18, 110, -34, -34, -36, 1, 62, 110, 110, -96, 84, -51, -63, 13, -12, 120, 12, -73, 15, 48, -107, 59, 56, -51, -116, 1, 82, -45, -100, -128, 93, 102, 101, -89, 36, 6, 110, 96, -40, -7, 1, -45, 43, 48, -2, 103, 122, -13, 79, -29, -26, -104, -55, 125, 3, 88, 30, 6, 113, 115, 121, 115, -124, -9, 1, 59, 30, 12, 1, 110, -115, 14, -36, 11, 103, 114, 56, 0, 4, 16, -125, 58, -88, -51, 8, 42, 102, -127, 17, -7, 83, 5, -38, 88, 94, -75, -54, 17, 52, -32, -72, 8, -40, -122, 6, 101, 78, 21, 41, 51, -96, 20, -56, -97, 25, -64, -82, 21, 72, 49, -80, -15, -55, 6, 41, -112, 86, -82, -38, 11, 10, -93, -97, -32, -120, -116, -126, -76, -79, -127, 125, -28, -80, -11, -46, -67, 64, -45, -10, 3, -125, 17, -26, 101, -96, 79, -31, -47, 11, 4, 7, -82, 114, -72, -59, 112, -79, -128, 6, -20, -128, 61, 66, 126, 123, 31, -97, 29, 73, 86, 71, -124, -28, -61, -61, -123, -7, 111, -124, 46, 12, -33, -63, 49, 51, 84, 102, 97, -116, -73, 79, -97, -113, -101, 15, -40, -65, 110, 62, 64, 15, 59, 1, 27, 18, 14, 14, -31, 1, 28, 28, -64, -20, -20, -28, 6, 108, -111, 57, -11, 57, -59, 0, 99, -40, 111, -95, 15, -80, -19, 61, 37, -50, 41, 1, -40, -111, 108, -99, 2, -116, 97, 110, 63, -17, 27, 119, -72, 103, 90, 113, -36, -72, -29, 51, -45, -115, 43, 60, -50, 41, -128, 67, 25, 32, -128, 24, -92, 65, 62, 6, -26, 43, 77, -57, 92, 80, 19, 106, 21, -48, -55, 94, -64, -14, -90, -59, -48, -79, 29, -52, 7, 123, 24, 36, -91, -65, 86, 26, -104, -91, -1, 103, 74, -125, 20, -85, -88, 72, 1, -87, 52, 87, 112, 19, 43, -41, -84, 12, 72, -118, 3, 27, -41, 96, 31, 3, 35, 95, 93, 93, 123, 11, 48, -81, -44, -128, -58, 43, 23, 59, 46, 6, -7, 25, 2, 22, 67, 60, 11, -12, 46, 48, 69, 115, 36, 42, 39, 64, -69, 72, -106, 51, -61, -71, -19, -109, 2, -114, 88, 88, -16, 49, -12, 57, -80, 112, -121, -9, 85, 89, 37, -50, -12, 73, 114, -14, -10, 102, 72, 98, -16, -15, 1, -26, 99, 110, 39, 55, -97, -123, 28, 64, -1, 115, 56, 76, 75, 116, -101, -55, -51, 1, -84, -95, -100, -62, -89, 121, 59, 112, 4, 56, 1, 11, -16, -103, 126, -64, -98, -63, 52, -89, 41, 51, -41, 41, 115, 76, -31, 88, 30, -89, 60, -123, 59, -58, -34, -119, -21, 14, 55, 67, 18, 48, 104, -72, -61, -35, 28, -128, 6, 36, -71, 113, 1, 4, 16, -125, -70, -76, -74, -74, 18, -80, -32, -11, 48, 4, -105, -44, 108, -64, -24, -102, -4, -65, -91, -27, -65, -8, 79, 72, 9, 12, -84, 111, 86, -54, -126, 91, 11, 60, -82, 96, -54, 19, -88, -72, 88, 10, 60, 14, -30, 107, 3, 30, 7, -48, 100, 6, 107, -99, 12, -52, -66, -52, -90, -112, 73, -41, -11, -22, -58, 91, -44, -89, -82, -106, -86, -83, 5, 77, 51, -128, 38, 26, -10, 59, 2, -67, 11, -12, -87, -94, -106, -106, -50, -78, 3, 64, -56, -59, 126, 71, -103, -85, 33, -54, 20, -44, 69, 98, -31, 8, -25, -16, -31, 11, -56, 17, 20, 4, 54, 125, -35, -54, -107, 99, 26, -85, 4, -35, -68, -29, 22, -38, 59, 121, 115, -52, -76, 7, -74, 70, -72, -71, -35, -72, -99, 22, -122, -5, 112, 76, -13, 73, -30, 118, -16, 118, 0, 122, -50, 41, -47, 59, -58, 109, -31, 52, -114, 68, 110, -5, -123, 64, -127, -103, 125, 78, 62, -36, 49, 78, 12, 83, 94, -74, 78, 89, -25, -44, 58, 115, -38, 58, 39, -114, 0, 55, 80, -91, 110, -59, -19, -19, -51, -63, -32, -29, -19, -19, -19, -42, -73, -48, 1, 32, -128, 24, 64, 115, 98, 74, -96, 84, -38, 14, 46, 120, 119, 1, -45, -96, -8, 127, 73, -51, -36, 50, 67, 112, 5, 2, 106, 48, -80, 65, -104, -101, 61, 65, 117, 109, -99, 39, -88, -110, 2, -26, 102, 80, 5, 12, -87, 99, -1, 3, -21, -102, -76, -106, -1, 105, 64, -113, -86, 48, 71, 65, -26, 11, -73, -88, 111, 60, -67, 126, -29, -6, 9, 19, 122, 107, 33, 115, 43, 64, -96, -91, 8, 68, -118, -118, -53, -128, -32, -22, 50, 29, 118, 14, 7, -121, 4, 104, -97, -97, -53, -51, -37, 45, -55, -34, 74, 76, -116, -47, -98, 59, -79, 49, -127, 35, -111, 63, 105, -121, -125, 83, 82, 64, -97, 19, -80, -48, 9, 96, 8, 119, -29, -10, -103, -55, -32, -74, 48, 124, 97, -52, 52, 80, 12, 123, 59, -72, 1, 67, -63, -37, 59, -122, 123, 33, -80, -95, -62, 97, -27, 4, -84, 121, 25, -6, -128, 37, 2, -121, 83, -72, 15, -93, -97, -37, -70, 41, -21, -90, 76, -13, -103, -62, 17, -25, 3, -52, -44, -64, -116, 0, 76, 31, 51, 25, 56, 98, 56, 124, -110, 102, 114, 3, 4, 16, 40, 15, 75, -127, 61, -52, 6, -23, 49, 1, 61, 108, 8, -116, -57, -106, 14, -96, 103, -46, 68, -59, 115, -95, 30, 78, 19, 21, -51, 4, -74, 63, 120, -76, -75, -75, -63, -115, 18, 105, -48, 108, 5, 15, 39, -72, 58, -2, 15, 74, -39, -30, -94, -94, -96, 114, 15, 84, 106, -127, 40, -87, -45, -38, 91, 78, -97, 62, -67, 5, -40, -21, 7, 117, -122, 107, 20, 33, -98, 101, 93, -90, 3, -14, -81, -114, -50, 85, 118, 96, -102, -28, -121, 84, -63, 44, -57, 124, 98, -128, 17, 25, 16, 122, 68, 12, 24, 89, 92, -106, -4, 78, -54, -4, 49, 110, -54, 110, 12, -31, -116, 62, -45, -36, -20, -19, 103, -6, 44, -28, 14, -33, -63, -25, -26, -29, -29, -26, 20, -29, 22, 7, 76, -65, -34, 110, 113, -64, 42, 123, 26, 48, 66, 57, -128, -15, 109, -59, 13, 42, -53, -20, 25, 124, -128, -75, -46, 66, 55, 43, -66, -123, 62, 110, -31, 51, -99, 124, 24, -90, -16, -75, 2, -53, 118, -73, -123, -64, 24, -114, 9, 7, 86, 73, -36, 12, 86, -10, 78, 0, 1, 4, -52, -61, -46, 82, -96, 2, -56, 102, 37, 56, -74, 114, -127, -43, 79, 89, 110, -117, -28, 127, 77, 72, -20, -63, 98, 24, -44, 58, -20, -126, 55, -81, 92, -91, -91, 64, 35, -99, -96, 68, 14, -118, 97, 89, 72, -1, -119, 25, 92, -42, -101, -102, -126, -121, -70, 87, 11, 108, -71, -34, 118, -67, 109, -29, -6, -43, 83, 39, -80, -10, 2, -95, 34, 43, 40, 118, 85, 117, -64, 0, -40, -24, -16, 118, 80, 62, 6, -118, 96, 83, 96, 4, 3, -77, 38, -61, -52, 29, -64, 8, 102, -120, 81, -74, 100, 113, -32, -26, -30, -70, 3, -52, -68, 62, 51, -7, -62, -67, 25, -8, -84, -20, -61, -35, -100, 2, -124, -7, -100, 124, -62, -127, 13, 21, 39, 6, -18, 24, -73, 24, 39, 96, -54, 7, -42, -52, -36, -31, -36, -64, -8, -18, 3, -6, -56, 41, -36, 62, -96, -113, -61, 27, 88, -112, -121, -121, 47, 12, 119, 10, 15, 8, -104, 57, -45, -89, 53, -50, 9, 88, -105, -123, 115, 123, 115, -60, -8, -52, -28, -114, -31, 96, -80, -97, -23, 4, 16, 64, 12, 2, -58, 82, 74, -114, 64, 87, -73, 27, -126, -13, 35, 27, 56, 73, 107, 106, -2, 111, -111, 5, -73, -108, -22, -95, 30, 6, -74, 76, 114, 93, -63, 84, 23, -48, -89, -59, -105, -91, 64, -67, 3, -113, 14, -120, -121, -127, 109, 110, -96, 14, 77, 71, -16, -20, 57, 104, -20, 4, 52, 120, 114, 122, -53, -23, -21, -41, -101, -38, 54, -82, 6, -7, 24, 58, 67, -86, -72, -116, 21, -24, 91, 17, -96, 127, -9, 0, 27, 77, -96, 70, 52, 40, 3, -105, 79, 3, -42, 42, 51, -83, -124, 67, 115, 2, 56, -68, 29, -114, 29, 115, -101, 118, -29, 6, -80, 89, -31, -26, -61, -64, -57, -64, 17, 0, -12, 48, -125, -49, 66, 43, -125, 29, -96, -59, 1, 11, 125, 124, -128, 41, -108, 27, 24, 109, 78, -64, -20, 11, -52, -77, -64, 24, 118, -120, -29, 78, 76, 116, 10, 79, -14, -103, 9, -52, -22, 62, 62, 11, 19, -35, 24, 124, -6, -20, -29, 2, 2, -62, -41, 113, 3, -117, -70, 117, 51, -127, 77, -112, 41, 113, 113, -36, 28, -36, -64, 84, -28, 6, 16, 64, 12, -64, -22, -46, -111, 25, -40, -76, -3, -65, 10, 52, 12, -39, 2, -86, 94, -50, -127, -70, -66, -19, -52, 43, 64, 124, 89, 27, 80, 65, 6, -22, -2, -90, -3, 116, 4, -75, -57, 68, 87, 1, -101, 87, -1, 93, -107, -92, 64, -99, 103, 72, -66, -1, 15, 30, -104, -105, 60, -25, 8, -103, -1, 6, 102, 99, 80, -13, 69, -23, -12, -58, -74, 38, -96, -113, 109, 87, -85, -82, 102, -99, 10, -11, 46, 48, 73, -125, -30, 87, 36, 24, -28, -31, 99, -112, 28, 124, 12, -40, -60, -9, 97, -80, -49, 9, -19, -74, -14, -31, 72, -116, -31, 87, -98, 9, 44, -51, -128, 125, 6, 96, 65, -59, 104, -59, 109, 111, 101, -43, 55, -109, -63, -121, 79, 44, 39, 0, 52, 95, -18, -29, -61, -80, -48, -55, -101, -37, 41, 124, 33, 48, -122, -71, -67, -71, -89, 113, 39, 78, -117, 115, -102, 6, -12, -80, 85, 56, -80, 9, 14, -52, -21, 78, -54, 11, 125, -128, -47, 29, -57, 16, 23, -18, -57, -51, 13, 108, 96, -58, 77, 113, 114, 90, -73, -100, 15, 88, 77, -59, -15, 45, 95, 8, 16, 64, -96, 21, 0, -64, 84, -52, 44, 107, -61, 108, 106, 99, 99, 3, 106, 55, -104, -126, 88, 13, -90, 81, -90, 51, 64, -4, -67, 54, 54, 63, 29, 29, 127, -38, -40, -128, -78, -26, 79, 67, 89, 80, -21, 75, -42, 117, -83, -108, -110, -110, -103, -84, -31, 79, 67, 16, 50, 100, 102, -34, 107, 104, -77, -54, 17, -78, 36, 6, 28, -57, 32, -59, 83, -81, 111, -71, -66, -92, -87, 9, 24, -59, -86, 96, -1, -126, -42, 115, 0, 35, 120, 25, 104, 53, 7, 48, 69, -125, 27, -107, -96, 8, 6, -10, -23, -99, 2, -30, 118, 84, 85, 49, 6, 56, 57, 56, 36, 122, 59, -71, -127, -58, -85, 28, -18, 112, 59, -59, -12, -15, -123, 39, 89, -11, -11, -59, -123, -5, 36, 49, -14, -39, 47, 92, 24, -50, 0, 76, -25, 110, -34, -36, 110, 110, -64, -124, -21, 13, -116, 97, 14, 14, -89, 59, -45, 2, 124, -128, 61, -32, -123, 125, -64, -78, -119, 27, -104, 115, -99, -108, -127, -87, 26, -104, -8, -127, 61, -21, -103, 78, 83, -100, 22, 2, 123, 21, 78, 49, 126, 65, -45, -127, 21, 89, 107, -24, -12, -103, 0, 1, -60, -96, -92, 36, -91, 2, 26, -101, -70, 100, 99, -77, 23, -124, -63, -83, 38, 20, 16, 5, 10, 5, -96, -65, 86, -127, 23, 70, -128, 23, -128, -128, -42, 70, -128, -89, 81, -64, -19, 51, -48, -100, 42, -80, -76, 2, -91, 99, 112, 115, 83, 9, 92, 114, -103, -87, -100, 110, 107, -69, -34, -76, 4, 20, -59, -86, 19, 32, 30, 102, 5, -91, 103, 29, -48, 114, 14, -10, 68, 7, 104, 4, 39, 56, 112, 113, 4, 4, -16, 9, -121, 86, -15, -51, -12, -66, 1, 108, 71, -52, -28, 0, 118, -8, -67, 23, 2, 61, -109, 56, -109, -47, 30, -24, 97, -5, -128, -16, 112, 62, 70, -66, 0, 96, 114, 102, 8, 119, -118, 91, 8, -52, -63, -31, 51, 3, -62, 99, 56, -100, -128, -51, 17, -96, 63, -20, -61, 29, -72, -35, 22, -14, 1, 43, 46, -48, 10, -111, -123, -64, 18, 27, 88, 68, 121, -121, -49, 4, -26, 98, 55, 96, 64, -68, -100, -55, 61, -51, 111, -6, 116, 96, -102, 126, 89, 33, 22, 7, 16, 64, 12, 82, 74, -32, 53, 30, -90, 43, 33, -27, -106, 13, -62, -93, -52, 80, -110, 121, -59, -28, -55, 81, 43, 65, -13, 16, 32, -1, 1, 125, -92, 34, -83, 14, 108, 117, -126, 38, 82, -63, -53, 86, 32, 77, 82, 32, 2, 77, -98, -87, 64, 103, -2, -127, 109, 74, -57, -38, -74, 45, 109, 75, -106, 44, 73, 95, 109, -101, -82, 10, 89, -30, -96, 3, -55, -63, 34, 87, -39, 19, -17, 0, 115, -80, 41, -88, -124, 110, -68, -95, 28, -98, 100, -65, 35, -89, 42, 7, -40, 44, -104, 22, -48, -105, -24, 13, 108, 76, 40, -33, 113, -29, 0, -90, -45, -103, 98, 85, 1, 64, -1, 6, -124, -49, 4, -58, 115, -128, -37, 66, -96, -121, 125, -128, 5, -103, 83, -8, -52, 62, -58, 36, 39, 96, -35, -20, -19, 100, -49, -80, -48, 62, -36, 59, -36, -57, -115, 111, -90, 3, -80, -100, -117, 91, -25, 20, 30, 55, -109, -127, -127, -101, 27, 28, 40, -36, -64, -22, 61, -121, -63, -101, -53, -66, 74, 56, 96, 26, 7, -29, 17, -79, -103, 0, 1, -60, 0, 94, -91, 37, -85, -39, 2, -52, -63, 54, 94, -109, 39, -17, 92, 33, 46, -18, 85, -49, -68, 66, -77, 101, -73, -84, 41, -13, 74, -15, -106, -6, -99, 51, -128, -115, 10, 47, -96, -108, -84, 35, -101, -88, -92, -8, 57, -107, 76, 95, -47, -51, -110, -101, -41, 42, 1, -29, 24, -108, -122, 65, -67, 11, 96, 79, 67, 9, 52, 19, 12, -98, 16, 6, -123, -117, 10, -80, -111, -27, 104, 54, -75, 105, 75, -45, -110, 37, 77, -74, 64, 15, -85, -86, -78, -22, -80, -126, 6, -33, -127, 57, 24, 88, 102, -35, 73, -100, 102, 9, -87, -110, 44, -71, 26, -99, -20, -7, -8, -70, -85, -70, -127, 62, 81, -10, -26, 19, 98, -16, 6, -74, 20, 19, 29, 74, 92, -108, -71, 22, 6, 88, -124, 50, 0, 61, 28, -25, 19, -105, 20, 103, 111, -65, 16, 88, 19, -5, -124, -13, 45, -100, -26, -76, 112, 38, 31, -29, 76, 96, -124, 2, -53, 105, 96, 17, -58, -32, -60, -17, -32, -19, -99, -108, 84, 126, 44, 113, -38, 20, 6, 7, -27, 56, 6, 96, 79, -126, -61, 13, -104, -109, 23, 122, -57, 43, -16, 9, -57, 77, 107, -76, 23, 22, 3, -122, 19, -97, -32, -111, 112, -128, 0, 98, 0, -57, -120, 56, -72, -87, 4, -114, 97, 80, -7, 36, -34, 14, 106, 83, 73, -82, 98, 3, 9, 75, -54, 22, -3, -1, -65, 2, 36, -43, 14, 110, 72, -2, 20, 5, 83, -98, -46, 74, -32, 101, 76, -32, -75, 63, -22, -64, 14, 5, 40, 113, -125, -77, -80, 10, -56, -21, 74, 82, -67, 42, 19, 86, -73, -75, -127, -94, -72, -39, 54, -35, 86, -107, 85, 53, -112, 21, 18, -63, 64, -1, 94, 5, 118, 114, 32, 57, -8, 88, 121, -93, -125, 83, 64, 82, 78, -107, 24, 99, 28, 71, 57, -65, 67, 34, -29, 76, 14, 96, 3, 58, -15, 118, 118, -47, 54, 46, 39, 70, -85, -103, -64, -86, 36, 14, 24, -61, -10, 1, -10, -10, 110, 78, 113, 86, 11, -35, -62, -71, 99, 22, 114, 59, -11, -51, 4, -106, 88, -36, -54, -96, 1, 105, 46, -89, -16, -124, 99, 92, 14, 1, 73, 9, 13, -4, 92, -34, -21, -72, 44, -127, 105, 125, -26, 52, -2, 59, -64, 82, -103, -29, 121, 118, -127, -13, 14, 6, 7, 75, 6, 49, 97, -89, -60, 112, 43, 49, -31, -123, 0, 1, 4, 90, -89, 101, 6, 26, 117, -123, 38, 105, 80, 127, -1, 127, -82, 62, -72, 2, 50, -124, -12, 122, 127, -126, -86, 88, -112, -12, 46, -80, 42, 78, -56, 16, 72, -118, -99, -74, -110, -70, -74, 20, 120, -56, 94, 74, 27, -68, -74, 7, 52, -7, 13, -98, 1, 7, -118, -44, 42, 77, 104, 59, -35, -74, -15, -76, 109, 19, 40, 81, -37, -126, 60, -84, 3, -118, 99, 96, -126, -42, -47, 9, -26, -70, -31, 96, 105, 10, 30, -59, 74, -32, -65, 1, 44, 89, -7, 118, 48, 118, 3, -101, 125, -57, -54, 65, 61, 30, 96, -47, 106, 85, -46, -13, -1, 127, -42, 25, 80, -69, 2, 88, 42, -121, 7, -72, 49, 0, -45, 117, -128, 19, 55, -93, 48, -80, 86, -14, -26, 0, -10, -102, -128, 61, -25, 105, -45, 18, -107, -107, 65, 51, -95, 1, 59, -108, 45, -71, 18, 103, -38, 79, 75, 72, -32, 2, 118, 13, -127, 53, 90, 76, -100, 27, -65, -61, 29, 14, -5, -8, 95, 64, -33, 56, 3, -69, 28, 1, -62, -35, -119, -4, 28, 125, 71, 118, 112, 3, 4, 16, 40, 73, 51, -125, 60, -52, 6, 105, 108, -127, 60, -36, -95, 2, -99, 22, 7, 82, 32, 15, -127, 40, 80, -45, 4, -94, -54, 21, 50, -38, -111, 34, 109, 28, 38, -83, 29, -83, 14, 90, -28, 4, 30, 119, 7, 79, -11, -125, -67, 15, -52, -30, 19, -76, -41, 3, 107, -31, -74, -11, -23, 77, 109, 75, 120, -105, 52, -89, -85, -126, 61, -68, 12, 90, 43, 93, 45, -25, 2, 117, -109, -128, -99, -32, 70, -2, -14, 68, 55, -97, 56, 70, 43, 96, -103, -60, 81, 126, -116, -53, 91, -7, -58, 29, 14, -89, -123, -3, 89, 32, -5, 11, 20, -72, -107, -127, 13, 102, 96, 29, -60, -19, 19, 7, 44, -128, 98, 56, 24, 25, -35, 22, 2, 91, 26, 11, 23, 50, 4, 56, 37, -34, 73, 84, 118, -16, 46, 111, -28, 82, -98, -55, -57, 81, -50, -27, -19, -29, -57, 113, -125, -65, 113, -38, -108, 41, 49, 49, -45, -72, 3, 102, 54, 2, -5, -58, -3, 45, 96, 127, 124, -13, 22, 102, 20, -37, -63, -64, 93, 62, 83, -116, -113, 27, 32, -128, 24, -64, -35, 116, 113, 20, 15, -69, -126, -68, 104, 34, -22, 11, 26, -116, -107, 21, 21, -107, 5, 121, -104, 7, 18, -31, -48, 68, 15, -14, -80, -79, -76, -99, -128, 54, 16, 1, 11, 108, 96, -111, -83, -83, 13, 89, -33, 0, -12, -68, -76, -12, 84, -29, 45, -41, -127, 96, -55, -58, -102, -34, -90, -12, -90, 37, -68, -68, -51, -74, -86, -86, 58, 32, 31, 67, 106, 97, 96, 4, 39, -128, 83, 116, 57, 87, 57, -65, -45, -52, -103, 125, 124, 57, -116, 125, 62, -119, 44, 9, -119, 55, -8, 19, -127, -3, 64, -105, -119, -112, -15, -80, 2, -105, -58, 70, 101, 111, 80, 62, 93, -56, -32, -29, 4, -20, 45, -12, 5, 44, -28, 78, -68, 1, 44, -109, -7, 118, 4, 0, 59, 77, -34, 28, 78, -119, 28, 49, -34, 51, -19, -35, -90, -59, 120, -81, -117, -29, -32, 2, 10, 49, 76, 113, 0, -115, 105, -123, 115, -59, 56, 93, -44, -128, -115, -85, 49, -122, 30, -55, 9, 8, -11, -23, 19, -29, -13, 1, 8, 32, 6, -48, -104, -122, 25, -86, -121, 13, -51, -128, 73, 26, -40, -112, 114, -11, 0, -113, -92, -1, -124, -58, 48, -120, -69, 11, 18, -47, -96, 102, -91, 103, 10, -89, -99, -128, 113, -76, -82, 49, -56, -109, 82, -22, -22, 74, -32, 5, 109, -46, -58, -38, -58, -89, 79, 95, -121, -128, 9, -67, 53, -23, 77, -23, -68, 64, 31, -37, 6, 6, -126, 27, -107, 64, 31, 3, 59, 14, -115, -54, 92, -106, -32, 8, -114, -71, 97, -23, 61, -45, 39, -128, -113, 47, -121, 47, -100, -93, -68, 28, -76, -66, 33, -111, -61, -101, 35, 62, 21, -22, -46, -98, 5, -4, 119, -68, 57, 32, -43, 43, 7, -80, -85, 8, 108, 110, 112, 43, -33, 112, 0, -78, -5, -110, -62, 19, 19, -127, -71, -40, -55, 13, -40, -98, -24, 91, 8, -84, -125, -89, -60, -83, -101, 6, 44, -60, -30, 102, 58, 40, 59, 76, 89, 110, -49, 21, -13, -125, 9, 106, -54, 68, 5, -121, 36, -125, 29, 110, 71, 12, -86, -114, 48, 6, 0, 4, 16, 3, 120, 113, -111, 62, 100, 34, -127, 13, 18, -115, -122, -32, -119, -47, -1, -102, -117, 58, 64, -108, -66, 99, 61, -80, 125, 5, -14, 48, -104, -85, -71, 23, -110, -31, 121, 124, -1, -5, 27, -37, 69, 11, 8, -24, -122, -127, 98, 21, -40, 7, 1, 70, -75, -74, -74, 116, -104, -64, 117, 93, -120, 119, -37, -128, 125, -122, -38, 9, -64, 40, -26, -27, -27, -115, 5, -6, 88, 7, 28, -61, -53, 116, -128, 30, 78, -124, -92, -24, 4, -18, 4, -2, -103, 86, 62, 73, 59, -84, -8, -110, 22, -34, 56, -26, -112, -56, -107, 8, 108, 121, 112, 51, 112, 28, 60, 1, 115, -21, -103, 105, -45, 64, 93, 127, 96, 7, -111, -125, 27, -108, 121, -127, 93, 14, 101, 96, -125, -110, -61, -115, -63, 27, 24, -109, 119, -68, -71, 99, 18, 57, 102, 90, 1, -61, 34, 102, 10, -80, -27, 12, 108, 104, -76, 46, 7, 54, 39, -29, -90, -73, -34, -72, -99, 13, 53, -93, -56, -91, 59, 46, 105, 105, -50, 76, -31, -48, 110, -63, 29, 73, 0, 1, -60, 0, -98, -70, 94, 84, -58, -26, -59, -74, -14, -89, 33, 27, -37, 12, 47, 54, -74, -97, -114, 102, 63, -37, -39, -54, 22, 57, 58, -54, 122, -79, -99, 115, 116, 92, 101, -24, 85, 6, -108, -6, 105, 38, -53, -58, 86, -74, -118, -39, 107, -27, 74, -101, -107, 108, -82, -98, 60, -100, 2, 97, -58, 2, -47, 32, 31, 67, -42, 97, 106, 27, -37, 105, -121, -23, 94, -41, -123, -8, -72, 105, 106, -19, -30, -102, -38, -38, -12, -90, 88, 94, -112, -113, 33, 81, 44, 2, -12, 112, -29, 50, 101, -121, 4, 80, 55, -72, -31, 70, -29, 49, 7, -58, -92, -103, -116, 86, 124, -116, 73, 12, -4, -4, -115, 14, -34, -64, -102, 53, 17, -40, 45, -72, -15, 100, 50, -44, -75, -13, -49, -60, 0, 61, 0, -116, 88, -48, -104, -121, -109, 27, -80, -60, 2, -10, -8, -127, -79, -70, -112, 1, 52, 92, 13, 108, 110, 3, 59, -3, 51, 25, -127, -83, 16, 111, 96, 71, -40, -55, -119, 123, 74, 80, 16, 119, -52, -70, 117, -45, -105, 31, 108, -127, -57, -17, -99, -48, 110, -58, -112, 80, 43, -31, -18, 80, -125, 28, 70, -128, 0, 98, 0, -83, 78, 80, 49, -125, 78, -125, 66, -102, -3, -48, -106, -125, 35, 51, 100, 65, 44, 28, -104, -127, -121, -67, -128, 82, -64, -74, -105, -87, -93, -76, -74, -76, -79, -128, -128, -79, -128, -82, -82, -82, 29, 104, -14, 91, 91, -35, 56, 76, 0, -60, -125, -58, -80, 122, -19, 98, -57, -59, 53, 53, -85, 121, -45, -105, -16, 118, -126, 60, 28, 8, 110, 100, 1, 83, -12, 50, -121, 27, -32, 8, 102, 105, 76, 72, 112, -29, 11, -80, -17, -21, -29, 75, -118, -117, 1, 45, -87, -30, 78, -22, 3, -58, -98, -14, -115, 114, -53, 71, -101, 96, -15, 19, 15, -118, 97, 96, 65, 27, 3, -12, -91, 15, -80, 46, 2, 118, -119, -128, -34, 7, 38, -123, -16, -123, 28, 78, 113, -36, -115, -45, 124, 102, -26, 36, -59, 40, 79, -101, 50, -67, 117, 10, 7, -112, -100, -18, 20, -77, 110, -118, -40, 27, 88, 122, -50, 82, 96, 72, -116, 99, -80, -110, 11, 5, 6, 106, -88, 124, -43, 14, -128, 0, 98, 0, -83, -8, -122, -84, -30, -87, -121, 121, 20, 58, 73, 12, 25, -62, 4, 47, -91, -122, -109, 64, 90, 20, -46, 28, 99, 118, 4, 101, 88, 1, 1, -80, 39, -115, -91, -92, 83, 82, 60, -93, 117, 33, -34, 5, 123, 120, 106, 109, 13, 120, -87, 112, -17, -110, -26, -26, -50, -50, -50, -26, -40, -46, -64, 82, 96, -123, 4, -116, 101, 126, 46, 7, 72, 51, -6, 24, -65, 37, -65, -113, -3, 76, -66, -66, -66, 29, 1, -36, -64, -46, -53, -37, -101, -101, 47, -57, -115, -5, 14, 87, -93, -27, 49, -106, -83, -80, 84, -35, -29, 2, 76, -54, -36, -64, -114, 45, -57, 66, 96, 55, 49, 6, 24, -53, 64, -17, -125, -106, -85, -59, -59, -59, 112, -49, -68, 97, 9, 44, -27, -85, -6, -108, -7, -127, 94, 93, 62, 101, 26, -41, 20, 97, 97, -48, 64, -49, 43, 88, 41, 32, -71, -64, 105, -31, 29, 55, 101, -5, 89, -95, 57, -116, 51, -69, -105, 10, -121, 2, 4, 16, -56, -61, 74, 42, -32, 22, -58, 127, -61, 50, 54, 54, 67, 47, -57, -10, 93, 30, -19, -85, 28, 87, -79, -43, -25, 122, 57, 58, -106, -27, -42, -13, -4, 4, 53, 39, 126, -78, -23, -77, 25, -126, -70, 67, -96, 90, -119, 109, -91, -23, -34, -107, -6, -103, -109, -92, 11, -3, -3, -97, -6, -5, 23, 10, 104, -125, -90, -110, 54, -24, 62, 126, -5, -10, -15, 95, -80, 127, -73, 76, 80, -102, 0, -118, -31, -38, -38, 102, -34, -26, 37, 64, 31, -57, -58, 6, -126, 86, -67, 3, 115, -16, 50, 96, -111, -43, 0, 78, -47, 9, -57, 18, 103, 6, 0, 61, 108, -59, 103, -59, 109, -55, 101, -49, -111, -56, 29, 96, 5, 76, -45, -119, -4, 64, 15, 55, 108, 125, 8, 75, -43, 46, -96, 104, 5, -10, 126, 103, -58, 1, -69, -122, -64, 14, 21, -125, 15, -9, 66, -27, 99, 44, -64, 16, 82, -10, 46, 103, 97, 57, -26, 36, 108, 127, -125, -123, -53, 105, -6, 114, -89, 27, -4, -21, -124, -123, 57, -72, -90, -35, -121, -107, -49, 19, 23, 28, -29, 118, -29, 96, -120, -79, -105, 19, -82, -102, -18, -10, -46, 90, 88, 24, 32, -128, 24, 64, 107, -115, 84, 32, 83, 45, -96, 2, -21, 63, 91, 46, -88, 33, -91, 105, -90, 9, 106, 78, -75, -105, -127, 56, -110, -64, 98, 13, 60, -109, -6, -65, 3, 88, 20, -125, 27, 90, -94, -114, 96, -7, 76, 96, 33, -18, -7, -1, 127, -95, 110, 24, 104, 45, 87, -95, 63, 120, 13, -22, 117, 96, 20, -97, 94, 47, -75, -72, -58, -111, 121, 127, 109, 47, 107, 58, 48, 7, 3, 61, 92, 26, 27, 8, -82, -109, -106, 29, 104, 84, 110, -124, -92, -24, 114, -106, 114, 55, 123, -5, -66, -92, -66, -92, -128, 62, -121, -124, -60, 56, -89, -60, 56, 123, 6, 111, 32, 104, 76, -80, 100, 105, 104, -72, -76, 27, -31, 99, -114, 105, -34, -34, 28, 125, 1, 12, 51, -35, 24, -72, 26, -72, -19, 125, 124, 110, 0, 85, 36, 76, 43, -25, 74, 56, -42, -48, -32, 84, -107, -60, -33, -112, 0, -12, 48, 55, -40, -61, 49, -27, 7, 97, -15, -37, -78, -128, -59, -46, 105, 29, -57, -52, 117, -83, 95, -90, 7, -67, -28, 88, 46, 28, 58, 29, 32, -128, -32, 30, 22, -121, 121, 88, 28, -36, -54, 90, 4, -98, 15, 5, -51, -106, -23, -125, 86, 99, 41, -71, 66, -22, 34, 96, -122, 7, 55, 74, 38, -83, 5, 87, 81, -66, 25, -32, -87, -63, 13, 2, -47, 118, 64, -97, -22, 78, -4, 95, 87, -9, -1, 63, -48, -65, 109, -22, 19, 22, 47, 54, -37, -65, 120, 113, -17, 4, -43, 54, -120, -121, -13, 3, -63, 30, 6, 13, -32, 113, -15, 67, -54, -24, -124, 99, 55, 24, 102, 2, -37, -54, 73, 1, 12, -36, -106, -106, 11, -109, 22, 58, -127, -22, 89, 96, 100, -126, 86, -65, 3, 125, 124, -20, 4, -36, -57, 64, 15, 39, 2, 107, 28, 6, 96, 3, 90, -71, -63, 114, 38, -93, 15, 104, 27, 67, -125, 37, 63, -80, 62, 103, 105, -32, 14, 106, -67, -47, -48, 48, 109, -71, 31, 119, 34, -1, -108, -105, 47, 111, 60, -103, -125, -120, 95, 96, -4, -81, 115, 90, -25, -45, 42, 54, 125, 58, 31, 55, -97, -104, -104, 48, 64, 0, -127, 61, 12, -18, -64, 3, 59, -1, -32, 70, 7, 100, -82, 27, 52, 91, -104, 86, 6, 94, -53, -29, -15, 7, -24, -51, -75, 103, 65, -85, 103, 55, 3, -37, 24, 96, 15, 103, 112, 66, -116, -108, -106, 4, 13, 100, -122, -23, 70, 71, 3, 61, 44, -16, 31, -20, 97, -35, -21, 2, -22, 19, -108, 84, -128, -87, 121, -22, -22, -87, -86, -74, -74, 16, 15, 119, -106, 6, -126, -85, -31, -14, 101, 92, 92, -27, -32, 20, -35, 120, -52, -46, 59, 32, 60, 46, -55, -34, 42, -96, 47, -26, -104, -91, -107, -80, 15, 67, 28, -61, 66, 96, 71, -113, -5, -58, 13, 96, 46, 6, 70, -35, 121, 77, -72, -113, 19, -127, 30, 6, 118, 30, -100, -18, 36, 90, -78, -80, -16, 51, 112, -80, 28, 3, 117, -91, -113, 37, 114, 53, 52, 68, 113, -13, -83, -69, 1, 90, -5, -77, 46, 102, -102, 50, -9, -14, -42, -125, -80, -6, 104, -94, 17, 104, -59, -79, 83, 92, -100, 31, -61, 114, 97, -79, -118, -96, 41, -45, 5, 43, -65, 0, 4, 16, -72, -48, 2, 13, -30, -75, -1, 4, -105, 71, 74, -96, 86, 22, -113, -88, -72, -119, 10, 15, 104, -60, 89, 5, -44, -38, -110, 4, 86, 59, 127, -64, 61, 6, 95, 96, 117, 11, 94, -120, -40, 5, -12, -80, -57, 46, 113, 113, -48, 84, -30, -1, 52, 117, 59, -127, 48, -96, 100, 24, -44, -61, 2, 83, -43, 39, -12, -10, -42, 78, -88, 77, -97, 58, 21, -40, 111, 104, 2, 22, -46, -99, -55, -64, 40, 22, 1, -59, 48, 48, -126, -107, -53, -63, 69, 22, 40, 69, -57, 49, -12, 37, 37, -11, -11, -123, 78, 3, -51, 104, 46, -12, 1, -10, -16, -127, 125, 64, 110, 96, -1, -1, -122, 101, 2, 11, 11, -53, 78, 120, 89, -19, 18, -29, -32, -92, -52, -17, -58, -99, -56, 5, -12, -16, 49, 96, 3, -59, -121, -29, -40, 49, 96, 95, 58, 70, -39, -14, -104, 91, -110, -109, 50, -80, -119, -74, -50, 105, 90, -94, 3, -121, -33, 125, 88, -70, -112, 52, 58, 86, 94, 94, -50, -49, -80, 60, 104, -70, -33, -53, -118, -54, 74, 65, -65, 10, 107, 119, 57, -128, 0, 2, -41, -61, -96, 24, 54, 4, -106, -56, -96, -87, 110, 21, 72, -85, -53, 68, -14, 127, 110, -38, 127, 81, 96, 72, 0, -13, 52, -89, -70, 58, 36, 73, -5, 74, 67, -106, -87, -3, -49, 3, 77, -24, -117, -1, 111, 1, 47, 75, -83, -117, -42, 14, 3, 121, 24, 52, 57, 12, -12, -16, -23, -115, -22, 19, -92, 122, -51, 22, 79, 93, -36, -42, 102, 11, -22, 27, 118, 2, 61, 12, -12, 113, -80, 8, 56, 11, -105, 115, 1, -69, -2, -90, 44, -64, 126, 3, 11, 23, 48, -115, -38, -9, 89, -39, -13, 89, -36, -80, -12, 17, 3, 118, -36, -35, -128, 93, -33, 112, 96, -93, -54, -127, -125, 27, -76, -121, -59, -14, -40, 51, 88, 125, 60, -47, 69, 121, -31, -115, 6, -89, -123, -119, -54, 55, -72, 44, -113, -15, 59, 112, -8, 120, -13, 91, -78, 52, 122, 59, 112, 113, 113, -71, 5, 0, -21, 52, -121, 105, 83, -128, -6, 28, 56, -66, -61, -30, 119, 94, 53, -53, -79, 27, -54, 92, 14, -10, -95, 22, 22, 57, -62, 6, 18, 122, 114, -35, 33, 114, 17, 122, 0, 1, -60, 0, 94, -29, 11, -14, 48, -92, -105, 104, 102, 6, 46, -76, 90, -128, -83, 75, 73, -48, -116, 49, 56, 98, 47, 75, -85, 103, 64, 99, 88, 90, 26, -78, 20, -32, 114, 26, -120, -65, -117, 25, -76, 78, 45, -45, -50, 88, 27, -104, -121, 37, 39, -7, -126, 20, -43, 25, -81, -105, -18, -107, -102, -96, -46, -69, 126, 113, 122, -109, 45, -80, -89, -108, -50, 11, -15, 112, 41, -80, -116, -42, 57, 112, -32, 64, -29, 29, 80, -118, 102, 73, 56, 118, -116, -37, -98, 1, -40, -21, -77, -102, -39, 23, 110, 89, 30, -57, 103, -23, 109, -59, 29, 7, 44, -105, -84, 102, 58, 1, -37, -116, 92, -115, -27, -64, 76, -50, 2, 79, -43, 19, 75, -72, -71, 26, -108, -61, 19, 111, 36, 112, 37, -80, 28, 75, 0, 86, 109, 9, 9, 44, -4, -45, -128, -2, 7, 118, -73, 64, -117, 64, -90, 1, -37, 38, -119, 14, -73, 97, -7, 119, -66, 17, 80, 21, -121, 15, -121, 83, -73, -63, 44, -75, -112, 16, 25, 115, 115, 115, 57, 53, -13, 11, 23, 0, 2, 8, -30, 97, -61, -107, 108, 63, -127, -11, 46, -80, 90, 2, -74, 46, -68, -12, -59, -39, 86, 57, 46, 98, -85, -81, 111, 95, 100, -42, -111, 43, -98, 107, 2, -38, 107, -43, 37, -54, -61, -58, 51, 9, 88, -9, 78, -30, -31, 41, -29, -31, -7, -77, -106, 71, 84, -65, -117, -103, 25, -28, -98, 50, 117, 59, 109, -19, -77, 41, 60, -82, 107, 121, 124, 125, -69, -98, -86, 75, 79, -24, 85, -22, -19, 93, -67, 101, -22, -22, -74, 9, -23, -23, -74, -51, 64, -17, -106, 118, 38, 39, -25, 3, 61, -68, 76, 11, 88, 72, 115, -103, 66, -54, -24, 4, -97, 0, 80, 63, -105, 47, -50, 42, -111, -91, -111, 47, -18, -122, -73, -107, -45, -52, 0, 6, 6, 97, -16, 96, 13, 104, 37, 25, 48, 14, 89, 118, -62, 124, 44, -23, -110, -48, 96, -103, -88, -52, -49, -17, 80, 126, -116, -123, 69, 57, -122, 11, 88, -78, -15, 59, -128, -42, 22, 123, 47, 4, 122, -40, 33, -122, 35, -122, -61, 1, 41, -1, -126, 66, -59, 126, -57, -62, -103, 75, -27, -44, -44, 102, 73, -52, -46, 51, 87, -109, 48, 87, 51, 55, 7, 8, 32, 6, -16, -26, 4, -24, -2, 34, 104, 107, 10, -38, -26, -128, 54, -77, -52, -52, -108, 32, -83, 49, -48, 6, 38, 112, -103, 14, -38, -45, 5, -35, -58, -62, -68, 114, 37, -101, -105, -118, -76, 29, 120, 57, 26, 104, -3, 63, -48, -76, 94, -23, 9, 82, -75, -67, 74, 19, -74, 76, -88, -75, -75, 101, 109, 106, 110, -114, -27, -19, -52, -25, 77, 78, 78, 6, 122, 24, 24, -63, -53, 56, -108, 65, 89, -104, -65, -100, -27, 70, 64, 95, -88, 85, 64, 82, 18, -29, -114, -14, 99, 14, 85, 51, -99, -72, 103, 46, -100, 25, 16, 55, -109, 49, 9, -40, 51, 10, 7, -58, 22, 48, 99, 2, -67, 118, -2, 23, 44, 31, 47, 0, 38, 11, 111, 46, 96, -58, -76, 100, 57, 22, -61, 112, 3, -76, 116, 60, 49, -111, -85, -111, -53, 59, -36, 9, -40, 51, -114, 1, -74, -74, 127, 100, -61, -21, 35, 75, 96, 87, -101, 35, 52, 52, -50, 62, 100, -106, -116, -32, -46, 16, -96, -81, 37, 100, 36, -128, 30, 6, 8, 32, 6, 117, 41, -88, -113, 65, 73, 90, 92, 28, -34, -86, 68, -14, 50, -56, -97, -32, 109, 72, -96, 22, -92, -108, -110, -85, -85, -95, 74, -82, -88, 40, 104, -11, -73, 18, 104, -124, 82, 69, 90, 74, 59, 12, -76, -56, 18, -68, -69, 5, -76, -59, 7, -40, -24, -48, 94, -36, -69, -66, -90, 54, -67, 109, 66, 51, 111, 58, -48, -61, -68, -91, 64, 15, -105, 2, 61, -84, 117, -128, -53, -83, 28, 20, -63, -64, -118, 52, 102, 7, -29, 82, 43, 123, 43, 43, 62, 110, 22, 22, -114, 29, 49, -64, -28, -25, -28, 99, 15, 76, -45, 1, 51, 125, -100, -128, -115, 72, 80, 7, 31, -76, -97, -20, -39, 38, 120, -69, -6, 88, 121, -116, 114, 3, -53, 49, 75, 22, 75, 46, -48, -102, -90, 27, -64, -50, 6, 48, -101, 114, -52, 4, 118, -6, -127, -39, 126, 74, 60, -68, -65, 80, 13, -52, 15, -4, -54, -36, -62, 98, 73, 73, 64, -33, 30, -79, 16, -78, -104, -91, 38, 17, 50, 75, 78, 77, 15, 32, -128, 32, -11, -80, -39, -49, -114, 118, 96, 51, 10, -108, 60, -69, 126, 2, -5, 12, 101, -19, -64, 44, 109, 8, 4, -64, -78, -37, -79, 99, -110, -119, -85, -21, 90, -107, 63, 101, 93, -82, 82, -38, -22, -22, 127, 64, -37, 60, 64, 21, 24, -113, -119, -110, -12, -97, 115, -19, 54, 107, -127, 117, 85, 52, 48, 27, -125, 38, 109, 64, 59, -107, -42, 107, 107, -41, -82, 95, -33, 11, 66, -74, -23, 83, 85, -45, -45, 65, -43, 82, 44, -40, -61, -53, 14, 104, 45, 107, 12, 63, 6, -14, 48, -41, -79, 99, 62, 59, 114, 4, -127, 45, 105, -58, 29, -119, 13, -57, 124, -6, -100, -20, -67, -89, 113, 115, -125, 102, 12, -128, 62, 118, -13, 113, 2, -74, 37, 57, -68, -127, 13, -117, 99, 44, 59, 91, -32, 113, 92, 14, -38, -54, -63, 98, 105, 105, -87, 12, -20, 58, 55, -126, 22, -55, 58, 56, 40, 115, 51, 0, -109, 52, -80, -113, 1, 47, -81, 10, -128, -27, 51, 104, -33, 26, 119, -114, 24, -97, 85, -43, -111, 16, 57, 33, 121, -31, 16, -119, 89, 50, 114, -14, -18, 17, 0, 1, 4, -14, -80, -110, 10, -72, -29, -25, 97, 6, -55, 43, 102, -19, -56, -68, 69, -71, -112, 122, 25, -68, 90, -83, 88, -38, 88, 61, 5, -74, -33, 1, 88, -108, 67, 86, -78, -83, -107, -106, -74, 3, -7, 24, -76, 113, 77, 9, -40, 111, -102, -86, -67, 126, -29, -124, 94, -48, -86, -1, -43, -23, -84, -84, -64, -18, 127, 44, 44, 19, 3, 61, 124, 64, 57, 28, 52, -67, 98, -87, -52, -62, 31, 23, 96, -59, 7, 108, 103, -15, -11, -59, 57, -16, -57, -7, -16, 25, 48, 52, 58, 0, 61, 12, -12, 113, -110, 61, 3, 48, -110, -127, -128, 123, -102, 50, -80, -103, 121, -20, 32, -68, 39, -80, 13, -104, 115, -127, -91, 116, -62, -79, 70, -96, -121, -7, -53, -71, -128, -19, 17, -27, 27, -36, 51, 57, -108, 29, -72, -71, 47, -62, -53, 103, 96, -2, -27, -65, -63, 5, -20, 72, 39, -27, -16, 89, -19, -56, 57, 34, 111, 97, -48, 109, 32, 35, 23, 18, 34, 92, -23, 14, 16, 64, 12, -96, 118, -121, 10, 100, 12, 11, -28, 69, -56, -62, 52, 77, 77, -16, -126, 28, 80, -107, 4, 26, -47, 41, 6, -42, 76, -59, 96, 42, 67, 93, 59, 3, 26, -61, 64, -98, 103, 10, -104, 114, 5, 122, 82, 32, 58, -52, -50, 14, -76, 62, 70, 125, -86, -6, 122, -11, 90, -19, -115, -75, -64, 36, -35, 107, -69, 90, -75, -73, -103, 55, 22, -40, 123, -56, -49, 79, 78, -114, 20, 57, 0, -12, -80, -125, 19, -88, -52, -70, -63, -43, -64, 21, 30, 94, 5, 108, 86, -14, -123, -122, 115, -37, 123, 47, 116, -78, -81, -38, -31, -60, 49, -45, 62, 46, -96, -81, -113, 49, 32, -96, 111, 102, 120, 120, -72, -113, 27, 71, 12, -48, -57, -106, -4, -49, 39, -61, 75, 46, -2, 114, 96, -67, 4, 20, 82, 110, 108, 44, 47, -65, 17, -61, -63, 117, -125, -33, -101, -63, 91, 121, -38, -76, 109, -16, 81, 3, 96, 125, 4, -84, -72, -18, 0, -5, 84, 1, 64, -29, -109, -6, -86, -114, 8, 10, -14, -123, 90, 8, 9, 9, 117, 91, -52, 2, 8, 32, -120, -121, 65, -61, 28, 60, 108, -96, 5, -32, -96, -103, -78, 50, -113, 52, 96, -52, 41, 65, 121, -48, 101, 75, -112, 56, -27, 52, 86, 55, 6, -83, 11, -9, 5, 79, 25, -90, 64, 54, 108, -15, 0, -53, -18, 104, 1, -127, -24, 104, -96, -89, -127, 125, 68, -19, 45, -85, -91, -42, 111, -84, 57, -99, 94, -101, -98, 94, 107, 91, 107, 11, -14, 111, 103, 100, 51, 48, 77, 7, 3, -3, 123, -64, -51, 27, 84, 102, 41, -13, -77, 36, 58, 57, 1, 19, 116, 18, -29, -111, 80, -66, 36, 31, -96, -17, -62, 3, -8, 12, 114, 24, 124, 24, -8, -128, 29, 57, 96, -76, 3, -29, -102, 97, 33, -80, 99, 4, -38, -123, -59, 15, -17, -35, 22, 24, 41, 59, 40, -105, -77, -128, -74, -87, -16, -105, -13, -33, -120, -71, 115, -93, -79, -36, 123, 102, -116, 119, -30, -21, 84, -72, 10, 96, 38, 79, -32, -30, 0, 86, 86, -34, 62, 51, -127, -107, 30, 3, 95, -107, -104, 48, -48, 26, -7, -91, -14, 124, 98, 33, 0, 1, -60, 0, -34, -96, 0, -12, -51, 34, 87, 67, -48, 78, 22, -48, -56, 6, 100, -7, 55, -110, -121, -95, 43, -15, 50, 125, 125, 51, -128, 125, 124, 80, -117, 82, 20, -68, 106, 11, -28, -31, -51, -66, -94, 101, 64, 15, 107, -21, 10, -128, -63, 122, -69, 45, 27, 79, -121, 109, 105, 91, -67, -70, 109, 125, -17, -58, 116, -43, 54, 86, 86, 80, 33, 13, 76, -45, 80, 15, 47, -69, 59, 13, -76, 43, -55, -55, -14, -104, 55, -48, -117, -64, 102, 86, -128, 125, 64, -128, -127, -96, -68, -124, -116, -127, 112, 78, -73, -3, -52, 62, 6, -96, -57, -7, 24, 25, -127, 61, 40, -5, -72, -103, 113, 51, -61, 57, -108, 57, -68, 45, -53, -85, 97, -75, -45, -68, 5, -115, -115, -96, -115, -122, -64, -6, 8, 88, -114, 123, 3, -53, 46, 126, -17, 112, -114, -104, -41, -16, -6, -9, 12, -48, -65, -115, 14, 49, 78, 62, 11, -127, 121, 98, 97, -100, -67, -101, 83, 0, 95, 104, 104, 95, 82, -24, -111, -91, -14, 125, 57, 22, 0, 1, -60, 32, -83, 46, 37, 13, -14, -80, 33, 120, -42, 19, -20, 97, -15, -1, -96, -11, 105, 42, 8, 15, -117, 66, -88, -77, 64, 95, 106, 27, 27, -125, 98, 95, 20, 30, -61, 64, -60, 6, -38, 74, 13, -18, 12, -21, -126, -58, 64, 78, -37, -99, -98, 122, 122, 99, -19, -22, 45, 53, -75, 109, -86, -74, -84, -75, -96, -15, -114, -50, -28, -64, -56, -28, -109, -91, 7, -106, 29, 56, -64, 8, -86, -107, 44, -35, -128, -115, 92, 80, -73, -95, -81, -113, -29, -122, -37, -76, -103, -62, 59, -28, -27, 36, -52, -51, 37, -28, 102, -51, -99, 37, 108, 5, -84, -100, -5, -8, -70, 25, -5, -128, -31, -79, -125, 47, -100, -125, 111, 102, 2, 75, -7, 107, 88, -86, -98, 119, 6, -104, 121, 111, 56, -36, 81, 118, -32, -16, -26, -32, 6, 85, -60, 14, -31, -36, -73, -103, -32, -7, 55, 1, -24, -33, -60, -128, -103, 11, 25, -62, -61, 115, 102, 114, 51, -12, 57, -59, -124, -9, -27, -20, -80, -97, -55, 40, -74, -44, 34, -96, -17, 8, 64, 0, 49, 104, 75, -85, -125, 87, 0, 0, -69, 123, -114, 16, 15, 27, -118, -2, -105, 76, -125, -28, 104, 112, 2, -105, 4, -75, -87, 64, 35, 120, -64, 64, -2, -93, 109, -84, 14, -116, -21, 73, 80, 15, 119, -127, -41, -48, -70, -126, 70, -30, -19, 116, 33, -32, -12, -23, 45, 27, 5, 84, 54, -74, -87, -92, -73, -43, -92, 55, -43, 54, -37, -78, -14, 54, -85, 6, 118, 38, -105, 70, 38, 71, 2, 61, 92, -82, 35, 12, -86, -107, -72, -100, 88, -8, 103, -14, -51, -20, -77, -17, 11, 72, 96, 97, 0, -115, 122, -16, 5, 44, 85, 19, 2, -42, -103, 66, 114, -64, 10, 83, -116, 47, -96, -113, -111, -49, -118, -79, 106, -121, -59, 17, -5, -103, -126, 85, 49, 44, 44, 9, -113, 96, 62, -2, 127, -90, -100, -65, -111, -61, 39, 38, -47, -127, -127, 17, -104, 123, -71, -72, 56, 66, -5, 91, -32, -19, 73, 96, -41, -110, -53, -101, -69, 47, -64, -57, -34, -98, 33, 52, 32, 49, 28, -44, -53, 6, -26, -110, -128, -123, -10, -62, -14, 22, 113, 51, 67, 1, 2, -120, 65, 29, 84, -46, -84, -43, 111, 1, 45, 74, 17, 23, -97, -20, 37, 46, 46, -37, -47, -46, 2, -86, -111, -127, -72, 76, 92, -36, -92, 30, 28, -61, 38, 107, 61, -128, 77, -21, -77, -38, -22, -38, -22, -109, 68, 69, 51, -127, -11, -80, -119, -88, -17, 36, 105, -98, -68, -1, 121, -98, -58, -96, 1, 30, 99, -88, -121, -93, -19, -62, 78, 95, -33, -72, 101, -29, -22, -90, 45, -85, -101, -102, 84, -101, -102, 107, 98, 109, 99, 99, -13, -109, -13, 75, -109, 35, -125, 117, -106, 45, 99, 55, 0, -43, 74, 49, 28, 44, -54, -116, 59, 124, -20, -109, -84, 2, 18, 18, -110, 66, -7, 24, -59, -60, 24, 101, -26, 26, -56, 3, 43, 75, 121, 33, -125, 16, 96, -53, 72, -2, 72, -24, 14, -58, -18, 29, 22, 22, 124, 86, 75, 5, -109, -128, -83, -55, 99, -16, -38, -87, 96, 1, -80, -85, 16, 30, -29, 109, 101, 81, 21, -80, -48, -63, -31, -50, -111, -9, -80, -2, -2, 127, 35, 96, 111, -127, -61, -54, 106, 102, 28, 3, -125, -107, 85, -8, -52, -123, -45, -62, -29, 64, -29, -40, 73, 86, -10, 28, 110, -116, 6, 6, 113, 12, 59, 0, 2, -120, 33, 90, 64, -35, 88, 10, 58, 5, -122, 24, -41, -126, -114, 104, -127, 38, -54, -64, -21, -14, -40, 64, 13, 45, 51, -16, -56, 21, -72, 69, 5, -39, 71, 9, 106, 88, 1, -37, 25, 118, -22, 74, 64, 113, 109, -80, 127, -81, 11, -100, -34, 8, -116, 100, 96, -110, 94, -33, 86, 51, 33, 93, 113, 106, -13, 126, 112, 33, -35, -39, 25, 12, -10, -16, -127, -39, 6, -96, 41, -61, -103, -34, 13, -45, -128, -59, 73, 82, -97, -43, 76, 75, -2, 29, 85, -116, -116, -62, 98, 85, 50, 115, -59, 24, 37, -52, -11, 102, -51, -110, 11, 17, 90, 10, 108, 36, -52, 10, 49, 8, -35, 33, -72, 84, 56, 84, -98, 79, -39, 50, -95, -68, -4, -40, 121, 88, 28, -9, 108, -29, -102, -58, -99, -104, 104, -33, -51, -48, -25, -29, -99, -24, 45, 1, -13, -17, 60, -123, 27, 14, -115, -36, -35, -126, 98, -35, -10, 12, 113, 86, 85, 113, 110, -36, -36, 110, 12, -64, -66, 23, 48, -13, -60, 37, 122, -37, 31, 17, -117, -13, -23, 3, 8, 32, 6, 93, -19, 104, 109, 37, 20, 15, -61, -106, -90, 65, 27, 92, 64, 41, 89, 81, -15, 50, 112, -45, 82, 90, 93, 91, 91, 26, -68, 101, 69, 5, 122, -100, 1, -88, -15, 101, 103, 7, 26, -96, -107, 10, -45, 21, -48, -67, 14, -52, -58, 27, -115, -73, -128, 124, -69, -91, -87, 38, 125, 73, 111, 58, 111, 77, 115, 39, 111, 126, 108, 114, 100, 32, -48, -61, -64, -50, -46, 26, 65, 80, 22, -34, -111, -56, -62, -35, -35, 55, 51, -55, -118, 49, -128, -91, -111, 49, -108, 113, -121, -80, 88, -24, -84, -71, -95, 59, 36, -44, 36, -28, 44, -106, -86, -51, -110, -109, -77, 56, 98, -79, 84, 40, 100, -87, -127, -127, 88, -73, 112, 55, -57, 49, -106, -14, 27, 9, 13, -97, -32, 125, -89, 51, 49, 49, -34, 92, 92, -31, 124, 86, -36, -34, 14, -15, 26, -16, 90, -38, -63, -63, -55, -101, 79, 112, -87, -127, 69, 95, -64, 76, 97, -75, 28, 96, 53, -25, 22, -25, -44, -56, -17, 109, 21, -64, -96, -84, 28, 30, 90, 21, -57, -19, 3, 16, 64, 12, -58, 2, 118, 82, -96, -119, 33, 71, 89, 96, 100, -126, 86, 105, -83, -78, 89, 5, -15, -87, -20, 42, 112, 83, 90, -10, 39, 48, -110, 69, -53, 64, 81, 106, -14, 71, 91, -37, -104, -13, -78, 52, 108, -113, 33, -88, -107, 6, -84, -125, -19, -62, -64, -29, -46, -64, -126, 26, 20, -61, -32, -75, 44, 109, 109, -21, -101, -106, -40, 54, 45, 73, 111, -26, 85, 12, 108, 86, 5, 101, -30, 96, 96, 41, 13, -116, -31, -113, 98, 81, 13, -90, -4, -14, 28, 44, 62, -35, 73, 1, 86, -116, -116, 12, -57, -108, 25, -123, 115, 114, -124, -59, -60, -44, -26, -26, 84, -87, 73, 72, -52, -78, 56, 2, -12, -87, -100, 32, 35, 31, 31, 95, -73, -127, -4, 17, -63, 35, -95, -95, 110, -57, 26, -72, 56, -54, 27, -94, -32, 62, 46, 80, -32, -74, -73, 74, -100, -55, 24, -98, 56, 45, 62, 13, 22, 10, -37, 18, 99, -72, -29, 102, 30, 89, 26, 34, 24, -62, -40, -105, 52, -21, -59, -111, -123, 28, -116, -10, 1, 110, 55, 18, 98, -110, 102, 50, 40, 55, 114, -16, 49, -10, -59, 76, 3, 8, 32, -122, -24, 104, 117, 109, 105, -16, 56, 21, -88, -75, -47, -79, 72, 19, 60, 4, -49, 6, -18, 13, 118, 64, 41, 67, -8, 50, -1, 73, 97, -32, 34, -52, 23, 52, -43, -96, 14, 78, -33, -64, -36, 27, 22, -83, 13, -38, -80, 37, 13, -84, -118, -81, -125, 82, -11, -23, -45, 109, -89, 79, 79, -35, -46, -42, -69, 58, -67, 87, 117, -119, -30, -30, 88, -43, -46, -46, -4, -28, -64, 53, -55, -77, -127, 121, -8, -92, 32, -80, 86, 82, 86, -29, 62, 22, 96, -48, -41, 103, -75, -125, 47, -128, -33, 59, 71, 44, -121, -15, -120, -104, -96, -38, -117, -100, 35, 122, 18, -77, 102, 89, 84, 9, 46, 21, -110, 17, 3, -106, -47, -64, 102, 54, -80, -86, 18, 51, 48, 96, 0, -10, -99, 57, -8, -127, 121, 1, 49, 6, 82, -62, 29, -18, -64, -51, 16, -50, -15, 26, 49, -34, -98, -56, -31, 22, -50, 87, -75, 84, 46, 68, 108, -106, 88, -97, -40, 92, 115, -117, 112, -18, -86, 42, -85, -16, 70, 96, 125, -64, 48, -109, 43, 1, -40, 116, 79, -14, -26, 2, 8, 32, 6, 1, 96, -61, 95, 26, -78, -94, 31, 52, -120, 85, 6, -90, -38, -39, -32, 75, -4, -127, 54, -24, -69, 66, -104, -101, -127, 62, 45, 4, 47, -24, -9, 5, 38, 109, -48, -55, 7, -64, -26, -92, -74, 49, 104, 3, -113, 18, 40, -78, -75, -93, -115, 5, 116, 5, 78, 11, -84, 7, 118, 16, 39, 44, 94, -97, -66, 120, -86, 106, -115, 106, -77, -30, -2, -26, -46, -46, -40, -46, -56, -32, -46, -56, -101, -64, 90, -23, -28, 116, 96, -103, -59, -19, -98, 120, -84, -75, 114, 93, 92, -21, -53, -105, -83, -21, -72, -109, -126, -106, -37, 7, 5, 9, -53, -55, 45, -81, -112, -109, -87, -4, 34, -10, 82, -84, -62, -38, 34, -44, -113, -127, -63, -49, -34, 111, 57, -33, 114, -58, -105, 65, 126, -27, 13, -54, 78, -119, 44, 64, -99, -105, 96, 61, -119, -76, 51, -64, 30, 112, -100, -3, 61, 120, -85, -45, 40, 49, 102, -95, -67, -67, 112, -88, -127, -124, -112, -80, -124, 32, -97, -52, -36, 23, 75, 3, -100, 24, 5, -113, -52, -68, -111, -32, 19, -73, 48, 78, -39, -110, -101, 111, -90, -113, -37, 66, -128, 0, 98, -80, 3, -74, -114, -92, 33, -53, -4, -127, -98, -27, 41, 19, 77, -45, -124, 44, -7, -26, -127, 83, -30, -122, -16, -75, -32, -66, -100, -32, -102, 23, -31, 97, 32, 4, -6, -40, 14, -108, -105, 85, -92, -62, -44, -19, 78, -97, 6, 54, -92, -89, 2, 59, 14, -85, -37, -128, -99, -31, -26, -43, -79, -51, -67, -117, 65, -77, 14, -127, -111, -127, 34, -111, -77, -127, 30, -2, -24, 22, 21, 21, -59, 33, -93, 124, -116, -17, -117, 27, 67, -36, -53, 29, 113, 62, -64, 30, -110, 125, 28, -29, 75, -31, -112, -112, 36, 3, -95, 10, 121, 11, -31, 28, -79, -118, 35, -42, -35, 113, 62, -31, 113, -64, 38, -90, 21, 48, 101, -65, -116, -29, 111, 0, 86, -74, 9, 13, 13, 13, 81, 112, 31, 23, -72, 120, 39, 58, -11, -61, -13, -17, -126, -58, 68, 14, -65, -100, 29, 6, 124, 124, 18, -14, 98, 106, 6, 85, 106, 47, 94, -124, 36, 1, 61, 44, -44, -41, -104, -64, 13, 108, 124, 116, -57, 113, 4, 0, -69, 35, -54, 0, 1, 4, -12, 48, -80, -47, 15, -15, 48, 40, 34, -1, 120, -128, 27, -117, -112, 113, 91, -88, 47, 69, -95, 49, -100, -126, -16, 48, -60, -101, -96, -26, 51, 8, -124, 69, 75, -125, 22, 125, -88, 0, -29, 91, 0, -40, -52, 18, -40, -78, 101, -29, -6, -11, 91, -38, 38, 76, 72, -81, 89, -35, -84, -70, 95, -107, -107, 85, 39, 16, 88, 68, 71, -26, -125, 60, -20, 0, -52, -61, 83, 66, -68, 45, -7, -114, -8, -124, -37, -17, -40, 97, -33, 109, -49, -51, 1, -102, 48, 21, 19, 90, 10, -12, 48, 99, -107, -68, -80, -80, -123, -96, -96, 96, 78, -128, 15, 3, -80, 17, 102, -97, -60, 103, 101, -59, -24, 119, -116, -59, -69, 111, 74, 121, 3, 75, 3, 82, 28, 23, -72, 112, 124, -41, -128, -73, 39, 19, -8, 99, -36, -106, 31, 57, -78, 84, 110, -106, -102, 96, 21, -80, -52, 83, 123, -95, 23, 34, -52, -63, 39, 38, 31, -64, 111, 57, -115, 91, 121, -102, 27, 7, -73, 19, 87, -72, 119, 2, 64, 0, 49, -128, -70, -18, -22, -94, 112, 15, 119, -127, 123, 12, -48, -35, 27, 108, 108, 40, 30, -122, -58, 112, 49, 104, -8, 10, 116, -78, 65, 52, 16, -122, -123, -127, 89, -22, 42, -96, 38, -71, -70, -79, 116, -12, -23, -45, 97, -89, -89, 74, -43, -42, 46, -82, -19, 93, 92, 83, -69, -104, 85, -107, 117, 63, -85, -86, -86, 78, 96, 126, -23, -78, -56, -56, -85, 7, 14, -84, 105, 4, -106, -46, 126, 33, 49, -27, 73, 124, 78, -31, 73, -35, 125, -10, 85, -64, -82, -68, 83, 0, -93, -107, 96, -56, 82, 70, 11, 33, 121, 65, -117, 35, -126, -14, 6, 6, 22, -62, -53, -19, -83, -90, -25, 44, 111, 77, -30, -29, -77, 10, 74, 42, 111, -32, 6, 70, 51, -53, 49, -48, -31, 50, -16, 17, -6, 30, 23, 88, 122, 46, 50, 2, -10, -100, 22, 50, 4, 45, -75, 88, 42, -95, 38, 39, -52, 40, 103, 46, 100, 110, 62, -53, 124, -106, 91, -110, -104, 68, 95, 66, -116, -101, -125, 101, 121, 2, 63, -105, -61, 66, -122, -58, 4, -128, 0, 98, 48, -122, 122, 24, -70, -116, -65, 11, -110, 121, -39, -64, -37, 107, 65, 30, -42, -124, -84, 59, -123, 121, 24, 50, 32, -17, -101, -14, -65, 46, 44, 26, 12, -64, 94, -114, -42, 6, 79, -122, 75, -127, -10, -28, -99, -98, 0, 26, -61, -85, -99, -70, 101, -11, -6, 116, -43, -87, -23, -79, -67, -5, 3, 99, -127, 73, 58, 63, 127, -39, -102, -56, 96, -83, 101, 15, -54, -127, 73, -38, 79, 38, 65, -103, -111, -49, -115, -63, 42, 52, 32, 64, -52, -113, -97, -97, 35, -128, -81, -17, -120, 80, 101, 119, -91, 80, -91, -59, 23, 3, -21, -91, -64, 40, -82, -30, 99, 12, -83, -88, 8, 90, -98, -76, 124, -7, -14, -23, -53, 19, 19, -90, 8, 79, 87, 102, 73, 40, 7, 29, 93, 114, 30, 54, 46, 89, 0, 31, -49, 1, 118, -95, -68, 103, 6, 84, -55, -124, 24, -56, -88, 89, -28, 84, -55, 73, 88, -104, -21, -87, -51, -99, -53, 104, 117, -60, 98, -31, 13, -89, -123, -45, -8, 29, 18, 18, 18, 28, 66, 25, 44, 19, 0, 2, 8, -20, 97, 105, -124, -121, 127, -126, 11, 99, -74, -107, 96, -22, 28, -76, -108, 70, -60, -80, -88, -119, 38, 40, 64, -64, 30, 14, 11, -125, 122, 56, -52, 46, -38, 24, -68, -119, 79, -59, 88, 122, -67, -64, 22, -11, 45, 27, -89, 2, 97, -37, -58, 116, -37, -12, 26, -42, 116, 85, 83, 86, 85, 29, 96, 12, -25, 43, -26, 71, 6, 91, 46, -101, -99, 0, 44, -91, -29, -114, -80, 36, 50, 6, 56, 49, -40, 51, -6, -60, -119, 57, 89, -106, 115, 7, 88, -39, 11, 2, 59, 51, -14, -14, 22, -96, 24, 54, 16, 60, 98, 16, -54, 40, 6, -84, -86, 94, 2, -5, -119, 51, -29, -84, -20, 27, -7, -41, 77, 15, -30, 98, 41, 87, 6, -99, 95, 114, 108, 39, 44, -114, 97, -15, -53, -43, -88, -52, -63, 109, -49, 39, 86, 41, 7, 108, -84, 29, -55, 17, 19, -110, -81, -46, 51, 87, -101, 21, 98, -65, -61, -118, 1, -40, -76, -116, -13, 113, -16, 1, 118, -97, 45, -107, 111, 88, 38, 0, 4, 16, 3, -80, -28, 1, -75, -99, -32, -25, 14, 57, -54, -126, 90, 29, -96, 21, 14, 59, 87, -127, 86, 118, -80, -3, 92, 5, 89, 82, 8, 89, -65, 2, 58, -2, -31, -65, -92, -119, 52, 104, -49, 48, 52, 77, -121, -123, 25, 3, -117, 105, -80, -121, -75, -91, -92, 5, 78, 3, 67, -80, 86, -87, 118, 113, 13, -8, -56, -99, 26, 86, -42, -3, -117, 89, 89, 65, 49, 124, 96, 13, -80, 67, -68, -116, -3, 88, 84, -108, 105, 28, 95, 3, -73, 88, -110, 91, 120, -33, -114, -123, -10, 85, -119, -36, 49, 78, 51, -5, -6, -28, 45, 44, 24, 45, 44, 12, 4, 5, 65, 30, 22, 59, 34, -36, 45, 38, 118, 68, 108, 71, -46, 14, 43, 32, -120, 43, 79, 8, -56, 97, -28, 58, -58, -107, 56, -51, -101, -61, -95, -79, -4, -21, 47, 36, -1, -50, -37, 6, -102, -13, 7, -42, 96, 71, 66, 44, -44, -28, 5, -43, -60, 114, -114, 8, 85, -39, -85, -103, -49, 58, 82, -75, 35, 96, -102, 50, -80, 41, -58, -19, -51, 21, 126, -125, -85, 17, 116, 80, -111, 37, 64, 0, -127, 11, 45, 105, 41, 51, -72, -121, -103, -47, 1, -28, 36, 38, -24, 49, 82, 64, -6, -89, -95, 44, -88, 61, 9, -14, 48, 24, 0, 105, -48, 22, 113, -16, 89, 69, -64, -70, 25, 88, 76, 79, -104, 42, -43, 91, 3, 26, -76, 76, -97, -86, 106, -85, 106, -69, -97, 53, 80, 85, 68, 7, -24, -31, 124, 96, 30, 94, 118, -75, -63, -76, 33, -54, 105, 97, -125, -109, 112, -64, 66, 96, 111, -107, 59, -36, 13, 88, -90, 112, 51, 48, -12, 45, -75, -80, -24, 54, -80, 0, 122, 87, 16, 20, -61, 71, -60, 66, -113, -124, 8, 9, 118, 51, 10, -121, -26, -20, -40, 17, -64, -33, 104, 21, -38, -51, 97, -39, -56, 21, -29, -73, 110, -99, -45, 52, 46, -8, -24, 36, -88, 127, 84, -98, 8, -20, 9, -14, 49, 10, 27, -52, 10, -107, -79, 16, -109, 16, 6, 25, -77, -44, -36, 92, 80, 76, -116, 15, 116, 28, -128, 3, 87, 98, 35, 127, 34, -80, -47, 9, -12, 112, 121, 57, 64, 0, 49, 0, -29, -57, 88, 93, 74, 5, 122, -24, 6, -12, 100, 45, 20, 111, -125, -105, 34, -127, -106, -100, -127, 15, 18, 2, -83, -52, 2, -74, 49, -91, -75, -63, -59, 52, 4, 1, -3, 12, -38, 8, -31, -56, 44, -83, -83, 30, 125, 122, -67, -10, -58, 9, 83, 39, -84, -33, -72, 113, 42, 120, -121, 116, -70, 34, -85, -83, -114, 42, 107, 105, -66, -30, -20, 72, -99, 3, -53, -18, -128, 118, 117, 76, -13, 110, 8, 63, 2, 90, -116, 100, -59, -31, 52, -19, -104, 50, -125, 79, 64, 76, 82, -120, -68, -68, -80, 124, -91, -68, -11, -105, -54, -54, -112, -112, -54, 47, -107, 95, 100, 66, -124, -124, -66, 24, 44, 5, 38, 115, 11, 97, 110, 39, -31, 35, -62, 110, -64, 126, -112, -9, -62, -104, 0, 123, 55, 111, -27, 109, -80, -4, -5, 127, 69, 2, 23, -73, 95, -85, -33, -53, -96, -23, -62, 33, 47, 45, -128, 117, -80, -104, -107, -127, -52, -117, -71, 47, -28, -83, -8, -86, 124, 110, -36, -72, -47, 8, -102, -72, 41, -25, -25, 82, 6, 122, 24, -40, 36, 7, 8, 32, 6, 96, -17, -58, -40, 24, 52, 42, 9, 57, 3, -54, 17, 37, -90, 65, 59, 93, 28, 29, -91, 17, 39, -122, 41, 65, 98, 26, -36, 61, 2, 111, 12, 7, -95, 48, -96, -33, -91, -51, 64, 30, -106, -46, -106, 62, 109, -73, 94, 90, -86, 86, -86, -42, 113, 113, 47, 48, 77, 43, -42, 40, -86, -18, -33, -49, -54, 42, 34, -110, 31, -87, -107, 63, 27, 52, -109, 6, 58, 64, -55, -63, -127, 101, 71, 72, 119, 18, -80, -97, -17, 54, -115, -65, -79, -17, 72, -107, -32, 66, -79, 23, 114, -77, -128, 117, -118, -36, -46, -112, 16, 25, -71, -112, -91, -14, 50, 66, 64, 15, 47, -3, 98, -15, -27, -53, 23, 107, 107, -79, -42, -72, -105, -95, -45, -41, 37, 76, -101, -62, 80, 33, 40, -4, 50, -50, -23, 54, 114, 12, 123, 59, 5, 88, -11, -15, -19, -40, -63, 103, -111, 35, -10, 69, 88, 66, -104, 79, 98, 22, 48, 126, -109, 114, -70, -69, 99, -8, -63, -47, -102, -64, -94, -100, -64, -59, 117, -125, -65, -36, -46, -46, 18, 32, -128, 24, 4, -128, -7, 16, -76, -83, 27, -30, 43, 80, -20, 65, 61, 110, 6, 94, 88, -87, 98, -90, 100, -90, -92, 14, -22, -31, -125, -106, -25, 72, -125, 79, -100, 81, 2, -81, -26, 48, -74, 3, 103, -32, 104, -16, 96, 86, -76, -74, 25, 104, -3, -109, -76, -99, -108, 93, -40, 22, -11, -115, 19, 122, 107, 87, -73, -91, 111, 105, 6, -99, 114, -112, 14, -38, 13, 30, 24, 8, -12, -16, -102, 53, -64, 122, 120, 25, 104, 81, -72, 50, 23, 75, -114, 76, -73, 21, 31, -93, 21, 7, 48, -44, -67, 5, -59, -28, -62, -113, -104, -121, 0, -69, -61, 114, -107, 22, -107, 95, -66, 88, 8, -118, -123, -118, 29, 17, -84, 20, 18, 19, 14, 21, 14, 21, 11, 5, -26, -59, 112, 96, 43, -44, -115, -33, -101, 33, 9, -104, -65, -85, -84, -32, -19, 43, 112, -101, -61, -59, 47, 40, 20, 52, -116, 51, -67, -46, -70, 50, 36, 116, 86, 85, -24, 92, 61, -75, -91, 73, 57, 57, 57, -116, 28, -32, -77, 123, 18, 44, 19, 110, -80, 0, -5, -48, 55, 64, -121, 113, 1, 4, 16, -80, 45, 29, 45, 0, 76, -42, -32, -29, -79, -92, -91, -64, 67, -23, 74, 48, 47, -125, -9, 38, -87, 72, 3, 59, 73, -96, -19, 92, -96, 113, 88, 72, -80, -128, 5, 64, 103, -46, -128, -114, -43, 50, 6, 55, -74, -76, 29, 65, -21, 38, -108, -20, -108, -76, 55, 26, -85, -81, 7, 54, 45, -41, 3, -69, -60, 27, -45, 123, 123, 109, 85, -9, -77, -38, -78, -78, 46, 43, -51, -41, 42, -51, 63, 0, -15, 112, 67, 99, 35, 75, -128, 88, -100, 125, 92, -64, 76, 46, -53, 99, -106, -34, 85, 124, -126, -31, 85, 22, 98, -95, -64, -20, 11, -12, -97, -104, -127, -104, 24, -80, 95, 40, 127, 68, 72, 72, 24, 8, -128, -98, 14, -35, 97, 31, -18, -77, -93, -86, -113, 99, -31, 14, 65, 96, 46, 23, -37, -105, -118, 82, 74, 79, -36, 110, 97, 32, 38, 39, 36, 120, 68, 78, -62, 124, -106, -104, -100, 112, -110, -52, 44, 9, -79, 29, -35, 57, -35, 86, 14, -106, -64, -78, -39, 50, 1, 88, -99, -79, 0, 83, 51, -24, -8, 34, 22, -128, 0, 98, 16, 0, 15, 70, -127, -30, 9, 24, 105, -96, -125, 101, 64, -125, 92, 42, 42, -48, -93, -65, -92, 64, 107, -110, -44, -107, 32, -66, 2, 117, 21, -92, 33, -67, 36, 109, 117, 99, -120, -121, 65, -30, 80, 15, -125, -10, 115, -39, 73, -87, -81, -73, -21, 85, -86, 85, 82, 2, 29, -116, -74, 31, -76, 89, -119, -43, 116, 63, 104, 97, 105, 105, -2, -2, -46, -39, 16, 15, 55, 68, -15, -13, 55, -12, 25, 48, 48, 4, 4, -20, -32, 0, 86, -84, 110, 98, 124, 6, 51, 67, -113, 84, 85, 1, 123, 70, 85, -95, -62, 71, -128, 94, 7, -10, 38, -124, 44, -128, 89, -72, 66, 94, -80, 66, -48, -38, -70, -30, -53, 76, -89, -118, 47, -116, 1, 113, 22, 115, -11, 36, 100, 78, 105, -4, 71, 5, -13, -99, -123, -114, 0, -53, 118, -79, -91, 50, 18, -18, 21, -42, -62, 73, 98, -64, 26, 110, 71, 78, 78, 119, 0, -41, 49, 80, 71, 58, 33, 65, 25, 116, 12, 87, 2, -24, 64, 61, 22, -128, 0, 98, -128, 12, 69, -127, -4, 12, 44, 126, -92, -76, 65, -3, 93, -48, 72, 53, -28, 56, 59, 96, -121, 64, -55, 14, -76, -30, 14, 124, 40, -100, 49, 52, 93, -125, -114, -18, -48, -74, 3, -99, 32, 6, 18, 6, 99, 59, 99, -80, -121, -51, -20, -108, -92, -76, -41, 75, -81, -105, 90, -68, 120, -22, -6, 9, 83, -45, -127, -3, 37, 91, 91, 83, 69, 85, 29, 85, 17, -104, -121, 117, 64, 49, 92, -50, -33, -16, 82, -26, 101, -36, 114, 62, -31, 117, -27, 9, -27, -83, -107, -62, 50, 65, 6, 66, 22, 71, 102, -55, 1, -21, 37, 96, 77, -70, -44, -62, -32, -56, 82, 9, 33, 33, -95, -91, -14, 18, -64, 66, 107, -87, -63, 23, 49, -89, -103, -14, 22, 86, 125, 14, -64, 62, -112, 30, -36, -65, 45, 11, -32, 107, 4, -100, 115, -62, -19, -69, -7, 114, 4, -123, -59, 118, 48, -14, -59, -67, -84, 8, 5, 22, 15, -35, 85, -36, -96, 67, -102, -54, -53, 45, 29, -108, -7, -113, 1, 35, 26, 116, -6, 24, 11, 64, 0, 49, -24, -62, -128, -128, -128, -82, 49, -24, -68, 51, -16, -95, 5, -32, 33, 13, 41, -48, 25, 36, 118, -38, -47, 118, -58, -46, -32, -92, 11, -12, -93, 58, -24, -40, 10, -112, 119, -127, 85, 47, 44, -126, 65, 9, -37, -50, 14, 116, 74, -126, -87, -54, 22, 41, -23, 45, 27, -43, -41, 79, -99, 58, 97, 75, 91, -6, 84, -48, 73, 82, -23, -74, -5, 85, 99, 117, 2, 69, -14, -127, 73, -70, 84, 75, -21, 64, 35, -44, -61, 57, 106, 71, -8, -128, 93, 63, -122, -14, 114, 46, -58, 16, 97, 57, 97, -117, -91, -64, 26, 69, 78, 16, -40, -31, 55, 80, 51, 0, -58, -106, -68, 90, -27, 82, 11, -21, 47, 114, -42, 21, 21, -126, 21, -45, -89, 53, 90, 29, -87, 98, -104, -55, 109, 111, 33, 116, 5, -106, -98, -25, 47, 56, -10, 85, 19, -34, 63, 94, 104, -33, -51, -56, 103, -63, -40, 45, 108, 101, -75, -112, -127, -17, 37, -97, -43, -114, 110, 43, -2, 99, 9, -34, -45, -114, 89, 30, -29, 79, 0, -99, -77, -42, 120, -20, -104, 37, -53, 49, -128, 0, -126, 121, 24, -108, -78, 117, 65, 85, -115, 113, 24, 40, -81, 66, -54, 108, 117, 105, -96, -57, -76, -61, -128, 73, 29, -20, 51, -112, 119, -63, 16, 84, 64, 71, -125, 123, 13, 32, -17, -126, -4, 29, 102, 7, 90, 9, -49, -84, 18, -90, 4, 44, -90, 123, -91, -92, -64, 45, 15, 32, -22, 85, 4, 38, 105, 45, -48, -46, 97, -96, -121, -13, -125, -75, -76, -76, -64, 121, -40, 18, 24, -61, 17, 47, -7, 94, -66, -84, -16, 43, -73, 108, 76, 18, 124, 105, 16, 20, 42, -100, 99, 37, 111, -63, 8, 44, 105, -70, -27, 25, 119, -28, -16, -123, 46, 21, 94, -6, -46, -127, 79, 62, -76, 42, 20, 88, 104, 77, 115, -56, 17, -26, 91, 24, -50, 112, -57, -19, -73, 6, 124, 60, 22, -104, 27, -32, 115, -117, 19, -5, -89, 27, -120, -27, -56, 88, 24, -56, 7, 117, -37, 39, 5, 5, -15, -15, 49, 86, 113, 3, 21, 36, 120, 59, -107, 31, 3, -91, 108, -48, 9, 100, -106, 64, -65, 3, 4, 16, 3, -40, -77, -70, 2, -47, -96, 113, 116, 117, -112, 39, -128, -91, 23, 100, 51, 37, 51, -77, -108, 29, -8, 80, 71, 109, -48, -70, 89, 109, 72, -28, -86, -125, -53, 43, -120, 55, -75, -19, -92, -107, 64, -3, 67, 80, -89, 88, 27, -30, 97, 99, 37, 41, 99, -19, -87, -22, -67, 74, -117, 65, -83, -53, -12, -43, -64, 36, -51, -54, -52, 10, 90, 89, 90, 90, -54, -110, 47, -62, -94, 117, 0, 116, -102, 97, -61, -79, -58, -122, -103, 75, -69, -7, -20, -19, 115, 124, -114, 29, -29, 74, 18, -74, 18, -21, -82, 10, -51, -79, -78, -80, -40, -111, -77, -125, 47, -57, -126, -113, 113, 7, 95, -107, 80, -88, -4, 17, -114, 36, -95, -48, -18, 80, 96, -95, -59, -63, -51, -56, -56, -25, -61, 16, -125, -104, 15, 109, 49, 74, 0, 77, 32, -61, -37, 92, -110, -37, -59, -70, 25, 67, -127, -51, -47, 62, -58, 112, 31, -58, 28, -85, -105, 65, -21, 64, 37, 52, -53, -79, 27, 64, 95, 55, 52, 78, -31, 2, -99, 32, -56, 98, -55, 5, 16, 64, 12, -48, 28, 12, -14, 47, -48, -61, 97, 118, -58, -96, 57, 49, 71, 71, 96, -113, -34, -40, -116, 89, 91, 10, 116, -122, 33, -80, -23, 41, 13, -14, 56, -40, -73, 32, 79, -125, -46, 49, -56, -61, -58, 32, -49, -61, 61, 44, -59, 108, -86, 98, -84, -94, -76, 94, 93, -86, 87, 122, 125, -17, -44, -45, -23, 83, 39, -40, -42, 2, 75, 104, -26, 88, 85, -43, 64, -111, -46, -64, -3, -7, 34, -96, -115, 120, 32, 15, -77, 52, 54, -84, 91, 26, 106, 111, -33, 103, -49, -63, 98, 57, -115, 49, -44, 74, 44, -76, -69, 42, -57, -54, 0, -104, 36, 115, 24, -85, -124, 24, -89, 11, 79, -81, -120, 16, 52, -80, 48, -80, -72, 0, -116, 51, 11, 11, -79, -103, -95, -14, -126, -126, 1, -54, -115, -73, -31, -21, -21, -86, -127, -83, -90, -58, 70, 75, -53, 71, -16, 21, 44, -50, 21, -107, 98, 65, -126, 33, 21, 6, -126, 73, 1, 1, 51, 3, -62, 65, 115, -83, -96, 115, -12, 64, -85, 103, 88, 64, -121, -113, 1, 125, 108, -87, 12, 16, 64, 12, -96, 57, 18, -112, 127, 65, 16, 20, -61, -32, 73, 64, 71, 37, 59, 105, -11, 104, 105, 83, -16, -87, -93, -96, 20, 14, -15, -80, 52, 24, -126, 15, 60, 4, -75, 54, -96, 67, 30, -38, 80, 15, 43, -127, 99, 88, 73, 125, -86, -110, 82, -115, -103, 25, 120, 89, 90, -19, -124, -102, -102, -3, -90, -118, -84, -118, -86, -86, -91, 34, 90, -7, 34, -57, -76, -76, -64, -25, 85, 38, -52, 108, -104, 25, 97, -35, -6, -14, 101, 104, 92, 66, -62, 76, 3, -125, 110, -103, 16, 11, -117, 35, -62, 114, -77, -124, 5, 13, -114, -120, -55, -120, 1, 91, -106, 71, 36, -128, -27, -82, -63, 17, 9, 3, 96, 87, -47, 64, 56, 9, 52, -22, 99, -107, 0, 95, -97, 83, 112, 6, 116, 88, 24, -121, 3, 87, -71, -27, 19, 88, 24, -52, -33, 94, -59, 24, -64, 7, 108, 127, 3, -85, 106, -85, -103, 78, 9, -57, 64, 61, 43, -53, 99, 13, 9, -45, -114, 1, 43, 36, -53, 70, 96, -15, 88, 126, -61, 27, 32, -128, 24, -64, -35, -39, -116, 66, 16, -56, -48, 6, -75, 20, 65, -18, 55, 83, 18, -48, -106, -74, 83, 97, 6, 29, -45, 8, 44, -107, 47, -69, 114, 114, -34, 2, -91, 106, 16, -32, -28, -28, 4, 42, 13, -125, 118, -2, -63, -119, 27, 68, -85, -88, -128, -13, 0, 48, 73, -81, 71, -87, 50, 108, 107, -10, -125, -78, 112, 96, 62, -56, -61, -96, 93, -106, 44, -64, -34, -110, 101, -46, 49, 39, -13, -112, 36, -58, -18, -48, 62, -27, 70, 70, 121, -95, 35, -14, -14, 6, -42, 71, -126, -124, 36, -124, -59, 42, 66, 67, -65, -124, 78, -97, 30, 52, -67, 50, 72, -20, 72, -24, 14, 11, -48, -84, -53, 14, -58, 36, 70, -63, 35, 57, -10, 63, 96, -2, 45, 58, 115, -93, -111, -53, 1, -76, 111, -68, -47, -14, -40, 19, 88, -33, -87, -88, -124, -101, 35, 102, 102, -100, -45, 20, -122, -23, -42, 47, -67, -127, -103, -106, 31, -40, -72, 58, -42, -32, 20, 3, -84, -121, -127, -107, 48, -120, 72, -28, 6, 8, 32, 6, 112, -39, 3, 61, -59, 48, 5, -44, 62, -42, 54, -114, -114, 86, 114, 4, -42, 77, -96, 109, 57, 42, 38, -94, -94, -66, -32, 3, 12, 56, 33, 7, -45, -86, 67, 15, 2, -36, 108, 7, 57, -50, 19, 82, 74, 3, 99, -38, 17, -100, -23, -127, 73, 90, 91, 26, -59, -61, -23, -118, -5, 65, 73, 58, -80, -108, 85, 43, 127, 25, -60, -61, -64, 52, -51, -59, -30, 32, -13, 37, -36, 47, -55, -34, -115, -53, -127, 81, 44, -44, -22, -120, 88, 78, 55, 99, -46, 17, -117, 56, 96, 86, 125, 41, 6, -84, 66, -113, -28, 8, -18, 16, 6, 70, -83, 85, 18, -80, 114, 54, 16, -29, -37, 1, -84, -101, 75, -114, -61, -25, 7, 27, -71, -54, 65, -5, -57, -71, 29, 110, 52, -106, 91, 62, -6, 5, 95, 71, -54, -63, -112, 100, 111, 31, 48, -45, 45, -119, 47, -50, -98, 1, -40, -104, -28, 82, 78, -80, -28, -80, -28, 10, 112, -29, -30, 103, -31, -65, 1, -84, -112, 99, 0, 2, -120, 1, 28, 65, 32, 15, -125, 70, 59, 51, -116, 111, 121, 102, 102, 122, 62, 5, -42, -87, -78, 43, 119, -27, -74, 47, 82, 2, -99, -115, -25, 10, -14, 112, 102, 38, -49, 31, 112, 53, 12, 83, 106, -105, -110, -110, -110, 1, -60, -100, -100, 64, 34, 101, -110, 33, 27, -37, -54, -107, -109, -116, -51, -92, -92, 39, -96, 120, -72, 22, -44, -18, 0, -6, 56, 95, 81, 7, -24, -31, -3, -106, 7, 88, -128, -67, -91, -122, 4, -106, 114, 3, 11, -5, -103, 1, 1, 62, -64, -34, 63, -73, -125, 55, -93, 125, 120, 95, -107, 96, 85, 119, 14, -80, -105, -44, -51, 23, 10, 108, 95, -27, -16, 85, -124, -124, 0, 91, -111, 124, -64, 90, -87, 2, 84, 53, 89, 95, -23, -127, -25, -33, 6, 22, 96, 92, -123, 7, -40, -49, 116, 2, 118, 22, 19, -114, 61, -125, -115, 8, -4, 87, 8, -9, -13, -117, -13, -13, -101, -94, -100, -64, -31, -60, -47, 90, -31, -32, 112, -125, -65, 49, -95, -127, 127, 57, 3, -80, -96, 110, -28, 79, -32, -65, -63, 1, 16, 64, 12, -32, -38, 20, -28, 97, -48, 82, 51, -50, 91, -32, -109, 43, 39, -102, -88, -108, 65, -50, -116, 83, -127, 44, -92, -122, 22, -124, 127, -96, 30, 78, -15, -3, -1, -33, 83, 27, -86, 7, 50, 103, -22, -69, 18, 76, 26, -125, 118, -111, -125, 78, -93, 98, -82, -99, 90, 91, -69, 26, -108, -92, 77, 23, -125, 26, 90, -127, -79, 90, 96, 15, 107, 105, -127, 98, -40, -12, 24, -53, 49, -31, -91, 1, 64, 39, -9, 41, 91, 90, -106, -105, 43, -57, -67, -84, -78, -82, -108, -87, -80, -82, -84, -4, 34, 47, 31, 106, 33, 111, 0, -52, -59, -64, -58, 101, -107, -127, 32, -88, -7, 37, 6, 42, -66, 62, -64, -37, -109, 94, 13, 64, 15, 115, -121, -37, 91, 45, -17, 91, -56, 13, -12, -79, 37, 98, 22, 102, 94, 73, 34, -9, -62, -123, 78, 28, 78, -54, 28, 14, 44, 11, -29, -72, 28, -54, -71, 28, -128, 13, -84, -14, 27, 55, 88, -128, 41, -68, 81, 89, 57, 9, 32, -128, 24, -64, 9, 18, -26, -31, 66, 78, -56, 17, -106, 30, 42, 45, -32, -71, -15, -1, -78, -96, -43, 0, -82, -32, -75, 73, -32, -13, 29, -91, -63, -34, -39, 44, -7, -1, -1, 89, 117, -104, -121, 57, 83, -14, 64, 91, -119, -39, 52, 65, -93, -103, 102, -46, 19, 64, -13, -84, 53, -114, -75, 83, 39, 44, -82, 1, -78, 84, 77, 89, -127, -51, 15, -111, -40, 82, 45, -111, -4, 3, 90, -5, 89, -76, 64, -121, 40, 55, 0, -53, 77, 49, -13, 28, -5, -86, 29, -116, -34, -4, -4, 110, 1, 14, -64, 6, -123, 60, -80, -44, 18, -82, 0, -11, -121, 67, -127, -2, 3, 54, 61, -124, 65, 99, 1, 71, 66, -127, -47, 43, 6, -60, -81, 16, -85, -28, 65, 39, -102, 2, -21, 87, 6, 123, 123, 6, 110, -17, 59, -96, 102, 20, 98, -27, 75, -106, 66, 0, -125, -109, -45, 66, 62, 43, 43, 55, 96, 127, -63, -46, -127, -1, -58, 114, -21, -42, 27, -27, -45, 64, -121, -117, -35, -72, -63, -27, 100, 1, 16, 64, -96, -2, -80, -99, 54, 60, -122, 121, -2, -125, 79, -108, 17, 85, -127, 44, 6, -8, 111, 8, -14, -85, -103, 43, 100, -53, -20, 127, 87, 117, 72, 12, -125, 23, 63, -64, 61, 108, -4, 20, -24, -1, 46, 102, 71, 73, -48, -50, 15, 21, 96, 29, 6, 62, 81, 14, -40, -71, 92, -52, 12, -14, -70, 41, 43, 56, 11, -57, 2, 27, 90, 64, 15, 55, 104, -127, -113, -79, 56, 118, -84, -63, 74, 79, 48, -128, -15, -91, 85, 76, 99, 66, -52, -14, 68, -122, -118, 47, 21, -62, -96, -94, 42, 40, 39, -120, 17, -40, 104, 0, 66, 62, 65, -79, 35, 59, -8, -8, -110, -84, 24, 25, 119, 48, -18, 120, 5, -97, 63, -86, 6, 31, -31, 106, 25, -29, -58, -32, 6, 90, 71, 13, 93, 8, 2, -97, 91, -100, -17, 60, -45, -121, 97, -95, 61, 95, -110, 55, -65, -125, 19, 127, 98, -93, -78, 27, 99, -128, 3, -121, -45, -62, -103, 62, -34, -119, -119, -119, -35, 114, 0, 1, 4, 30, 0, 0, -57, 48, -40, 71, 60, -80, -109, -48, 86, -107, -127, -37, 48, 16, 15, 27, 66, -109, -75, 43, 104, -14, 28, -102, -121, -69, -92, -96, 122, 120, 64, -5, 76, 37, 23, 49, 123, 1, -55, 91, 42, -96, -115, 122, 32, 15, 51, 47, 6, -42, 75, -75, 32, 22, -80, 86, 2, 102, -30, 88, 29, 69, 96, -59, -92, -43, -80, 31, 90, 17, -77, 52, 76, 51, -88, -14, 97, -104, 25, -25, -35, -56, -33, 56, -83, -111, -37, 42, 7, -24, 69, 43, 123, 43, 32, 1, 2, 64, -113, 50, -54, 88, -124, 2, 61, -34, 7, -20, 68, 50, 50, -18, -125, -27, -33, -7, -43, -97, -64, 27, 82, -107, -41, -7, 113, 115, -15, 115, -52, -12, -15, 113, 3, 109, -79, 6, -6, 24, -34, -54, 60, 115, -125, -53, -63, 109, 33, 71, -29, 49, -114, -72, 114, -48, 33, 84, -54, 44, 13, 14, -115, -21, -90, 79, -9, -13, -29, -26, 22, -74, 0, 8, 32, 6, -48, 1, -115, -32, -123, 42, -122, 80, 15, 107, -106, -119, -117, -25, -126, 22, -27, -127, 15, 44, 5, -99, 88, -22, 8, -9, 48, -88, 107, 8, 93, 113, -85, -81, 4, -13, 48, -24, 4, 1, 30, 102, 102, -48, 126, 122, 105, 71, -48, 56, 0, 56, 15, -125, 42, 98, 71, -16, 17, -118, -86, 19, -128, 113, 28, -53, -86, 21, -85, 3, -116, -32, 6, 22, 72, 49, 125, -52, -76, -79, 42, 52, 28, -40, 97, 114, 3, -83, -87, 43, 119, -22, -37, -63, 8, -12, 103, 95, 18, -40, -65, 73, 124, -116, 65, -116, 47, 43, -59, -124, -123, -127, 45, -112, -23, -62, 98, 71, 126, -89, -62, -25, 23, -8, 45, 65, -89, -56, 113, -57, -59, 89, -7, 112, 113, 113, -121, -5, 4, 44, -124, 20, 92, -57, -86, -31, 43, -54, 23, 36, 112, -59, 56, 57, 88, -78, -60, -19, -80, 76, 104, -28, 74, 4, 102, 98, 46, 75, 101, -121, -124, 4, 46, 110, 96, 87, 12, 32, -128, -64, 30, 6, 31, -13, 8, 90, -55, -29, 10, 26, -105, 5, -99, -41, 2, 114, -22, 57, 20, 15, -125, 24, -122, 80, 15, -125, 14, 60, 4, -89, 122, -112, 30, -98, 50, 88, 4, -1, 95, 36, 5, 58, 10, -62, 12, -20, 77, 71, 83, -26, -3, -96, 36, 109, -70, 127, 2, -28, -48, 48, -59, 82, -80, -121, -9, -125, 75, -83, -122, 4, -45, -124, -96, 47, 124, 113, -83, 47, 91, 19, -89, -60, 112, -35, -120, -85, 18, 3, 122, 79, -72, 27, -44, 54, 4, 50, -70, -127, 56, 52, 7, -40, 53, 6, 114, 114, -124, -113, -64, -13, -17, -68, 109, 92, -45, 26, 65, 75, 86, -8, 111, 76, 97, 112, 107, 108, -100, -30, 83, 97, -51, -32, -74, 16, -24, 97, 96, 32, 60, 66, -84, 17, 80, -10, -10, 86, 78, 96, 97, -76, -32, 58, 6, 44, -51, 57, 110, 0, 59, -61, 12, -36, 44, 13, -106, 49, 66, 33, 65, 0, 1, -60, 16, 109, 7, -11, 48, 8, -4, 4, 121, 77, 28, -76, 27, 0, 116, -120, 1, -56, -117, 54, -48, -13, -125, -64, 30, 118, 85, -127, 120, 24, 4, 114, -51, 32, 74, -63, 75, -104, 36, -59, 87, 0, 85, 75, -118, 102, -102, 73, 65, -110, -76, -39, -124, -87, 83, 123, 87, -125, 42, -88, -88, 26, -48, -103, 112, -79, -91, -118, 58, 96, 15, 3, 75, -83, 99, -96, -45, -47, -8, 89, 26, 24, 37, 114, 2, -84, 118, -124, 114, 44, 4, -106, 44, 51, 115, 66, 67, -123, 67, -123, -85, -70, -113, 28, 57, 18, 90, 37, 35, 54, 125, -6, -12, -48, -23, 85, -64, -24, -19, 14, 74, -78, -126, -49, -89, 20, 45, 0, -99, 46, 107, 9, 116, -65, 37, 127, -72, -113, 119, 99, -62, -99, -92, -100, 112, -89, -123, 12, -119, -115, -115, 92, -4, -27, -120, 17, -6, 2, 5, -97, 41, 83, -90, 37, -8, -123, 56, 29, -69, -63, -79, -36, 94, 57, -95, 49, 97, -7, 76, 96, 79, -23, -114, -52, -111, 27, 0, 1, 4, -118, 97, 99, 41, -88, -121, 119, 57, 58, -82, 0, 111, -43, -7, -55, 12, 25, -104, -2, 111, -77, -86, 5, -22, 89, 112, 12, 35, 60, 44, 105, 104, -26, 1, 81, 2, 62, -78, -11, -65, 56, 56, 120, 69, 65, 19, 16, 102, 40, -11, 48, 51, -8, 20, -68, -40, 64, 69, -111, 64, 104, 12, 107, -127, -114, 42, 73, 56, -42, 48, -77, 114, -6, -70, -42, 0, 97, -89, -60, 27, -27, -27, 28, -96, -11, 60, 125, 86, 86, 1, -64, 118, 85, 95, -128, 96, 119, -100, 125, 95, 95, -46, -114, -23, -96, -119, -91, -92, -49, -87, -16, 89, -31, -124, 70, 101, 111, 7, -48, -63, -38, -106, -27, 62, 125, 55, 64, 75, -49, -108, -89, 0, 67, -52, -69, 60, -58, -54, -51, -115, -97, 101, 39, 124, -9, 79, 63, 3, -125, 91, 121, -52, 75, 55, 75, -2, -104, 47, 98, -119, 55, 98, -54, -105, -37, 55, 54, -80, 112, 87, 86, 112, 1, 4, 16, 104, -104, -42, 88, -22, -113, -95, -95, -115, -95, -51, 79, 80, -39, 58, -61, -58, -58, 6, 52, 126, 39, 107, 3, 98, -19, 101, 102, 6, -110, -85, 64, 44, 27, 27, -61, 69, -96, 78, 35, 80, 41, 16, -128, -58, -7, 12, 13, 103, 0, -75, -3, -108, 53, 4, 10, -19, -36, 9, 20, 116, -107, 5, -83, 70, 116, 68, -15, -16, -2, 9, -75, -86, 96, 15, -85, -118, 4, -126, 61, 124, 12, -100, -90, 89, -114, -103, 42, 87, 89, -71, -51, 116, -21, -26, 3, -74, -118, -7, 19, 23, 6, -12, -11, -11, 89, 37, -51, 4, 111, 23, 6, -6, -35, 30, -76, -84, 37, 7, -104, -89, -7, -10, 33, -42, -85, -128, 79, 68, -117, 83, -26, 114, -104, 54, 109, 97, -27, -117, -103, -4, 28, -126, 110, -57, -86, -26, -18, -112, -9, 1, -10, 35, 88, -62, 19, -113, 29, -37, -70, 9, 62, 11, -77, 110, -54, -70, 117, 51, -35, -114, 89, 38, 86, 126, 113, -80, 116, -72, -47, -22, -89, -36, 112, 108, 93, 72, 40, 23, 64, 0, 49, -128, -41, 12, -94, 28, 103, 8, 5, -90, -52, -90, -56, -125, -75, -90, -48, -61, 16, 85, 32, 74, -52, -32, 35, -70, -114, -112, -77, 29, 76, -93, 76, -51, -52, -104, 65, -93, -45, 74, -88, 30, -82, 81, 92, 109, -101, 30, -85, -54, 10, -84, -102, -128, -2, 5, -90, -23, 3, 13, -96, -102, -40, -78, -63, -110, 81, -116, 97, -90, -101, -43, 17, 96, -57, -51, -110, -33, 1, -68, 127, 52, 41, 14, -76, -112, -87, 111, -7, 75, 96, 95, 57, 104, 122, 119, 55, 48, 97, -61, -21, -93, 34, 35, -2, 27, -34, 110, -10, 85, 85, -36, -36, -21, 56, -72, -72, -89, -69, -73, 38, -16, 79, -97, 121, 108, -54, 92, 33, -103, -123, -96, -117, 13, -100, -72, 18, 88, 16, 51, 109, -13, -73, 59, 45, -76, 103, 112, -77, 60, -42, 40, 38, -76, -16, -104, -27, -115, -27, -83, -119, 44, -57, -4, 34, -66, 36, 2, 4, 16, 3, 48, -126, -43, -91, 33, -101, -90, 97, 7, 15, 49, 51, -93, -114, -57, -61, -105, 66, -128, 119, -114, 66, 86, -37, -102, 65, -74, 55, 49, -61, -58, 116, 65, 27, 123, 64, -5, 104, -107, -64, 7, 25, -127, 54, 16, -85, -44, -42, 56, -18, 103, 54, -83, -83, -87, 85, 5, 121, -40, 22, -24, 97, 96, -83, 4, 76, -46, -32, 98, -38, -76, -111, -123, -27, 101, 8, -24, -68, 112, -9, -27, 9, -96, -127, -104, -72, -96, -105, 47, -89, 87, -67, 4, -106, -49, 65, 57, 32, 80, 5, 4, -35, 85, 85, 8, -1, 110, -69, 113, -61, -127, -101, 97, 121, 80, 16, 7, 55, 48, 31, 43, 79, 19, 116, -29, -73, -28, -98, 102, -87, 28, 33, -65, 35, -15, 6, -65, -27, -79, 105, -4, 64, 15, -101, 110, 69, -84, 17, -16, 89, 7, 58, -31, -109, -97, -81, -78, 21, 88, 64, 79, 95, -50, 1, -84, -6, -51, -105, 58, 1, 4, 16, -80, 45, -83, -83, 13, 58, 62, 9, -31, 120, 40, 3, -26, 117, 88, 48, -128, -18, 69, -128, 28, -18, 15, -66, 34, 1, 122, -54, 63, 120, -6, 5, -30, 97, 71, 37, 102, 71, 37, -16, 73, 70, -48, 5, -71, 53, 32, -31, -87, -84, 19, -128, -98, -75, 85, 45, 13, -52, 47, 85, 52, 5, 70, 48, 48, 19, -125, 74, 45, 96, 55, -58, 39, 68, -40, 111, -7, 76, 33, -21, 114, -48, -128, -15, -108, -96, -105, 65, -35, -45, 25, -105, -13, 1, -101, 30, 65, 64, -49, 7, 117, 119, 87, -123, 78, -121, -113, 79, 22, 25, 37, -36, 112, 72, 92, 103, 31, 36, 60, 61, 6, -76, 42, 77, 57, 113, -6, -108, 27, -115, 28, -45, -72, 26, -27, 44, 2, 64, 119, 64, 36, -8, 57, 0, -101, 111, 13, 44, 95, 55, -63, -41, -48, -121, -13, -59, 77, -69, 113, 35, 110, 122, 18, -1, -79, 68, -117, 32, 39, 75, -45, -27, -26, -77, -30, 0, 2, -120, -63, 24, -76, -16, 23, 52, 32, 13, -69, -60, 3, 121, 36, -34, 17, 117, 103, 26, 124, 16, 23, -24, 93, -16, 98, 97, -56, 90, 30, 37, 51, 112, -110, 7, -10, 15, 65, 35, -102, 64, 5, 64, 79, 51, -41, -104, -43, -44, 46, 94, 108, -54, 92, -45, 11, 58, -37, 81, -121, 21, -76, 83, -21, 0, 48, -126, -9, -17, 63, 118, 0, -36, -42, -30, -113, 114, -88, -84, 4, 122, 88, -52, -99, -125, 31, 88, 12, 57, 44, 95, -66, -4, 101, -48, -53, -42, 86, 62, 96, 122, 6, -77, -85, -86, 16, -2, -99, -72, -96, -100, -33, 97, -102, 83, 107, 80, -123, -75, 32, -57, -70, -27, -45, -3, -72, 110, -68, -100, -94, 92, 62, 77, -103, -97, 95, -34, -62, -121, -117, 31, -40, 105, 10, -11, -29, 2, 118, 126, -113, 57, 60, -127, -105, 92, 10, 47, 103, 38, 114, 53, -6, 45, 111, -27, 63, 54, -51, 93, -52, -87, -36, 116, 121, -124, -100, 31, 64, 0, 49, -128, -121, 110, -92, -107, 32, 71, -40, -101, -63, -17, 34, 49, 51, -125, -18, -68, 3, -33, 109, 1, 30, -92, 6, 95, 94, 2, -67, -9, 1, -68, -98, 5, 122, 2, 45, 104, 73, 12, -24, -104, 3, 96, -44, -126, -49, 89, 6, 6, 0, -24, -56, 127, -26, -59, 64, -47, -88, -59, -117, 123, -127, 41, -38, 86, 81, 49, 54, -80, 84, 117, 25, -48, -65, 13, 44, -64, 52, 13, -54, -60, -45, 26, -114, 77, -105, 9, 106, -99, -71, -36, 61, 8, 60, -8, 18, -76, -68, -11, 37, -60, -81, -53, -105, 91, -75, -126, 61, 12, -81, -113, 38, 26, 1, -21, -93, -104, 117, -53, 95, 10, 91, 87, 90, 123, -65, -108, -87, 124, -23, 112, -61, 111, -95, 50, 87, 34, 23, 127, -126, -96, -68, 79, 35, -1, -115, 27, 9, 125, 22, -36, -106, -64, -86, -89, -36, 18, -79, -61, 107, -5, -70, 27, -4, -54, -83, -53, -105, -105, 55, 76, 115, -73, 104, -99, -106, 16, -86, 38, -105, 4, 16, 64, 12, -32, 97, 57, -60, 13, 21, -120, 107, 42, -32, 9, -42, 12, -100, -108, 85, 32, -105, 60, 64, 79, -51, -106, 6, -9, -115, -95, 108, 80, 1, 96, -54, -84, 36, -19, 8, 74, -47, -32, -13, -58, -128, 65, 53, 1, -40, 97, 90, 28, -59, 60, -95, 86, 113, -86, 106, 122, -32, 98, 96, -29, 50, 80, 71, 17, 124, -30, 18, -53, -78, 3, -96, 52, -51, -59, -46, -64, 16, 34, -26, -25, -57, 96, -15, 5, 52, 96, -36, 48, 93, 48, -50, 42, 40, -23, 101, 85, 95, 43, -88, -36, 2, -7, 24, 41, 61, 91, -14, 3, 27, 79, -83, -64, 122, -39, -70, 82, -40, 97, -54, -12, 117, 83, -72, 29, -128, -27, -82, 3, 7, -56, -61, 18, 86, 55, 64, -89, -86, 39, 6, -35, -128, -36, 106, -46, -80, -11, 23, 124, -9, 15, 127, -71, 50, -80, 97, 122, -93, -127, -63, 60, -124, 47, 124, 90, -88, -124, 90, 21, 64, 0, 49, -128, 71, -23, 32, -61, -17, -80, -37, 87, -108, -108, 84, -48, -82, 36, 1, 95, 52, 3, 25, -126, -121, 28, -102, 13, 26, -6, 48, -122, -114, 113, 73, 65, 74, 60, 105, 37, 102, 80, 74, -105, 6, 95, 84, 99, 102, -90, 94, -21, 56, -95, 54, 106, -15, 4, -48, 45, 52, -64, 24, 6, 121, 88, 81, 17, -104, -92, -127, -27, -12, 1, 72, -102, 46, 55, 85, 22, -82, 0, -10, 120, 94, -54, 76, 105, -80, 60, -58, -94, 28, -44, -70, -100, -81, -43, 126, -71, 95, 107, 82, 107, 107, 107, 95, -46, -14, 107, 76, -120, -3, 71, 9, 92, -45, -90, 48, -8, 85, 84, -66, -100, 62, 61, -114, 63, 49, -114, -125, 43, 81, 121, -7, 116, -2, 114, 110, -27, -14, -124, 35, 47, 66, -71, 26, 111, -36, 80, 6, 77, 13, -106, 3, -101, 36, -64, 102, 58, 98, -33, -94, -111, 37, 87, -9, 14, -66, 68, 22, 123, 57, 25, -5, 27, 13, -95, 47, 102, 9, 3, 4, 16, 3, 100, 92, 18, 118, -51, 14, -44, -45, 74, -16, -88, 6, -77, -108, -96, 87, -44, -128, 7, -12, -64, -61, 90, 32, 45, -32, 33, 60, 32, 75, 9, -100, -35, 85, -44, -127, 17, -84, -92, 100, 23, 13, 58, 66, -35, -52, -79, 86, -87, -58, -84, -106, -103, -71, -90, -74, 119, 42, -24, -94, 3, 86, 86, 91, 96, -29, 82, 75, 107, 63, -56, -53, 90, -53, 32, -93, 30, -90, -57, -8, 12, -126, -6, -4, -4, 100, -84, 19, 44, -127, -115, 97, 63, -66, -42, -27, 64, -81, -38, 3, -45, 32, -48, -53, -53, -81, -63, -13, -81, 81, 66, 57, 127, -94, -45, -52, -27, -53, -89, -53, 88, 79, -81, 104, 117, -32, 88, -50, -49, -62, 53, -45, -113, 47, -18, 37, -97, 3, -65, 37, -93, -60, 14, -48, 33, -14, -45, 56, 26, -127, 61, -34, -14, 4, -48, 14, -112, 6, -8, 26, -127, 34, 35, -82, -86, 110, 62, 7, 22, -66, 16, -71, -48, -103, -119, 6, 47, 36, -60, 0, 2, -120, 65, 27, 58, 84, -91, 14, -115, 101, 72, -38, -122, -60, 49, 100, -59, -99, 10, -28, -10, 32, 72, -4, 66, -4, 11, 13, 36, -80, -121, -91, -95, 17, 44, -59, -84, 2, -44, 27, 109, 12, 54, -64, -47, -84, -42, 108, -79, -118, -23, -22, -11, -67, -96, -55, 7, -48, -95, 22, -23, -64, 8, -42, 82, 4, -43, -60, -96, 40, -122, -74, 46, -29, -66, 8, -65, 108, -11, -5, -30, -18, -60, 2, 44, 97, -41, 9, -73, 66, 1, 48, 23, -73, -62, -3, -37, 98, -108, -64, -81, -100, 24, 19, -73, 60, 40, 116, -70, -11, -105, -118, 47, -62, 28, -36, -62, -10, -119, 51, -35, -59, -84, -70, -59, -86, -128, -27, -99, -109, 68, 40, 127, 121, 99, 56, -97, 27, 23, -88, -121, 127, -93, 17, 20, -59, 13, -25, 31, -62, 67, 43, 84, 12, -24, -31, -72, -91, 6, 73, 28, 125, 75, -51, -43, 44, 0, 2, 8, -76, -28, 1, 50, -12, -88, 14, -101, 58, -126, 95, 44, 4, -11, 48, 120, -53, 59, -52, -69, -112, -40, -43, 6, -113, -49, -86, -125, 39, 90, 32, 21, -77, -108, 54, -88, -56, 2, 77, 70, 41, -87, 3, 19, -7, 98, 51, 37, -23, 9, -52, -90, 83, -41, 3, 83, -12, 70, -43, 9, -64, -126, 43, 22, 116, -40, -46, 1, 112, 12, -77, 64, -46, 52, 75, 66, 84, -94, -75, -52, -12, -105, 126, -53, 35, 90, -127, 29, -126, 99, -119, 33, -83, -10, 86, -64, -14, 42, 41, 105, -71, -43, -14, -93, -16, -2, 66, 53, -48, -65, -34, 11, -61, 3, -70, -127, -35, 10, -79, 35, -62, 22, -95, -36, -45, 44, 44, 56, -100, 24, -68, 103, 114, 53, 114, -36, 40, 79, -32, 16, 18, 118, 72, -12, -114, -79, -25, -98, 6, -20, 77, -60, -19, -104, -106, -80, -112, 3, -24, 103, -8, 26, -6, 34, 103, -125, -86, 105, -90, 110, 122, 106, 98, 28, 12, 75, 95, 72, -28, 0, 4, 16, -125, 49, 116, 6, 16, -24, 109, 117, -56, 52, 11, -4, 26, 18, 36, -1, 42, -63, -4, 11, -102, 71, -125, 14, -52, -126, 61, 28, -90, 14, -114, 96, 21, 109, 96, 71, 9, 84, 83, 57, 58, 74, 105, -125, 79, -69, 89, -36, 59, -63, -44, -79, 23, 116, 22, -66, -19, 106, 96, 14, 78, 7, 121, -104, 85, 17, 84, 49, 1, -37, 30, -112, 52, 93, -34, -112, 32, -84, 102, -48, -51, 104, 47, 35, 15, 26, 66, 102, 57, 34, 22, 7, -38, 43, 14, 4, 86, -56, -23, 25, -24, 95, -73, 0, -85, 62, -58, 35, 98, 71, -60, 64, -117, 63, -36, -72, -20, -35, 88, 24, -86, -30, 4, -123, 12, -114, -60, 88, 42, -9, 117, -9, 49, -54, -9, -107, 39, 2, 91, -89, -27, 92, 28, 110, 92, -106, -95, 78, 44, 13, -57, -8, 17, 107, -10, -100, -59, -62, -107, -109, 36, -28, 4, -19, -35, -106, -50, -107, 103, 4, 8, 32, -56, 16, -113, 29, 116, 120, 25, -102, -103, -31, 105, 27, -68, -126, 20, -28, 93, -88, -121, -91, 32, -61, -46, 16, -88, 14, -86, -62, -75, 33, -25, -15, 0, 105, 51, 80, -87, 13, 58, -93, 70, -54, 49, -118, 25, 124, 50, -92, -23, -6, 45, 19, 106, 38, 108, -36, -72, 26, 88, 23, 55, 3, -53, 45, 16, -44, 2, -43, -60, 90, -112, 52, 13, 108, 25, -39, 75, -52, -86, -86, 10, 16, -101, -69, 16, 116, 97, -108, -9, -111, 0, 96, -37, 25, -44, -114, -122, -57, -17, 124, -96, 127, -71, -128, -7, -73, 47, -120, -111, -81, -5, -120, 88, -59, 17, 65, -79, 42, -97, 114, 46, 75, -106, -16, -112, 35, 124, 124, 125, -116, -119, -106, -34, 1, 98, 1, -27, 1, 12, -106, -119, 55, -72, -61, 19, 56, -62, -61, 99, 110, -72, 57, 88, -34, -32, 2, -10, -99, -32, -83, 76, 5, 14, 126, 70, -67, 16, 70, 111, 14, -71, 89, -126, -14, 0, 1, -60, 96, 12, 5, -38, -22, -16, -62, 11, 126, -39, -112, 18, -76, -98, 85, 66, 78, -47, -96, -71, 112, 109, 96, 48, -87, -125, 38, -101, -116, -63, 57, -40, 76, 10, 72, 43, 105, 75, -121, -123, -87, 3, 91, 39, 82, -90, 81, -96, 121, 23, 51, 83, -26, 9, 83, -127, 49, -68, -34, -74, 119, -79, 106, 122, 51, -28, 0, 49, 69, 45, 112, -102, -122, 68, 49, -53, -115, 40, -82, -54, 8, -79, -48, -42, -72, -112, 47, 9, -96, -119, 46, -66, -27, -32, -37, 120, 24, 74, -32, -7, -73, 26, 116, 87, 86, -116, -45, 76, -65, -92, -105, 73, -96, 69, 0, 85, -62, 65, 78, 12, 14, -106, -64, -8, -28, -97, 54, -59, 65, 121, 29, -9, 13, -114, -123, 86, -31, -31, 124, 12, 78, -10, -10, 59, 66, 103, 46, 12, -25, 11, -51, 97, -28, 80, -74, -14, 105, 100, 105, -8, -76, 27, -34, 2, 105, 72, 122, -95, 39, 52, 51, 124, 86, -120, -116, 28, 64, 0, 65, 61, 12, -103, -17, 86, -121, -33, -118, 6, 43, -83, 33, 81, 45, -123, -78, 122, 22, 92, 104, -127, 115, -79, 52, -88, -60, 2, -99, 26, -96, 14, 44, -94, -91, -63, -21, 4, 28, -103, -51, -92, 29, 33, -83, 111, 83, 71, 21, -77, -34, 9, 19, 86, 79, -83, -87, 89, -99, -82, 90, -93, -88, 8, -9, 48, -80, 3, 113, 0, -44, -98, 46, 103, 105, 104, 13, -87, 88, -34, -54, 93, 33, -61, 96, 9, 108, 53, 40, -5, -123, -81, -13, 97, 8, 15, 47, 41, -126, -83, 4, 63, 6, 58, -30, -34, 105, 33, 104, 9, 34, 104, -73, 6, 95, 95, -100, 119, -126, -14, 76, 101, 126, 110, -122, -123, 86, -126, -14, -14, 98, 98, -116, -83, 47, -59, -106, -53, -121, 112, 112, 112, 7, -20, -120, -101, -26, -64, -27, -51, -32, -19, -96, 92, -18, 0, -20, -2, 55, 52, -64, -25, 22, -65, -79, -20, 48, -105, -48, 59, -46, 39, 35, 39, 33, 1, 16, 64, 12, -48, 57, 124, 68, -79, -123, -100, -119, -91, -32, -15, 11, 78, -38, 48, 111, 67, 106, 39, -48, -110, 1, 112, 6, 54, -109, -46, 86, 113, 4, 95, 79, 5, 90, 6, 96, 10, 62, 107, 10, -44, -116, 6, 54, -73, 106, 39, 76, 93, 93, 11, 76, -47, -23, -67, -96, -27, 30, 32, 15, 107, -103, 66, 122, 16, -32, 98, -85, 60, 42, -47, 64, -34, -54, -54, -51, 126, -87, -16, 49, -96, -121, 89, -62, -127, -35, 121, -97, -123, 110, 78, 37, 61, -112, -12, 12, -14, 111, 34, -121, -49, 76, 80, 111, 57, -87, 111, -26, -52, -16, 68, 46, 96, -65, -24, 14, 67, 76, -71, -113, -80, 125, 28, -125, -113, -101, 19, 87, 57, -121, 61, -9, 13, 101, -53, 114, -16, -99, 98, -64, -30, -38, 1, -40, 77, 6, 45, -21, -80, 108, 104, 72, -128, -18, 12, 113, 86, 78, 56, 98, -82, 23, 34, 108, 32, 49, 75, -51, 28, 32, -128, 24, 96, -117, 98, -75, 33, -107, 42, 82, -4, 66, 22, -128, 67, 73, -16, 25, 44, -80, -54, 9, 114, 82, -119, 52, -24, -124, 41, 80, -115, 36, 5, 42, -79, -128, 58, -127, 125, 7, 37, 88, -49, 9, 124, 114, -85, -29, 98, -91, -34, -115, 19, 106, 106, 122, -45, 109, 23, -41, 44, 94, 12, 58, 4, 112, 49, 36, 77, -17, 63, -96, 5, 41, -74, 88, 24, -105, -26, -12, -59, 57, 9, 10, 41, 3, 61, -36, -32, 36, -58, -51, -19, -26, -26, -60, 113, 103, 91, 15, -88, -1, 11, -115, -33, -103, 1, 1, -10, -96, -94, -84, -113, -63, -121, -69, 17, 116, 117, -40, -115, 112, -18, 68, 110, -2, 68, 101, -53, 27, -4, -57, 26, -72, -100, 64, 11, 27, -8, -53, -7, 65, -11, 48, 127, 35, 23, -80, -39, -43, -40, 8, 84, -58, -46, -48, -56, 15, 30, -67, 117, -26, 83, -66, -79, -12, -123, -59, 14, 11, -112, 127, 47, 0, 4, 16, -125, 54, -62, -61, -120, -10, 7, -28, 118, 44, -124, 119, 17, -55, 27, -110, -82, 33, 45, 16, -120, 127, -127, 37, -76, -76, -93, -103, 58, -8, 32, 124, -19, 104, 104, -75, 12, -114, 96, -96, -121, 85, -42, 111, 4, -10, 15, -89, -126, 34, 120, -79, 22, -56, -53, 90, -32, -42, -42, 126, 88, 107, -21, -104, 41, 71, -27, -46, -86, -105, 12, -83, 33, -53, 65, 75, 78, 18, 42, -83, -68, -99, -100, -42, 57, 41, -33, 56, -88, 57, 15, -100, 127, 57, -90, -60, 1, -85, -27, -66, -128, -66, -66, -105, 65, 86, 1, 11, -61, -71, -114, 37, -128, 118, -107, 114, 112, 40, 55, 112, 51, -128, 110, 69, 59, 118, -61, -121, -61, 18, -76, 84, -89, -15, 6, -56, -61, -96, 101, 74, 92, -96, -106, 38, 127, 67, -125, -109, 3, -53, -79, 95, 19, 21, -8, 62, 43, 123, 87, 86, 78, -81, -116, -112, -120, -48, -45, -109, 0, 8, 32, 6, -56, 34, 13, 109, 120, -5, 3, 26, -61, -48, -116, 11, -89, -95, 53, 20, -72, 57, 13, 73, -45, -112, 62, 37, -80, -112, -110, 6, -105, -48, -46, -22, 42, 74, -58, -64, 122, 88, -59, 17, -40, -20, -112, 82, 2, -26, 96, 51, 96, -116, 79, 109, -101, 58, 97, 42, 48, -126, 107, 22, -41, -44, 42, -126, -50, -15, -44, 2, -6, 25, -28, -29, 3, -53, -114, 65, -94, -8, 88, 69, -124, -75, 112, 78, -100, -96, 26, 119, 2, -80, 89, 104, 21, -62, -51, -51, -51, -32, -90, -52, -97, 80, -67, 0, -28, 95, 111, -97, -128, 36, 70, -58, -100, -23, -10, -10, 125, -95, -95, 12, -34, -54, -36, 73, -54, -57, 64, -53, 114, 56, -20, 3, -108, 25, -124, 99, -108, 27, -113, 29, -29, -9, 113, 3, -83, -29, 0, -58, 48, -48, -53, -96, -85, -103, -128, -111, -20, -58, 125, -125, -117, -123, -59, -54, -19, -40, -89, 75, 70, 11, -19, -5, 26, -17, 88, -53, -56, -72, -69, 71, 68, 68, -56, 85, 2, 4, 16, -125, 49, -84, -27, 1, -51, -63, 80, 127, 66, 91, -51, -80, 54, 22, -4, -118, 56, 72, 89, -91, 13, -15, -81, -103, -76, -74, -108, 18, 104, -113, 8, -80, -103, 9, -70, 21, -63, 76, 26, -76, -94, -55, 88, 93, 69, 90, 37, 10, 116, -112, 111, -19, -124, -45, 109, -46, -64, 92, -36, 6, -116, -32, 90, 80, 30, -82, -123, -108, 91, -64, 14, -124, 22, 100, -3, 82, -62, -79, 6, 110, 57, -71, 35, -62, -10, 124, 106, -95, -32, 110, 113, -123, 61, 7, -24, 88, 85, -48, 92, 118, 57, -48, -65, -36, 12, 125, 124, -116, 57, 57, 65, -10, 1, -10, -35, -31, -96, -117, -45, 102, 78, -25, 6, -35, -84, 21, 96, -49, 109, 21, -105, -28, -90, 12, -70, -115, 37, 49, -79, 28, -76, 50, 9, -24, 97, -48, 53, 69, 92, -96, -37, -16, -110, -84, 110, 56, 28, -77, 12, -75, 7, -106, -118, -27, 62, 125, -36, -115, -116, 114, 114, 64, -17, -70, 71, -124, 124, 113, 7, 8, 32, 6, -8, 28, 47, -68, 6, -122, 87, 65, -120, -94, 25, 94, 92, 65, 103, -59, 65, 30, 54, 3, -26, 91, -127, 104, -48, -128, -119, -103, 118, 52, -80, -122, 82, 2, 109, 38, 8, -109, -110, 6, 86, 77, 82, -46, -64, -50, -30, 4, -87, 94, -23, -45, -41, -41, -41, 76, -104, -112, -66, 5, 116, -108, -25, -30, 90, 69, 88, 73, -35, 0, -86, -118, 117, 64, 5, 117, -61, -115, 6, -53, 42, 61, 11, -79, -18, 112, -117, -71, -10, -4, 64, 111, 42, -37, -69, 1, 61, 12, -70, 92, -119, -1, -122, -78, -73, -109, -49, 76, -48, -22, 53, -58, 32, 96, -87, 21, -41, 8, -66, 57, 109, 74, 104, 95, 121, 2, 67, 82, 34, 11, -73, 79, -52, 76, 110, -121, 4, 96, -127, 12, 94, -118, 5, -70, 63, 12, -24, -31, 27, 64, 31, 115, 53, -18, -32, -29, -14, -26, -25, 23, 12, 117, -80, 108, 80, 102, 112, -30, 22, -109, -111, -111, -48, -45, -117, -120, -112, -79, 118, -113, 0, 8, 32, 6, 72, 22, -122, -8, 86, 93, 26, 25, 64, 125, 14, -65, 4, 14, -62, -125, 120, 90, 93, 26, -76, -83, -40, 88, 0, 116, -103, -106, -103, 122, 24, -8, -74, 67, 96, -12, 3, 43, 97, 21, 51, 117, 96, -28, 50, -125, -82, -43, -46, 94, 47, -48, 38, 13, -84, -120, -37, 38, -12, -10, -42, 0, 61, 91, 3, 110, 123, 44, 3, -35, 117, 8, -116, -30, 101, 58, -32, 40, -74, -116, 114, -110, -111, 16, 20, -76, -17, -109, 51, 79, -30, -30, 88, 120, -52, 59, 14, 88, -27, -60, 112, -127, -82, -110, -15, 118, 10, -113, 11, -24, 3, -19, -53, -29, 91, -72, 48, 60, -23, 70, 2, 104, -50, -65, 60, 38, -76, -62, 45, -100, -37, -110, 31, 116, -60, -87, 3, 7, -1, -52, -104, 6, 75, 112, 12, -105, -125, 18, 117, -29, 13, 7, 96, -2, -67, 113, 100, 71, -93, -73, -78, -78, -68, 5, 104, -61, 95, -100, -107, -96, 80, -56, 44, 115, -48, -74, 55, 57, 96, -94, 6, 8, 32, 6, 120, -10, 5, -9, 10, -96, -98, -122, 36, 101, 104, -83, -116, -24, -8, -126, -53, 103, 96, -4, 2, 5, 64, -57, -64, 73, 73, 3, 27, 32, 82, 74, 118, 2, 118, -46, -96, 28, 108, -89, -83, 2, -82, -67, -20, -92, 84, 76, -51, -76, 85, -44, -41, 27, -97, -66, -82, -35, 43, 61, -75, 109, 75, 77, 109, 45, -8, -2, 63, 72, 4, -21, -128, 19, -75, -106, 22, 60, -118, 67, 95, 44, 21, 12, -11, -79, -104, 27, -78, -112, -61, -69, -68, 28, 116, -16, 93, -116, -125, -78, -61, 52, 14, -89, -16, -103, 1, -64, -62, -103, -49, -98, 33, 6, 88, 8, 45, -20, -29, 7, -35, 11, 6, -38, 76, 46, 47, -26, 125, 44, -96, 15, -56, 60, -58, -81, 28, -64, 1, -70, -47, -45, 18, -108, 3, 64, 49, -20, 0, -38, -101, 55, 77, -30, 8, 87, -116, -61, -52, 89, 95, 56, 26, -41, 85, -119, 9, 90, -124, 72, -88, -103, -21, -51, 10, 81, -69, 112, -31, -126, 30, 64, 0, 49, -64, -46, 40, -40, -61, -38, -38, 118, -38, 72, -87, 25, 92, 66, -87, 107, -61, -105, -93, 65, -72, -32, 46, 48, -8, -122, 19, -48, 22, 38, 21, 1, -35, 48, 109, 105, 41, -127, 104, 105, 1, 1, 99, -11, 104, 117, 21, 109, 59, 41, 83, -48, 42, -45, -45, -89, -61, -82, -97, -106, 94, 61, 117, 99, 91, 47, -56, -65, -75, -67, -86, -67, -48, 52, -67, 76, 17, 116, -90, -74, -42, -127, -85, -96, -26, -106, 101, 121, -108, -45, 44, 9, 11, 3, -5, -92, 89, 115, -59, 18, 99, -90, -15, 39, -122, -121, 115, -57, 76, 115, 72, 4, -99, 14, 55, -109, -63, 39, -36, 45, -114, 27, -68, 76, -78, -36, 39, -23, 6, 48, -89, -14, 115, 113, -49, -28, -77, -112, 119, 91, -24, -44, 8, -84, 108, -113, 37, 36, 58, -16, -33, -16, -66, -111, 0, 42, -90, -127, 113, 124, 35, -114, 91, -39, -95, 49, -26, -126, -59, -70, -123, 55, -36, -60, 94, 6, 89, 124, -79, -74, -2, 18, -30, 30, -95, 38, 39, 55, 75, -49, -4, -126, -7, 5, 61, -128, 0, 98, -128, 45, 86, -127, 0, 109, 1, 80, 125, 108, 7, 90, -128, 7, 26, -43, -80, 3, -81, -87, -108, 6, 29, -109, 14, 79, -31, -96, 53, 46, -112, -21, 73, 65, -89, -122, 57, 106, -21, -126, 34, 56, 12, -100, 41, -76, 65, -67, 37, 21, 109, 71, 102, -16, 126, 53, -29, -45, -70, 82, -75, -46, -38, 109, -21, 85, -64, 49, -84, 56, 85, 17, 22, -57, -53, 32, -27, -106, -114, 14, 104, -88, -121, -85, -31, -104, -80, -71, -124, -48, -111, 56, -31, 23, 115, -109, 18, -127, 5, 47, -9, 76, -48, -67, 67, -96, -109, -46, 98, -68, -89, 37, 122, 115, 121, 59, -127, 58, -9, -64, -102, -42, -51, -54, -63, 50, -31, -122, 79, 43, -97, -107, -107, -104, -68, 96, 28, 63, 104, -51, -118, -91, 27, -48, -29, -4, 92, 55, 64, 91, -28, -127, 9, -6, -122, -16, 58, -48, -87, 77, -107, 126, -115, -119, 12, 21, -64, -126, 89, 70, -88, 50, -60, -35, 93, -51, 93, 78, 70, -19, 2, 48, 85, 95, 120, 113, 1, 32, -128, 24, -44, -91, -31, -23, 25, 52, -118, 97, 7, -34, 121, 5, -34, 112, 102, -84, 45, 101, 7, -114, 116, 96, 89, -124, 40, -52, -44, 65, 71, -123, -127, -121, -6, 64, 17, -20, 40, 21, 13, -14, -85, 18, -80, 33, 109, -90, 46, 13, -18, 28, -38, 73, -101, -86, 107, 75, -123, 69, 107, -81, -41, 61, 45, -43, -85, -66, -91, 77, 10, -24, -35, -34, 94, -48, 73, -45, -32, -42, 22, 48, 11, -77, -78, 66, -54, -83, -85, -96, 68, 125, -84, 49, 42, 49, 68, 111, -106, -60, 14, 123, -125, 23, 33, -64, -8, 81, 86, -98, -23, -92, 12, -14, 1, -28, -6, 18, 101, 46, -96, -113, -71, -64, 75, 118, -54, 29, -84, 22, -14, -57, -40, 47, -33, 81, 53, -99, -111, -49, 96, -87, -32, 66, 96, -13, -101, -97, 1, -88, -72, -68, 17, 88, -36, 89, -14, 3, 125, 92, 62, 37, -26, 6, -105, 50, -65, -61, 75, 96, 50, -106, 112, -105, 115, -97, 37, 33, -95, 6, -38, -4, 101, -2, 98, -18, 11, 8, 0, 8, 32, 6, 109, 109, 104, -125, 18, -28, 25, 96, 116, -126, -18, 47, -75, -109, 2, 95, 95, 42, 37, 101, -84, 45, 13, -22, 72, 33, 74, 45, 117, -16, -70, 68, -16, -8, -69, 10, -80, 49, -23, -88, 2, 108, -103, -86, 75, 9, -124, 73, 9, 8, 72, 11, -24, 106, 107, 71, 3, 19, 5, -80, -23, -91, -92, 30, 118, 58, 44, -6, 52, 48, -95, -84, 63, -83, 14, -10, 109, 45, 36, 27, -125, 19, 53, -85, -114, -114, 34, 120, -106, 105, -39, 85, 80, -89, -23, 6, 75, 67, -110, -102, -102, -38, 82, -5, 36, -63, 23, 22, 62, 14, -119, 14, -36, 12, -45, 110, -36, 112, 0, -35, -58, 3, -66, 19, 79, 25, -40, -6, -72, 81, 94, 14, 44, -116, -114, -35, -79, 98, 12, -16, 99, -84, 10, -30, 115, 107, 76, -16, -79, 16, -110, -73, 119, 72, 0, -35, -73, -59, -91, -20, -64, 87, 81, 97, 81, -7, 101, -99, 50, 48, -100, -68, -107, 99, 42, -26, -54, -56, 11, 65, 14, -17, -48, 83, 3, 121, 23, 1, 0, 2, -120, 1, -46, 7, 70, 116, -18, -127, -119, 23, 116, -41, 37, -112, 3, -12, -119, -79, 49, 90, -127, 5, 62, -68, 19, -44, 88, 6, 29, -7, -96, -28, 8, -84, -124, 65, 11, -13, 64, 59, 99, -116, -91, -63, 103, 0, 72, -37, -127, -102, -102, 32, 1, -69, 104, 105, -87, 94, -19, 45, 27, 85, 106, -91, 32, -98, -83, 101, -123, 102, 98, 86, 86, 69, 29, -48, 0, -26, -2, 3, 87, 117, -64, 99, 61, 13, -27, 75, -51, -43, -28, 4, 103, 50, 74, -68, 8, -31, -72, 51, -51, -37, -51, 79, -7, -122, 3, -24, 90, 3, 96, 71, 0, -20, 101, 39, 110, -27, -124, 27, -64, -126, 75, -103, -101, -47, 32, -56, 106, -71, -45, -115, 114, 96, 83, -71, -36, -34, 66, 72, -88, 66, -40, 7, 116, 69, -102, -78, -104, 88, -48, -14, -27, 65, 83, -90, 1, 115, 127, 76, -97, -4, -36, 23, 33, -77, -44, -12, -52, -63, -2, 85, 51, 71, -10, -17, 11, -128, 0, 98, 0, -81, -82, 68, -87, -118, 32, -99, 34, -108, -6, 23, -38, 105, 4, -99, 84, -20, 8, -71, -70, 23, -104, 4, 28, -103, -91, -128, 97, 2, 108, 123, -88, 104, -125, -117, 42, 59, 37, 80, 33, -26, 104, 22, 6, 108, 97, -122, 69, -37, 69, 27, -9, 74, 105, -97, 62, 45, 85, -93, 4, -70, -76, -76, 23, -108, -113, -127, 109, 75, 112, -45, 3, 84, 59, -19, 7, 39, -22, 96, 80, 123, 43, -95, -36, -44, 77, -49, 92, 70, -82, -54, 126, -23, 11, 61, 123, -27, 105, -36, -45, -100, -90, 53, -126, 83, 52, -24, -48, 86, 80, 34, -65, -95, -20, 52, 13, -104, 83, 99, -36, 102, 50, -68, 20, 19, -28, -29, 0, -35, -69, 12, 90, 113, 54, 83, 76, 40, 34, 66, -24, 72, -24, 14, 43, -58, 24, -31, -118, -105, 21, 49, -64, -122, 119, -43, -46, 23, 47, -52, -51, 103, -127, -114, -79, -112, 81, -109, 64, -15, 44, 8, 0, 4, 16, 3, -24, -110, 70, 99, -16, 64, -121, 52, -110, 23, -31, 61, 66, -88, 127, -63, -110, -80, -5, -74, 64, 7, -109, 74, 43, -127, 86, 101, -39, -87, 43, 73, 9, -40, 1, -37, 31, -38, -47, -70, -38, 97, 97, -96, -11, 105, -52, -38, -70, -38, -46, -96, 43, 124, -127, 21, -106, -12, -58, -45, -38, -75, 74, -75, 42, 32, 31, -125, -94, 120, 49, 56, 77, -125, 123, -58, -96, -43, 15, -96, -86, 41, -72, 1, 50, 98, 11, -20, -65, -55, -56, -15, 5, 8, -87, -55, 7, 76, 91, -56, -83, -52, -19, 0, 76, -101, -64, 42, -26, 14, -24, 94, 26, 96, 28, -105, 59, -8, 56, 57, 0, -117, 109, -114, 70, 46, -18, 29, 22, -126, -96, -55, -34, 4, -106, 114, -121, -104, 27, -119, -83, 95, -28, 64, 123, 5, -124, -28, 101, -28, 100, 34, 100, -36, 37, -52, -25, -50, 125, 1, 58, -122, 102, -106, -102, 26, -48, -45, 24, -2, 125, 1, 16, 64, 12, -64, -30, 20, -24, 56, 109, 88, -65, 1, -42, -114, 68, 106, 84, 66, -81, 110, 68, -52, -66, -104, -127, 14, 105, 5, -90, 92, -16, 14, -96, 48, 1, 1, -48, 34, 54, 117, 105, 109, 105, 21, -69, 48, 96, -73, 24, 24, -51, -64, -40, 53, 54, 86, 50, 3, 86, 84, 27, 65, -93, -127, -75, 74, 42, -67, 19, 22, 67, -73, -71, -128, 18, 52, -88, 15, -63, 122, 96, -65, 22, 40, -118, -125, 33, -119, 58, -63, -64, 92, 34, -28, 72, -100, -97, -96, -4, -46, -103, 62, -96, -83, 55, 49, -119, 49, -34, -119, -54, -96, -59, 103, 14, 14, -34, 49, 14, 119, -72, 3, -20, -61, 125, -72, 65, 107, -68, -113, 77, 11, -110, 23, 115, 56, -58, -62, 114, -61, 39, 6, -56, -69, -31, -19, 39, 8, -44, 37, -76, 84, 8, 88, 42, 95, 0, -7, 86, 79, 77, 79, 77, 6, -104, -96, 37, 36, -52, 49, 61, 12, 16, 64, -32, 53, 30, -96, -67, 41, -58, -16, -15, 44, -56, 124, 2, 82, -125, 67, 9, 118, 120, 13, 116, -118, 9, -76, -49, -112, 89, 5, -76, 101, 88, 26, 84, 62, 27, -125, -122, -19, -94, -75, -91, -116, -91, -93, -75, -103, -127, -123, 86, 24, -24, -98, 75, 96, -21, 67, 73, -32, 122, 52, -48, -65, 53, -96, 121, -75, 9, 83, -63, 23, 15, -125, 34, 24, 114, -39, 50, -88, 54, 6, 77, 51, 45, -101, 13, -54, -58, -106, -115, 81, 49, 18, -26, 22, 71, -86, 102, 90, -27, 28, -87, 90, -24, -28, -28, -51, -63, -80, -48, 9, 116, -15, -80, 55, -73, 19, -121, -109, -49, 58, 96, 47, 25, -40, -54, -20, 115, -69, 1, -70, 96, -102, -123, -59, 33, 71, -2, 8, -9, 49, -53, 59, -27, -96, -85, -75, 19, 44, 25, 2, 22, 30, 1, -81, -82, -74, -82, -84, 92, 42, -93, -90, 7, -20, 21, -127, -70, 70, 17, 106, 122, 23, -112, -63, 11, 16, 2, 8, 32, -122, -80, 104, -127, 104, -48, 98, 120, -48, -118, 60, 120, -62, 86, 2, 55, 33, -63, -73, 60, 74, 65, -74, -8, -64, 103, 18, 65, -34, 53, 99, 6, -35, 31, 7, -12, -95, 84, -104, -74, -110, 64, -76, -70, -128, 110, -76, -82, -128, 113, -76, -128, 18, 51, -24, -74, 56, 93, 80, 3, 27, -40, -76, 60, -83, 43, -96, 14, 29, -33, -82, 81, 81, 2, 23, 91, 32, 8, 58, 102, 26, -28, 97, -42, 101, 90, 32, 31, 95, -99, 13, 106, 126, -16, 31, 51, -19, 83, -109, 56, 18, -54, 23, 48, 115, -121, 32, -29, 13, 101, -27, 68, -97, 0, 31, 55, -48, -127, -31, -31, -96, 75, -89, -3, 64, 84, -8, 76, -66, 29, 12, 92, -32, 107, -30, -113, 37, 56, -19, -80, -112, -33, -79, -48, -78, -127, -27, 88, 66, -29, 13, -122, -123, -54, -31, 59, 118, -16, 5, -72, 57, 49, -8, -7, -75, -122, 92, -120, -128, 0, -67, 8, 44, 0, 32, -128, 24, -64, 43, -98, -19, -96, 3, -81, -64, 72, 6, 101, 69, 112, 22, 6, -10, 108, 65, -73, -75, 72, 43, -103, 33, 77, -100, 66, -68, 11, 42, -99, 65, 85, -113, -79, -79, 0, 16, 1, 91, 88, -64, 46, -90, 84, -76, 0, -80, 103, 40, 13, 94, -88, 10, -66, 85, 91, 27, 40, 14, -15, 45, 40, 23, -125, -29, 23, 84, 33, 67, 99, 24, -40, -90, -42, -47, 1, 45, -37, 58, 16, 60, 27, 88, 55, -103, 2, -77, 113, -107, -71, 28, -33, 14, 123, -18, -103, 71, 66, 2, -54, -113, 89, 58, 56, 49, 48, -128, 110, 20, 7, 1, -5, 86, -112, -121, 25, -62, -61, -83, -60, -60, -128, 5, 22, -105, -14, 13, -48, 53, -105, 1, -64, 122, 41, 39, 124, 90, 121, -126, -78, -109, -73, 67, 64, -24, 17, -63, 35, -35, 125, 12, 113, -53, -83, -11, 46, -24, 69, -72, -29, 4, 0, 1, -60, 0, 109, 74, 107, 67, 111, -69, 7, 85, 74, -64, -30, 9, -44, -35, 15, 3, -115, -70, -102, 57, 34, -49, 15, -125, 19, 51, -77, 10, -88, 37, 10, 108, 115, 0, -85, 107, -96, -65, 65, -19, 19, 41, 117, 1, -23, 48, 99, 102, 59, 1, 117, -29, 48, -29, 48, -96, 52, -24, 90, 75, -127, -115, 82, -32, -56, 5, 69, 50, -8, -10, 97, -96, 127, 89, 123, 107, 21, 123, 21, -63, -41, -121, -125, -120, 3, -96, 75, 106, 102, -33, 4, -115, -10, 40, -101, 90, 90, -68, -112, -29, 75, 114, -29, -16, 91, 42, -49, -51, -62, -110, 112, 35, 38, 96, 102, 56, 67, 92, 28, -56, -61, -32, 24, -98, 25, -73, -112, -37, 77, 120, 105, -107, -61, -79, 27, 11, -19, -109, -20, -71, -114, 113, -7, 8, 47, 13, -111, -87, 60, 82, -107, 83, 37, 40, -76, -44, -62, 2, -104, -113, 13, 44, -124, -36, 35, -12, 46, 68, 0, -101, 86, 64, 32, 39, 35, 7, 7, 50, 80, 2, 32, -128, 24, 32, -50, 87, -105, -122, -114, -61, -126, 119, 120, -128, -42, -121, 43, 41, 9, -88, -125, 103, 13, 85, -96, 119, -12, -104, -127, -42, 111, -128, -122, 40, 65, -83, 47, 112, 23, 33, 90, 91, 41, -52, 78, 9, 88, 102, 9, -24, 2, -45, -79, -93, 105, -104, 0, 48, -84, -76, -19, -62, -128, 45, 47, 51, 41, 96, 63, 10, 126, -127, 124, 13, 4, -10, -126, 74, 107, 80, -59, 4, -114, -30, 101, -96, 56, 86, 100, 1, 102, -29, 53, 87, 65, -39, -104, 43, -118, 75, -26, -123, 124, 18, 48, -17, -18, -112, -81, -32, 6, 45, -29, -120, 1, 93, 73, 12, -12, -82, 61, -40, -61, 32, 102, 56, 71, 98, -33, -105, -91, 85, -45, -128, 57, -36, 109, 33, -24, -30, -87, -60, -72, -118, 16, 80, 25, 13, 44, -91, 13, 44, -128, 37, 23, 8, -56, -128, -70, -66, -18, 50, -64, 118, 71, 8, -48, -45, 16, 18, 1, 0, 2, -120, 1, 116, -81, -114, -110, 52, -60, -53, -96, 65, 29, 112, -12, -128, 6, -101, -107, -116, 65, 19, -127, -96, -93, -47, 65, 3, -49, -32, 59, -33, -103, 77, 65, -34, 5, -75, 61, -43, -127, 85, 45, -80, -63, 105, 12, 108, 122, -125, -110, -80, 122, -76, 49, 80, -67, 54, 48, 51, 104, 67, 54, -70, 1, 59, -57, -58, 82, 42, -112, 13, 65, -32, 109, 109, 32, -1, -126, -18, -120, -97, 58, 85, 21, 88, 37, -77, -78, -86, -126, 90, 31, -64, 38, 23, 40, -114, 117, 64, 91, 108, -93, -8, -7, -93, 56, 36, -44, 42, -62, 25, 124, 102, 50, 126, 49, -32, 0, -42, -77, -106, -34, 64, 31, -57, -127, 78, 54, -11, 91, 24, 14, 58, -14, 29, -24, 119, 31, 110, 110, -58, 74, 121, -31, -72, 24, 7, -122, 36, -122, 105, -119, -4, -57, -54, -89, 49, -20, 16, 90, 10, -15, 42, 8, 44, 93, 10, -116, 117, 96, -46, 5, 86, 86, 32, 0, -13, 39, 36, -102, -35, -27, -28, 0, 2, -120, 65, 9, -20, 15, -48, 10, 120, -16, 113, -128, -96, 6, 35, 104, -90, -108, -39, 84, 74, -101, -39, 76, 10, 116, 84, 24, 100, 62, 17, 60, 28, -87, 2, -66, 124, -42, 76, 9, -76, 44, 90, 9, -108, -98, -61, -128, 117, 16, 48, -37, 43, -123, 49, 51, 3, -3, 13, 42, -71, 64, 11, 10, -108, -108, 64, -69, -28, 65, -77, -120, -48, 8, 94, -84, 84, 3, -70, -107, -73, 23, 52, -45, -44, 92, -77, 31, 24, -57, -32, 67, -29, 65, -105, 2, 104, -19, 63, -96, 117, 117, 13, -88, 81, 125, -29, 88, 20, -125, -102, 123, -9, 76, 6, -5, -16, -27, -95, 6, 126, -4, -106, 13, 9, 49, 1, -10, 51, 65, 3, 120, -83, -31, 64, -64, 0, -50, -48, 113, -31, 78, 78, 57, -14, 66, 22, -35, 1, 11, 99, -64, -29, 28, -4, -106, 62, 22, -62, -14, 6, -14, 8, 63, 11, 9, -123, -56, -71, 67, 19, 53, -40, -101, 32, 16, 1, 30, -14, -120, 112, 7, 8, 32, -16, -75, 7, 102, -96, 113, 85, 71, 51, 37, 120, 45, 4, -34, -45, 34, -83, 4, 27, -65, 52, 3, -33, 72, 98, 6, -18, 28, 74, 73, 9, 0, 17, -80, 30, 82, 87, -118, -74, 3, 38, 92, 109, -127, 104, -29, 104, 37, 83, 37, -48, -75, -66, -47, -38, -96, 125, 47, -64, 98, 14, -68, -35, -44, -116, 25, 122, -98, -72, -118, -54, 98, -16, -91, -53, -96, 50, 107, -62, -6, -12, -102, -59, -64, -116, -84, 10, 42, -84, -105, -127, 78, 20, 63, -96, 117, 64, 43, 120, 13, 104, -49, -87, 114, 66, 84, -128, -98, 80, 21, 67, 64, -128, 91, 120, -107, -5, 14, -48, 120, 85, 12, 104, -109, 120, 95, 95, 43, -88, -112, 102, 0, 93, -111, 8, -116, 100, 63, 6, -97, -72, 80, 121, 33, 33, 11, 97, 123, 110, 96, 23, -71, -100, 95, 44, 52, -57, 66, 112, 41, -78, -121, -123, 100, -28, -32, -91, 20, -56, -101, -16, 98, 91, 47, 2, 32, -128, 24, -92, -44, 65, 73, -42, 12, 114, -53, 10, -88, -43, -88, -126, 52, 34, 13, 78, -36, -32, -69, 0, -52, -64, 53, 21, -80, 20, -106, 82, -41, 53, 6, 23, 78, -46, -38, 2, -22, 118, 2, -64, 38, -106, -128, -99, -103, -87, 52, -88, 34, 7, 13, 119, -127, -102, 101, 102, -64, 20, 14, -102, 35, 6, 106, -126, 108, -10, 82, 50, 51, -85, -87, 5, -42, 76, -75, 19, -42, 3, -13, 49, 104, -117, 45, -12, 42, 19, -16, -59, 30, -53, -128, 5, 87, -16, 26, -48, -39, -98, 14, -57, 26, -126, -124, -106, 10, -38, -49, 92, 23, -29, 83, 33, 33, -100, 104, 105, -103, 48, 45, -96, 15, -108, -121, 65, -66, 5, 3, -65, -92, -27, -53, 95, -14, 45, 111, -75, 18, 22, -110, -111, 17, 18, 50, 16, 22, -29, 19, 14, -111, 71, -11, 45, -88, -37, 32, -25, -18, 14, -9, 36, 16, 92, 0, 66, 48, 120, 1, 16, 64, 12, -47, -64, 46, 96, -104, 18, -72, 80, -126, -36, 3, 102, 106, 10, -69, 11, 12, -54, 6, 117, -116, 32, -125, 1, -38, -64, -86, 72, 74, 58, 12, 84, 98, -127, -90, -52, -20, 64, 37, -71, 122, -76, 20, -77, -87, 52, 48, 37, 11, -128, 115, 47, 104, -80, 90, 58, -38, 24, 124, 92, 62, 52, 3, 3, 67, 16, 84, 84, 3, -21, -32, -102, 9, 77, -21, 23, 3, 41, -16, 61, 38, 32, 15, -77, -22, -128, 74, -82, 101, -64, 56, -34, -13, 0, -76, -26, -44, -127, -91, -63, 74, 72, 70, -120, -63, -55, -119, -93, 53, 116, -106, 60, 119, -62, 49, -53, 24, -48, 2, 46, 63, 80, -126, 102, -128, -6, 119, 57, 104, 89, 68, 43, -61, -53, -48, 47, 50, 96, -33, 1, 61, -114, -22, 97, -96, 119, -63, -2, -43, 3, 55, 54, -64, 16, -44, -68, -122, -12, 38, 0, 2, -120, -63, -50, -40, 81, 61, 90, -38, 81, -119, 25, 26, -67, 42, 102, 72, 43, 90, -64, -53, 88, 32, -93, -75, -64, 88, -109, 22, -80, -109, 18, 48, 6, 35, 59, -87, 48, 96, 122, 22, 80, 7, 34, -87, 40, -57, 48, 93, -48, -91, -61, 97, -47, -58, -32, 109, 124, -22, 64, 5, -64, -126, 30, -44, -63, -128, 108, 60, -122, -107, -44, 64, 63, 111, -100, -70, -72, 6, -76, -101, -119, 117, 2, 43, -72, -41, -92, -88, 3, -20, 56, -119, 0, 125, 124, -32, 38, -36, -57, 50, 47, -124, -90, -36, -31, 94, 55, -109, 113, -106, 4, 104, -116, 35, -111, 33, 41, 41, 0, -40, 0, 1, 85, 76, 1, -53, 95, 78, -17, 126, -103, -76, 16, -68, -116, -25, 6, 87, 92, -120, 28, 56, 62, 67, 66, 80, 50, 112, 8, 120, -116, 18, -24, 93, 120, 123, 18, -24, 91, 96, 39, 17, -36, -56, 6, 8, 32, 6, 105, 41, 71, 37, 41, 72, -15, 4, 93, -59, 2, 95, -28, 1, -114, 29, 112, -25, 65, 27, 116, 82, -74, -79, -76, 110, -76, -70, -82, -70, -76, -128, -76, -70, -128, -70, 58, 40, 110, -19, -128, -91, 52, 115, -108, 25, 104, 36, 15, -68, -43, 5, -76, 28, 72, 5, 116, -125, 47, 120, 59, 50, 120, -95, 41, -52, -61, -32, -7, 117, 72, 3, 100, -15, -30, 90, -48, -75, -68, -112, 94, -109, -114, 14, -8, 118, -113, 3, 7, 20, -63, 62, 102, 81, 102, 105, 88, 62, 119, -82, 60, 71, -30, 58, -122, -103, 86, 66, 18, 98, -45, 64, -93, -18, -10, 113, 64, -17, -58, 1, -101, 30, 126, 124, -116, -95, -126, 22, -126, -116, 49, -96, 29, 72, 49, -36, -27, 124, 23, -36, 65, 37, -79, 28, -76, 36, -106, 9, -127, 84, -73, -18, -18, 72, -34, 5, 117, 38, -44, 102, -55, -56, -87, -67, 0, -73, -84, 1, 2, -120, -63, 78, -37, 76, 91, -35, 76, 93, 93, 5, -108, 72, -91, -63, -117, 121, -108, -96, 119, 116, -128, 22, -14, -128, 6, 62, -128, 0, -44, -27, 83, -41, 6, -6, -39, 88, 9, -104, -98, -91, -93, -43, -127, -103, 89, 26, -40, -31, 85, 2, 29, -84, 109, 7, 57, -64, 4, -44, -55, 84, 1, 86, -64, 2, -112, -21, 31, -96, -5, -24, -95, -37, 24, -63, 21, -79, 18, -92, -63, 85, 83, -85, 8, -84, -104, 38, 40, 66, 42, 100, 29, -16, -59, -53, 58, -64, 6, -56, 93, 80, 28, -33, 0, -58, -79, -71, -100, 32, 55, 7, -48, 127, 1, 85, 66, -14, 1, 92, -106, -106, 14, 83, 64, -98, 5, -6, 56, 0, -76, -91, -48, -64, 34, 68, 72, -52, 62, 6, 116, 91, -128, -4, -117, 11, -32, 70, 21, 44, -69, 74, 64, 75, 39, 112, -53, 25, 30, -67, -64, 110, 19, -80, -33, 4, 4, 47, -26, -86, 89, 0, 4, 16, -80, -73, 100, 6, 44, -73, -92, -92, 29, 29, 65, 29, 92, -48, 9, -120, -32, -51, -19, -80, -107, 121, 74, -96, -90, -109, 54, -88, 90, 21, 8, 83, 23, 8, -45, 6, 117, 6, -19, -92, 117, -127, 108, 59, -19, 104, 105, 96, -31, 14, -118, 121, -16, 41, 38, -112, -63, 16, -96, 122, 109, 21, -24, 74, 39, -16, 82, 32, 21, 37, 40, 5, -52, -55, 32, 15, -125, -58, -13, -128, 13, -52, 90, 104, 11, 19, 114, -67, -121, 72, 112, 48, -48, -57, 55, -17, 30, -125, -8, -40, 62, 68, -56, -32, 37, -80, 107, -21, 22, -41, 119, 100, -87, -80, 19, 127, -62, 13, -114, 117, 51, 91, -3, -128, -83, 106, 43, 62, -66, 112, 55, 43, 3, 33, 25, 80, -25, 79, 14, -24, 11, -48, -56, 13, -62, 115, -96, 40, -100, 11, -14, -94, 26, -120, 2, -58, -19, -36, 23, 32, -33, 74, -24, 65, 122, 77, 23, -106, 78, -25, 3, 8, 32, 6, 59, -16, -95, 120, -32, 83, 43, -43, -63, 21, 19, 40, 86, 28, 33, 19, 98, -64, 88, -106, -74, 11, -77, 3, 122, 9, -76, -103, 75, -37, 88, 87, -37, 14, -104, 91, -127, 73, 90, 87, 29, 40, 40, 101, 6, 44, -68, -43, -63, -101, -9, -64, 123, 109, -63, -77, 15, -64, 54, -119, 10, -12, -60, 113, 71, -16, -114, 92, 72, -61, 99, -79, -110, 84, 45, -72, 81, 93, 3, 25, -80, -83, 5, -74, 48, -63, 117, 49, -24, 54, 4, -16, 109, -45, -63, 34, 90, 7, -10, 88, -107, 3, 107, -89, 27, 9, 13, -45, -114, 8, 69, -28, -128, -18, 78, -118, -21, -77, 58, 34, 104, 5, -70, 2, 125, 93, -21, -14, -72, -103, 113, 124, 124, 124, 78, 12, 66, -64, 54, -94, -48, 82, -103, 89, -80, -79, 12, 115, 8, 109, 14, -122, 32, -98, 121, -114, -40, 92, 115, 112, 63, 81, 2, -44, 41, -42, 3, 42, 4, -59, 121, -91, 88, 80, 80, 43, 64, 0, 49, -124, -39, -87, 104, 27, -125, 38, 60, -127, -99, 60, 96, -55, -92, 13, 58, -114, 3, -24, 21, 104, 65, -19, 104, 39, 0, 58, -106, 36, 44, 76, -54, 14, 88, 15, 1, 27, -115, -64, -108, 44, -96, -92, -82, 43, -91, 14, -84, -117, -104, 29, -63, -21, 36, -64, 123, -14, -64, -25, 45, -127, 54, -54, 75, -125, -29, -41, 17, 76, -126, -113, -6, 4, -59, -82, 25, -28, -50, -117, 90, 72, -101, 26, -44, 109, -86, 1, -11, 19, 33, 73, 26, 116, -59, 7, 56, -114, -127, -11, 113, -114, 3, -88, 119, -52, 111, 90, 46, -84, -89, 38, -20, -29, -76, -48, -57, 39, -64, 126, -57, 17, 49, -122, 68, 46, -114, 112, 96, 28, -73, 2, 61, 108, -97, 36, 97, 14, -116, -35, 89, 50, 66, -64, 54, 37, 104, 32, 7, -20, 75, -120, -73, -63, 94, 7, 18, 66, 114, -26, 122, 18, 18, -64, -126, 106, -106, 57, -80, 104, 6, -42, 72, -64, -28, -2, 37, 116, 57, -24, 74, 30, -128, 0, 98, -112, 6, -6, 86, 29, -76, 78, 1, 88, -58, 48, 43, -127, 110, 107, 80, 1, 85, -51, -48, -11, -76, 74, -32, 77, 122, -58, -47, -96, 36, 45, 96, 12, -84, 114, 117, -93, -115, -127, 72, 64, 10, -68, 112, 71, 26, -68, 86, -62, 24, 60, 70, 4, 90, 115, 8, 44, -37, -92, -64, -19, 24, -24, -79, -14, -112, -53, -71, -51, 84, -92, -95, 23, -102, -128, 98, 24, -40, -20, 2, 119, 35, 20, -63, -111, 12, 90, 60, -114, -120, -29, 101, 7, -82, 86, 121, -125, 90, -103, -54, 13, -57, -90, 3, 123, -117, -31, 28, 11, 125, -72, 25, -30, -110, -70, -59, 94, -122, 115, -57, 36, 114, 79, -15, 3, -17, -122, 8, -107, -105, 0, -91, -24, 89, -77, 100, 4, -123, 102, -55, -123, 88, 28, 57, 34, -76, 52, 68, 78, 66, 78, 110, -106, -60, 44, 53, 57, 3, 49, 53, -71, 89, 33, 22, 106, 114, 50, 106, 18, -18, -18, -96, -70, 23, -24, 91, 119, -31, -105, 126, 65, -45, 91, -99, 98, -72, 1, 2, -120, 33, 12, 52, 52, -85, -92, 14, -82, 46, 65, 113, 1, 90, 72, 104, 39, 13, -99, -44, 102, -42, -42, 5, -10, -105, 117, 65, 40, 26, -44, -31, -43, 6, -14, -19, 116, -61, 84, -64, -51, 76, 99, 59, 72, -105, 18, 62, 43, 5, -20, 89, -126, 74, 122, -24, 5, -96, -114, 96, -97, 67, 90, 50, 16, 15, -41, -128, -37, -44, -67, -96, -111, -113, 94, -48, 4, 121, 45, 40, -122, 65, -69, -87, 33, 94, 6, 70, -14, 50, -83, -85, 86, 78, -96, -95, 91, 101, 22, -106, -128, 16, 9, -103, 62, 14, 110, 39, 39, -89, -103, -10, -96, 53, -91, 1, 110, 49, -34, -34, 110, 51, -109, -8, -8, 102, -58, -123, -128, -86, 84, -80, -97, 65, -47, 24, 98, 16, -78, 84, 78, -48, 66, 78, -50, -62, 66, 76, 66, 44, -64, 74, 66, 70, 72, 6, -104, -110, -43, 64, 69, 24, -72, -87, 85, 57, 29, 116, 10, 68, -46, 58, 96, -11, 30, 3, 16, 64, -96, 91, -15, -44, -91, 64, 61, 95, 21, 105, 32, 101, 12, 76, -107, -114, 42, 2, 97, 42, -48, -117, -32, -127, -111, 10, -116, 95, 117, -48, -58, 83, 96, -21, 74, 64, 61, 76, 23, -76, 71, 15, -36, -10, 86, -121, 108, -104, 6, -113, 0, -126, 22, -66, -128, 122, -122, -32, -63, 2, 51, 41, -16, 46, 62, 80, -24, -127, -13, 50, -56, 96, 96, 83, 11, 28, -23, -117, -51, -52, 22, -85, -128, 15, -53, 7, 66, 112, -41, 88, 81, 81, 21, 114, 73, 15, -40, -57, 87, 15, 52, -34, 109, 5, 22, 93, 44, 14, 9, 44, 49, 22, -26, 33, -35, -36, -36, 78, -96, 123, -33, -62, -109, -124, -27, -113, 88, -7, 112, -33, -71, -63, -59, -51, 48, -109, 113, -87, -7, 44, 25, 96, 2, -42, 3, 13, 57, -49, 2, -6, 79, -51, 2, 88, 43, 1, 75, 50, 57, 96, -15, 4, 26, -119, 6, -122, -125, 28, -60, -73, -64, -86, 74, 120, 57, -125, 125, 16, -93, -3, 66, 110, 110, -48, -127, -5, 0, 1, -60, 0, 78, -49, 102, 102, -48, 45, -46, -46, -96, -36, 12, 116, -94, 52, 52, 11, -121, -23, 66, 18, -76, 110, -104, 49, 104, 71, 117, -104, -74, 52, -88, 81, 2, 12, 31, 112, 81, 5, 25, 50, 0, 15, -110, 0, 69, -116, -75, 85, 16, -73, 36, 48, 67, -113, 59, 1, -59, -77, 25, 120, 45, -97, -110, 84, -81, 116, -81, 84, 111, 109, -83, 10, -24, -78, -53, -59, -5, 65, 41, -101, -75, -106, 21, 94, 88, -125, -85, 39, 96, 36, 31, 88, -72, 99, 26, -88, -24, -30, 58, -58, -97, 35, 39, 103, 48, -109, 3, 116, -120, -6, 66, -122, -103, -10, -95, 6, -126, -35, 1, 110, -54, 9, 9, -54, 28, 11, 115, 24, -5, 12, -44, 64, -39, 85, 79, 66, 6, 20, -51, 114, -77, -44, 36, 64, -123, 54, 120, 60, 11, 82, 61, -71, -125, -26, 29, -28, -123, -109, -30, 2, -8, 114, 24, 103, 58, -127, 110, -70, -67, -29, -32, -64, 5, 16, 64, 12, 102, 74, -112, 107, -65, 32, -21, 71, -127, 73, 27, -44, 91, -78, 19, 80, 1, 71, 48, -80, 23, 0, -12, 43, -24, -74, 14, -96, 111, -127, -51, 11, 37, 112, -57, 24, 52, 100, 103, 7, 58, -1, 3, 50, 12, 6, -18, 89, -126, -54, 53, 51, -24, 81, 24, -48, 5, -41, 42, 82, -112, -107, -117, -32, -15, 108, 41, 37, 72, -31, -19, 8, -116, 97, 80, -81, -87, 119, -79, 35, 115, -61, 126, -56, 16, 38, -44, -61, -112, 10, 57, -8, -86, -27, 29, -66, -103, -64, 26, -39, -46, -95, -36, -110, 65, 94, -58, 98, 7, -8, -114, 52, 39, 96, 77, 60, -109, 81, -20, -120, 88, 85, 64, -116, 114, 121, -93, 3, -9, 76, -85, 29, 6, 114, 18, 106, -32, -42, 19, -80, -43, -88, 6, 42, -95, 36, -52, 95, -128, -68, 11, -19, 14, 47, 21, -84, 74, -22, -74, -22, -37, -47, -67, 99, 38, -24, 114, 91, 111, 111, 111, 7, -27, -58, 70, -128, 0, 98, 48, -123, -72, 78, 9, -36, -46, 2, 121, 26, 20, 81, 118, 97, -112, 98, 75, 9, 124, 88, -121, 110, 88, 24, 104, 34, 88, 5, 60, 8, 0, -22, -2, 11, -40, 25, -125, -113, -75, 80, -121, -60, -83, -70, 52, 56, -5, 58, 34, 93, 127, 1, 30, 50, 80, 82, 82, -126, -52, -52, -128, -82, 113, 69, 6, -64, 58, 0, -104, -115, 107, 23, -17, 103, -34, 95, -85, 8, -117, 99, 72, -86, 6, -6, -104, 125, -39, -115, 0, 62, 112, 105, -83, 108, -87, -100, 35, 20, 34, -42, 7, 58, -126, -44, -51, 9, -44, 35, -114, 99, 20, 19, 4, -35, 36, 4, 116, -70, -125, 27, -125, 85, 85, -114, -16, 17, 3, 11, -95, 16, -96, 95, 33, 0, 116, -30, -102, -96, 117, -123, -16, -114, -96, -92, -103, -31, 11, -61, -109, 118, -28, -20, -24, 115, -29, -72, -109, -104, -104, 8, -66, -123, 29, 24, 80, 0, 1, -60, -64, 12, -74, 31, 114, 25, -81, 10, 100, 37, 41, 104, 72, 18, -30, 97, 117, -48, 21, 67, -46, 118, -112, 51, 77, 84, -64, -57, -77, 0, -3, 9, 89, -109, -90, 13, 110, 105, 64, 22, 79, -37, 69, -85, 59, 66, -81, 15, -125, 68, -82, 25, 120, 50, 70, 90, 27, -104, 38, 80, -3, -118, -28, -21, -3, -64, -114, -45, -2, -3, -114, 53, -32, -47, 0, 29, 80, -11, 4, -10, -16, -43, -32, 96, -10, 70, -114, -66, -123, 44, -96, 81, -112, -14, -14, 41, -126, -14, 6, -95, 73, 78, 28, -96, 90, 25, -40, -125, 8, 15, -113, 3, 109, 124, -49, -31, 11, 0, 102, 72, -48, -27, 105, -31, 12, 11, 125, 102, 2, 59, 24, -64, 78, 100, -97, 125, -110, 95, -85, -33, -52, 117, -21, 124, -42, 49, 112, -5, 4, 88, -19, 16, -18, 78, 114, -13, 6, -115, 110, 123, 123, 39, 58, 112, 1, 43, 115, -18, -123, 113, 0, 1, -60, 32, 37, 13, 10, 127, 83, 36, 111, -101, 1, 75, 44, 59, 80, -67, 3, -84, -108, -76, -61, -94, -91, 32, 65, -95, 4, 26, 124, -115, 14, 3, -83, 73, -77, 3, 85, -66, -38, -32, -109, -72, -63, -27, 47, -80, -8, -110, 6, 107, 4, -17, -3, 0, 15, 11, -127, -50, -76, 1, -51, -75, -31, -14, 45, -44, -49, -117, 123, 89, 23, -17, 7, 29, 48, 6, -51, -59, -48, 56, -34, 115, -13, 14, 87, -8, -53, 24, -96, 2, -2, -58, 114, -82, 0, 107, -117, 47, -62, 126, 83, -128, -59, -105, 19, -9, -62, -123, 83, -128, -51, -52, 56, -66, -23, 21, 95, -66, 124, 121, 57, -67, 117, 29, -61, -70, 41, -45, -108, 19, 99, -72, -99, 56, -90, 44, -100, -62, -67, 110, -54, 58, -89, -123, 12, -64, -86, 91, 44, 84, 88, 56, 39, -119, 1, 52, -49, -20, -51, -63, -63, 113, 71, -7, 6, 40, 27, 48, -40, -9, -39, 3, 4, 16, -48, -61, -96, -46, 10, 124, 121, 48, -60, -37, -32, 30, -95, 10, -88, -26, 1, -11, -6, -116, -107, -64, 99, -108, 118, -64, -26, 7, -80, -1, 23, 6, 62, 26, 29, -104, -96, -63, 43, 95, -64, 39, 17, 1, 67, 2, -88, 8, -28, 71, 112, -34, -123, 28, -1, 9, -70, 44, 80, 90, -119, 57, -118, 48, 48, -83, 97, -83, -39, -65, 24, 50, -4, 1, -66, 126, 10, 116, 41, 98, 112, -16, 30, -89, -60, -104, 86, 63, -48, 93, -82, -4, 55, -54, -67, -105, 91, 127, -79, -74, 126, 9, -70, 116, 23, 116, -73, -31, -108, 117, 64, -64, -32, -73, 92, 88, -72, -78, -14, 75, -120, -75, -16, -53, -105, -53, -19, 65, 27, 7, -128, -32, 11, 104, -125, -71, -104, -104, 112, -24, 14, -85, 0, 39, 96, 17, 21, -61, -51, -105, -61, -32, 52, -19, 70, -29, -115, 59, 49, 110, -31, 113, 125, 1, 11, 99, 0, 2, -120, 1, 50, -68, 1, 105, 25, 49, -125, 111, -119, 54, -115, 2, 71, 20, -88, 22, 6, 118, -106, -107, -44, -91, -115, -63, -57, -63, 65, 78, -81, -127, 44, 18, -128, 104, 50, -125, 102, 106, 37, -24, 38, 1, -24, 22, 17, 80, 58, 81, 34, -50, -69, -112, 104, 86, 92, -68, 95, 11, 50, 82, 13, -66, -36, 4, 124, -77, -23, 77, 31, -18, 105, 49, 51, 99, 64, 29, -88, 114, -2, 114, 7, -5, 10, -21, 10, 62, 96, -124, -15, 43, 3, 75, -97, 105, -64, 10, 6, 52, 74, 15, -54, -42, 113, 73, 124, -116, 59, -86, 12, -28, 43, -124, -89, 47, 111, 13, -86, -88, 8, -35, -63, 24, 16, 14, -84, 110, 19, 29, 64, -99, -117, -66, -92, 35, -31, -96, 59, -42, -67, -99, 124, -30, -20, -19, -19, -99, 28, 26, -71, 0, 2, -120, 65, 74, 9, -79, -30, 31, 122, -61, 16, -77, -87, -103, 20, 56, 11, 3, 43, 31, 21, 105, 99, 80, 90, 6, -99, -22, 32, 13, 30, -74, 6, -83, -26, 2, 23, -65, 16, -17, -126, 23, -13, -128, -73, -12, 64, 54, 74, -128, -5, 28, -64, -102, -104, 88, -17, 66, -67, -68, 31, 24, -53, -96, -103, 114, -120, -97, 65, -41, -116, -19, 113, -14, -31, -16, -26, 112, 82, 110, 0, -19, 7, -31, 47, -25, -102, 41, 108, 16, 106, -49, -83, -36, 8, 44, 120, -128, 64, -39, 27, 116, -47, 22, 55, 55, 7, 7, -104, -63, -32, 51, 77, -103, -117, 11, 116, 12, -62, -99, 105, -45, 18, 19, 99, -68, 57, 64, 119, 109, 57, 37, 42, -57, -120, -123, 59, 112, 112, 44, -100, 105, -97, -44, 23, -25, -28, -83, -52, 117, -57, 9, 32, -64, 0, 85, -128, -116, 1, -93, -96, 65, 34, 0, 0, 0, 0, 73, 69, 78, 68, -82, 66, 96, -126]
      //   2. (00016): astore_1
      //   3. (00017): aload_0
      //   4. (00018): ldc 'instructions.png'
      //   5. (00021): aload_1
      //   6. (00022): invokevirtual -1 3
      //   7. (00026): pop
      //   8. (00027): aload_0
      //   9. (00028): ldc 'img/instructions.png'
      //  10. (00031): aload_1
      //  11. (00032): invokevirtual -1 3
      //  12. (00036): pop
      //  13. (00037): arrayinit 'byte' [-119, 80, 78, 71, 13, 10, 26, 10, 0, 0, 0, 13, 73, 72, 68, 82, 0, 0, 0, 29, 0, 0, 0, 29, 4, 3, 0, 0, 0, -92, -67, 122, 60, 0, 0, 0, 39, 80, 76, 84, 69, -1, -1, -1, -1, -1, -1, -1, -1, -1, -1, -1, -1, -1, -1, -1, -1, -1, -1, -1, -1, -1, -1, -1, -1, -1, -1, -1, -1, -1, -1, -1, -1, -1, -1, -1, -1, -1, -1, -1, 81, -70, -3, 18, 0, 0, 0, 12, 116, 82, 78, 83, -18, -52, -69, -86, -120, 119, 102, 68, 51, 34, 17, 0, -94, 91, -118, -114, 0, 0, 0, -68, 73, 68, 65, 84, 24, -45, 99, -40, 13, 4, 59, -110, 5, 14, 8, 71, -128, 88, 27, 24, -128, -60, 118, -125, 51, 64, 112, -64, 28, -54, -33, -23, 112, -64, -84, 107, 87, -101, -63, 1, 79, 8, -65, -8, -128, 7, 88, -109, -61, -31, 106, 16, 127, -69, -114, -6, 110, 48, -40, -82, -93, 1, -30, 79, 62, -36, 13, -31, -17, 110, 62, 52, 27, -56, -9, -47, -128, 114, 119, -17, -48, -15, -34, -64, -80, -99, -95, 26, -58, -33, 93, -64, -66, -127, 97, -13, 17, 56, 119, -9, -106, -61, 27, 24, 26, 56, 16, -4, 29, 12, 13, 12, 49, -42, 8, -2, 110, -101, 0, 6, -101, 108, 36, 126, -114, 1, -125, 76, 55, 18, -65, 71, -128, -127, 103, 53, 18, 127, 13, 3, -61, 25, 36, -18, -18, 61, 7, 48, -28, -47, -11, -93, -101, -113, 110, 63, -70, -5, -48, -35, -113, -18, 63, 116, -1, 35, -121, -49, -31, -39, -88, -31, -89, -114, 45, 124, 49, -62, 31, 61, 126, -128, 74, -125, -31, -15, 7, 0, 102, 35, 16, -28, 30, 79, -19, 3, 0, 0, 0, 0, 73, 69, 78, 68, -82, 66, 96, -126]
      //  14. (00043): astore_1
      //  15. (00044): aload_0
      //  16. (00045): ldc 'instructions_select.png'
      //  17. (00048): aload_1
      //  18. (00049): invokevirtual -1 3
      //  19. (00053): pop
      //  20. (00054): aload_0
      //  21. (00055): ldc 'img/instructions_select.png'
      //  22. (00058): aload_1
      //  23. (00059): invokevirtual -1 3
      //  24. (00063): pop
      //  25. (00064): arrayinit 'byte' [-119, 80, 78, 71, 13, 10, 26, 10, 0, 0, 0, 13, 73, 72, 68, 82, 0, 0, 0, -16, 0, 0, 0, 60, 8, 3, 0, 0, 0, 111, -95, -57, 111, 0, 0, 0, 69, 80, 76, 84, 69, 49, -29, 0, 49, -37, 0, 49, -45, 0, 49, -49, 0, 41, -53, 0, 41, -57, 0, 41, -61, 0, 41, -66, 0, 41, -70, 0, 41, -78, 0, 41, -82, 0, -1, -13, 0, -25, -29, -25, -58, -57, -58, -58, -61, -58, -67, -70, -67, -67, -74, -67, -67, -74, -75, -75, -70, -67, -75, -70, -75, -75, -74, -67, -75, -74, -75, -100, -98, -100, -40, -6, 8, -125, 0, 0, 4, -58, 73, 68, 65, 84, 104, -34, -19, -102, -51, 118, -29, -72, 17, 70, -119, -6, -2, 10, 74, 60, -92, 100, 37, -17, -1, -88, 89, 80, 26, -69, 45, -9, 88, 61, -55, 34, 51, 102, 109, 40, 66, -64, 69, 93, 22, 64, 30, -98, -61, -27, -97, -33, 44, -106, 127, 127, -77, 88, -2, -11, -51, 98, 89, -41, -53, 122, 94, -33, -57, -7, 114, -5, 113, 63, 110, -21, -70, 109, -21, 121, 91, -41, -19, -83, -41, -74, -66, 94, 95, -49, -105, -19, 114, 94, -41, 109, -69, -84, -37, -74, -82, -25, 117, 93, 47, -105, 125, -64, -70, -82, -21, -7, 118, -68, -34, 97, -41, 125, -20, -11, -70, -66, 94, -9, -109, 109, -35, -50, -81, -73, 73, -10, 57, -73, -13, 126, 118, 94, -41, 117, -67, 94, 118, -64, -27, 93, 66, -25, -11, -11, 117, 91, -41, 117, 31, -74, 93, -81, -37, 118, -101, -32, 122, -71, -11, 121, -67, 94, -33, 52, 110, 86, -73, -47, -53, -6, -51, 98, -7, -19, -101, -59, -125, -16, -53, 111, 47, -9, 31, 63, -76, 126, -20, -11, 24, 47, 95, -51, -11, -14, 76, 66, 47, -17, -69, -67, 124, 28, -12, -14, 53, -22, -31, -81, -105, 31, 90, -106, -105, 111, 22, -121, -16, 33, 124, 8, 31, -62, -121, -16, -1, -75, -16, 63, 126, -113, -73, -58, -65, 115, -37, -9, 19, 62, -10, -16, 33, 124, 8, 31, -62, -121, -16, 33, 124, 8, 31, -62, -121, -16, 33, 124, 8, 31, -62, -57, -21, -31, -15, 122, 120, -20, -31, 67, -8, 16, 62, -124, 15, -31, 67, -8, 16, 62, -124, 15, -31, 67, -8, 16, -2, -45, -62, -57, -89, -121, 127, -9, 79, 15, 35, -72, -88, 1, 72, 82, 39, -23, 46, 104, -87, 18, 104, -11, 60, -123, -52, -96, 42, -100, -94, -75, 44, 3, -75, 32, -59, -64, -83, -114, 109, -85, -37, -11, 60, -54, -100, -110, -75, 44, 85, -1, 45, 42, -100, 98, -98, 71, 45, -61, 105, 12, -39, -114, -28, 36, -19, 73, 70, -76, -86, -52, -127, 86, 23, 42, -122, 96, -55, 32, -117, 53, 100, 52, 25, -53, -94, 93, 67, 5, 60, -117, 34, -115, 86, -85, -56, 66, 13, -91, -102, -80, -3, 39, 80, -90, 16, -5, 23, 80, 11, -91, -54, 68, -100, -106, 102, 23, -109, -90, 65, -75, 44, -41, 72, -115, -103, -102, -79, 40, 37, 86, 92, 14, 84, 106, -110, -92, 45, -42, -88, 26, -20, -25, 80, 49, -123, 34, 4, -120, 35, 77, 13, -123, -76, 24, 9, -65, -124, -102, -111, 68, 41, -92, 88, 106, -86, 24, 82, 98, 36, 86, 125, -122, 90, 68, 73, 2, -108, 19, 49, 72, -74, 102, -118, -109, 112, 12, 43, 93, -13, 68, 107, 32, 78, -49, -39, 33, 21, 17, -93, 80, 3, 97, -117, 28, 96, -20, 39, 80, 125, -94, 84, -86, 49, -24, 2, 73, 79, -17, -29, -119, -74, 9, -114, 122, 18, -75, 103, 69, 2, 9, 73, 66, 109, -111, -125, 34, 18, -79, 80, 69, 63, -96, -106, 14, 0, -18, 85, -86, -123, -63, -44, 9, 37, 0, -35, 77, -89, -45, -89, 57, -37, 108, 53, -39, -35, 110, 18, -116, 52, 88, 84, 85, -127, -92, -104, -18, -97, -95, 10, -77, 39, 118, 84, 11, -93, 8, -77, -103, -119, 82, 56, 19, 13, 10, -36, 71, 75, 76, 119, -4, 53, 106, -50, 16, -94, -43, -54, 68, -63, -43, -119, 10, 66, -103, 20, 32, -46, 115, -26, -57, -84, -106, 125, 51, -64, -44, 96, 65, 85, 85, -86, -62, -88, 98, 2, 89, 104, -70, -45, -23, 88, -118, 90, 29, -108, 8, -112, 123, -83, -68, -81, 81, -27, -25, 40, -35, 80, -95, 8, -110, 21, 96, -108, 67, -91, 76, -73, -60, -95, -104, -35, -110, 40, 39, 95, -94, -102, 110, -121, -60, 29, 69, 15, -45, 45, 114, -120, -61, 83, -92, -55, -12, -121, -84, -106, 71, 1, -70, 80, -128, -24, -86, 50, -23, 97, -61, 81, 85, 41, -35, 66, -70, -117, -58, 24, -93, -120, -56, 42, -43, 40, 41, -97, -95, 10, -88, -62, 13, -107, 82, -120, 81, -108, 44, -112, -27, -87, 2, 80, 28, -76, 78, -70, -81, 81, 75, -7, 2, -27, 97, 67, 40, -118, 86, -111, 67, 19, 5, 16, -88, 34, 64, -18, -69, -7, -95, 66, -53, 7, -127, 50, -101, 105, 16, 33, -71, 116, -109, 64, 4, -108, -108, -74, 99, 84, -69, -46, 84, 21, -55, 50, 48, -118, 16, -109, 79, 81, -77, 106, 104, -44, 13, -59, 6, 88, -70, -35, -14, 68, 106, 127, -70, 120, -78, -112, -4, -66, 70, 59, 95, -94, 16, -127, 37, 14, 77, -111, 18, 77, 102, -48, 29, 19, 68, -127, -60, 94, -31, 31, 80, -53, 71, -127, 0, -93, 20, 20, 97, 15, -53, -109, -103, -60, 40, -103, -103, 2, 23, -42, 112, 38, 100, -78, -118, 36, 72, 34, -108, 62, 69, -19, -117, -115, 119, 84, -118, 2, -120, 125, 45, 82, 16, -126, 42, -102, 5, -59, -95, 16, 96, -128, 95, -93, 38, -33, -118, 9, -22, -122, -126, 19, 20, -85, 44, 57, -113, 21, 90, -72, -80, 22, -9, -124, 111, -117, -115, 38, -56, 26, 96, 117, 38, 35, -85, -5, -108, -88, -80, 95, -76, 78, -87, -32, -122, 8, 16, 16, 64, -90, -9, 107, -15, 1, -91, 34, -117, -77, -58, 29, -107, -52, -120, -59, -86, 2, 97, -47, 53, 40, 102, 79, -100, 36, 104, -103, 24, 95, -93, -70, 79, 111, -59, -92, -88, 27, 42, 6, 41, -55, -111, -25, 67, 86, 11, 51, 123, 16, -52, -84, -70, -19, -123, -112, -110, 36, 83, 61, 27, 105, 103, 118, 80, 42, -60, 118, 72, 85, 65, -36, 31, 71, 17, 17, -48, -62, -89, 40, -39, 50, -17, -88, 56, 51, 97, -79, 74, 59, -54, 5, 68, -60, 29, 101, -64, -31, 19, -88, 61, 43, -18, -59, 124, -113, 98, -19, -73, 61, -122, -54, 67, 86, -117, 20, 19, -84, -86, 65, 3, -128, -96, 80, 18, 41, -120, -22, -127, -120, 62, 5, -92, 25, -37, -27, 78, -55, 36, -57, -96, 102, 108, -58, -12, -12, 79, 80, 38, -15, -57, 40, 9, 55, -108, 24, -47, -3, 52, -86, 119, -108, -20, -46, 59, -108, 59, -47, -25, 89, 45, 74, -15, 52, 73, -44, -120, 11, -119, -31, 86, 99, 36, 64, 21, 29, -38, 74, -57, 77, -57, -16, -116, 59, 40, 7, 24, -59, -100, 102, -47, 74, 67, -6, 37, 84, 127, -114, -118, -110, -1, 25, -86, 63, -55, 106, 113, -21, 52, 45, -95, -20, -92, 39, -58, -100, 88, -118, -20, 41, 22, 49, -48, 89, -32, 66, -51, 116, -77, -100, -109, 102, 59, -94, -32, 46, 107, 12, -74, -52, -126, -2, 2, 40, -9, 50, -37, -94, -85, 40, 50, 115, -50, -126, 106, 96, 44, 75, 1, 12, 73, 1, 9, -37, -123, 62, -91, -108, -78, -26, 76, -84, 36, -78, -83, 118, -38, 116, -14, -105, 64, -3, 7, 20, 16, -128, -113, 75, -125, 97, 3, 0, 0, 0, 0, 73, 69, 78, 68, -82, 66, 96, -126]
      //  26. (00070): astore_1
      //  27. (00071): aload_0
      //  28. (00072): ldc 'level1Background.png'
      //  29. (00075): aload_1
      //  30. (00076): invokevirtual -1 3
      //  31. (00080): pop
      //  32. (00081): aload_0
      //  33. (00082): ldc 'img/level1Background.png'
      //  34. (00085): aload_1
      //  35. (00086): invokevirtual -1 3
      //  36. (00090): pop
      //  37. (00091): arrayinit 'byte' [-119, 80, 78, 71, 13, 10, 26, 10, 0, 0, 0, 13, 73, 72, 68, 82, 0, 0, 0, -16, 0, 0, 0, 60, 8, 3, 0, 0, 0, 111, -95, -57, 111, 0, 0, 0, 75, 80, 76, 84, 69, -1, 52, 49, -17, -106, -108, -25, -90, 0, -25, 12, 8, -34, -94, 0, -42, -102, 0, -50, -106, 0, -58, -114, 0, -67, -122, 0, -83, -126, 0, -91, -118, -116, -91, 20, 16, -100, 65, 66, -25, -29, -25, -58, -57, -58, -58, -61, -58, -67, -70, -67, -67, -74, -67, -67, -74, -75, -75, -70, -67, -75, -70, -75, -75, -74, -75, -100, -98, -100, -108, -110, -108, 123, 125, 123, -13, -83, 57, 76, 0, 0, 4, -51, 73, 68, 65, 84, 104, -34, -19, -102, -21, 114, 34, 57, 12, -123, -99, 30, -99, -117, 39, -69, -32, 110, 32, -55, -5, 63, -23, -2, -112, -101, 52, -127, 4, 50, -77, -75, -77, 33, -19, -94, 2, 81, -37, 31, 58, -106, 44, -37, 85, -108, -65, -65, 89, 43, 79, -33, -84, -107, -61, 55, 107, -91, -75, 93, -101, -38, -78, 77, -69, -2, 97, 126, 31, 91, 27, -57, 54, -115, -83, -115, -81, -67, -58, -74, 31, -9, -45, 110, -36, 77, -83, -115, -29, -82, -115, 99, 107, 83, 107, 109, -73, -53, 1, -83, -75, 54, -11, -9, 113, -122, -11, -15, -29, -40, -10, -29, -4, 104, -100, -10, -117, 71, -69, 54, 78, -7, -33, -108, -66, 100, -81, -35, -62, -95, -87, -19, -9, 99, 107, 45, -121, -115, -45, 56, -114, -3, 11, -58, 93, -17, -77, 31, -57, 87, 25, 93, 85, 31, 93, -38, 55, 107, 101, -5, -51, -38, -103, -32, -51, 118, 51, 127, 56, -79, -66, -19, 117, -34, 54, -41, -66, 107, 115, -117, 67, -101, 101, -73, -51, -37, 65, -101, -21, -88, -77, 71, -101, 19, 75, -39, 124, -77, -74, 10, 94, 5, -81, -126, 87, -63, 95, 76, 112, 123, 120, 120, 120, 120, 120, 104, 75, -21, 71, -74, -19, -41, -74, -107, 109, -7, 81, 74, 41, 63, -106, -95, -66, 103, 91, -39, -106, 31, -39, 78, 59, -34, -83, -83, 28, 126, -2, -11, -8, -8, -8, -8, -41, -49, 69, -2, 126, 100, 123, -2, -30, -74, -46, -98, 94, 94, 94, 94, 94, 94, -98, 22, -58, 123, -74, -107, -19, -31, -23, -7, -7, -7, -7, -23, -80, 88, -40, -9, 108, 43, -101, 109, 107, -121, -61, -76, 93, 22, -73, 15, 108, -19, -85, -37, -42, -125, -57, 42, 120, 21, -68, 10, 94, 5, -81, -126, 87, -63, 95, -23, 122, -8, -59, 109, 101, 51, 95, -95, 78, -114, 35, -9, 107, 43, -101, 126, -125, 58, -23, 120, -57, -74, -46, -26, -85, -32, 97, -111, 9, 119, 108, -5, 99, -41, -61, -35, 108, -37, -3, -122, 109, -67, 30, -34, 118, 61, 60, 92, -72, 86, -35, 106, -101, 14, -121, -35, -81, -38, 14, -65, 97, -101, 14, -121, -10, 75, -74, -11, -32, -79, 10, 94, 5, -81, -126, 87, -63, -85, -32, 85, -16, 31, 20, -68, -2, -12, -16, -34, 127, 122, 40, 65, 32, 3, 36, 69, -53, -78, -125, 28, 2, 4, 69, -69, -118, 84, -112, 16, 77, -118, -61, 16, -64, 0, 1, -122, 76, 75, -110, 104, 43, 62, -121, -110, 24, -1, 10, -86, 126, -54, -85, 18, -110, 17, -108, 36, 74, -110, 44, -109, 18, 69, -124, 24, 48, 13, 64, 34, 33, 81, 32, 65, 4, 5, -109, -110, 40, 74, 17, 4, 112, 43, -118, 20, 76, 19, 36, -80, 64, -119, -97, 70, 9, -126, -92, 91, 81, -108, 10, 73, -88, -62, -110, -59, -22, -96, 101, 10, -52, 73, 66, 8, 81, 5, 91, 76, -110, -92, 46, -36, 36, 73, -119, 68, 0, 65, -33, -120, 18, 73, 0, 2, -56, -112, -55, -96, -104, 47, -31, 115, 40, 107, 118, 65, 12, -103, 90, -96, -34, -15, -86, -92, -41, 0, 85, -119, 32, 105, 89, -96, 9, 73, 16, 101, -72, 82, 12, 72, 114, -75, 77, -46, 36, 35, -128, -96, -14, 51, -6, 12, 94, 65, -123, 43, 69, 16, 17, 20, 64, 82, -106, 50, -33, 96, -119, -72, 25, -43, -67, 34, 51, -5, 72, -46, 34, 25, -52, 84, -68, -120, 98, -80, 88, 4, 73, 98, 0, 48, 80, -88, -84, 12, 1, -80, 77, -55, 114, -83, -74, 104, -102, -76, 45, -109, -96, 72, 0, 16, 34, -3, -122, 109, -89, -122, 11, -88, 122, 68, -103, 8, -12, 69, 92, 1, -119, -106, 25, 36, 104, 16, 25, 30, 91, 55, -96, -86, 77, 8, -94, 105, 3, 80, 78, 25, -44, 87, 13, 18, -11, 70, 96, -55, -59, 0, -111, 1, 100, 118, 18, -127, 8, -48, 2, 69, -104, -54, -86, 33, 74, 52, 83, 23, 64, 18, 66, -124, 50, 71, 37, -21, 2, 10, -120, 0, -27, 25, -59, 62, 14, 1, -119, 116, -120, -78, -56, -96, 68, -101, -54, -80, -13, 6, -108, -77, -80, -52, 40, -123, 40, 103, -112, 67, -42, 60, 121, -89, -88, -110, 2, -46, 15, 29, -109, 13, 0, -87, 94, 97, 66, -126, 76, 0, -108, 77, -54, 6, -59, -120, -116, 85, -49, -47, 121, 46, 46, -96, -128, 25, 5, -119, 8, -28, 26, 35, 33, 11, 0, -127, -96, -76, -56, 81, 93, 71, -123, -124, -100, 118, 17, 100, -48, -52, 64, 4, 50, -92, 89, 117, 114, 49, -68, -94, -54, 81, 0, 102, 1, -90, -100, -71, -59, -63, 61, 127, -63, -116, -124, 36, -124, 5, -7, 53, -58, -20, -61, 116, 9, 101, 3, -63, -64, -116, 50, -64, 16, -25, -110, -57, -66, -69, -56, 4, 37, -25, 4, -102, -42, 117, -108, -120, 84, 90, 59, -121, 84, 100, -36, 65, 0, 36, -72, -116, 80, -94, -118, -128, 55, 2, 50, 67, 64, -88, 39, -119, 60, 71, -59, 2, 7, 34, 18, -61, -84, 39, 57, -116, -68, 48, 23, -57, 100, -29, 17, 5, 48, 93, -55, 50, 13, 65, 4, -104, 127, 50, 71, -119, 32, 113, 29, 69, 32, 105, -20, 85, -117, 34, 32, -89, 96, 29, 35, 116, -126, 42, 28, 24, -125, 108, -10, 100, -21, 25, -126, 0, 97, 85, -86, -17, -13, -22, 95, 77, 90, 32, 32, -9, -123, -100, -114, -9, -71, -72, -124, 10, 26, 49, -93, -92, -38, 43, 40, -48, 55, -10, -24, -98, -90, -49, 61, -35, -29, 58, -86, 123, -107, -63, -52, 82, 28, -20, -98, -80, -97, 17, -50, -67, 42, 84, 117, 16, 84, -59, -100, 33, 125, 31, -109, 72, 87, 67, -106, -86, -123, -100, 54, 105, -34, 71, -113, -37, 81, -58, -105, 124, 7, 37, -118, 11, -108, 123, 4, -26, -93, 64, -128, -89, -88, -116, -28, 45, -88, 122, 12, -26, 9, 10, -87, -74, 75, 120, -125, 42, 100, -33, -2, 16, 124, -83, 2, -57, 36, -95, 3, 38, 85, 115, 89, -25, -71, 35, -117, 22, 25, 67, 102, 13, -43, 75, -19, 123, 40, 8, -119, -46, 25, 74, 103, 40, -56, -119, -4, 24, -27, 11, -88, 60, 5, 69, 110, 108, -105, -68, 34, 10, 5, -42, 74, 2, 33, 33, -121, 57, 51, 39, -21, -14, 60, 80, -90, 36, -88, 42, -53, -98, -128, 0, 85, 107, 30, 110, 33, -22, 50, -118, -61, 37, -108, -105, 40, -98, -94, 40, 126, 22, -27, 119, 80, 103, 94, 21, -103, -43, -94, 50, 49, 92, 17, -75, 98, 0, -23, -102, 59, 26, -20, 1, 2, 80, 101, 19, 82, -91, -35, -53, -117, 33, 70, -48, -71, -97, -68, -113, -78, -34, 65, -23, 63, 71, -107, 106, -27, 114, 23, -88, 90, 107, -98, 59, -122, 97, 0, 50, -39, 8, -10, 109, -47, 85, -96, 32, -70, 102, -14, -103, -71, 99, -54, -94, 114, 73, -3, -17, 81, -1, 0, 13, 54, -74, 40, -63, -41, 102, -47, 0, 0, 0, 0, 73, 69, 78, 68, -82, 66, 96, -126]
      //  38. (00097): astore_1
      //  39. (00098): aload_0
      //  40. (00099): ldc 'level2Background.png'
      //  41. (00102): aload_1
      //  42. (00103): invokevirtual -1 3
      //  43. (00107): pop
      //  44. (00108): aload_0
      //  45. (00109): ldc 'img/level2Background.png'
      //  46. (00112): aload_1
      //  47. (00113): invokevirtual -1 3
      //  48. (00117): pop
      //  49. (00118): arrayinit 'byte' [-119, 80, 78, 71, 13, 10, 26, 10, 0, 0, 0, 13, 73, 72, 68, 82, 0, 0, 0, -77, 0, 0, 0, 124, 8, 3, 0, 0, 0, 21, 116, 113, -96, 0, 0, 3, 0, 80, 76, 84, 69, -25, -21, -67, -25, -21, -67, -1, -1, -67, -1, -1, -67, -1, -1, -67, -1, -1, -67, -1, -1, -67, -1, -1, -67, -1, -1, -67, -1, -1, -67, -1, -1, -67, -1, -1, -67, -1, -1, -67, -1, -1, -67, -1, -1, -67, -1, -21, -75, -1, -21, -83, -1, -21, -83, -1, -25, -83, -9, -25, -83, -9, -29, -83, -9, -29, -83, -9, -29, -91, -9, -41, -100, -9, -45, -100, -9, -45, -100, -9, -49, -100, -9, -53, -108, -9, -57, -108, -17, -17, -67, -17, -29, -75, -17, -53, -108, -17, -57, -108, -17, -57, -108, -17, -66, -116, -17, -66, -116, -17, -66, -116, -17, -74, -116, -17, -74, -124, -17, -74, -124, -17, -78, -124, -17, -78, -124, -17, -78, -124, -17, -82, -124, -25, -25, -67, -25, -33, -67, -25, -82, -124, -25, -86, 123, -25, -86, 123, -25, -86, 123, -25, -86, 123, -25, -90, 123, -25, -90, 123, -25, -94, 123, -25, -94, 123, -25, -94, 115, -25, -98, 115, -25, -98, 115, -25, -102, 115, -25, -102, 115, -25, -102, 115, -25, -106, 115, -25, -106, 107, -25, -110, 107, -34, -110, 107, -34, -110, 107, -34, -114, 107, -34, -114, 107, -34, -114, 107, -34, -114, 107, -34, -114, 99, -34, -118, 99, -34, -118, 99, -34, -122, 99, -34, -122, 99, -34, -126, 99, -34, -126, 99, -34, -126, 99, -34, -126, 90, -34, -126, 90, -34, 125, 90, -34, 121, 90, -34, 121, 90, -34, 121, 90, -34, 121, 90, -34, 121, 90, -34, 121, 82, -42, 117, 82, -42, 117, 82, -42, 113, 82, -42, 109, 82, -42, 109, 82, -42, 109, 82, -42, 109, 82, -42, 109, 82, -42, 105, 82, -42, 105, 74, -42, 105, 74, -42, 101, 74, -42, 97, 74, -42, 97, 74, -42, 93, 74, -42, 93, 66, -42, 93, 66, -42, 89, 66, -50, 89, 66, -50, 85, 66, -50, 85, 66, -50, 85, 57, -50, 81, 57, -50, 81, 57, -50, 77, 57, -50, 77, 57, -50, 77, 57, -50, 73, 49, -50, 73, 49, -50, 69, 49, -50, 69, 49, -50, 65, 49, -50, 65, 49, -50, 65, 41, -50, 65, 41, -58, 56, 41, -58, 56, 41, -58, 52, 33, -58, 48, 33, -58, 48, 33, -58, 44, 33, -58, 40, 33, -58, 40, 24, -58, 40, 24, -58, 36, 24, -67, 32, 24, -67, 32, 24, -67, 28, 16, -67, 28, 16, -67, 24, 16, -83, -66, -58, -83, -70, -58, -83, -70, -58, -83, -70, -58, -83, -70, -58, -91, -74, -58, -91, -74, -58, -91, -78, -58, -100, -78, -58, -100, -82, -58, -100, -82, -58, -100, -82, -58, -100, -86, -58, -108, -86, -58, -108, -90, -58, -108, -90, -58, -108, -90, -58, -116, -94, -58, -116, -94, -58, -116, -98, -58, -124, -98, -58, -124, -98, -58, -124, -98, -58, -124, -102, -58, -124, -102, -58, -124, -106, -58, 123, -106, -58, 123, -106, -58, 115, -114, -58, 115, -114, -58, 115, -114, -58, 115, -114, -58, 107, -118, -58, 107, -118, -58, 107, -122, -58, 107, -122, -58, 107, -122, -58, 99, -122, -58, 99, -126, -58, 99, 125, -58, 99, 125, -58, 99, 121, -58, 90, 125, -58, 90, 125, -58, 90, 121, -58, 90, 117, -58, 82, 117, -58, 82, 117, -58, 82, 117, -58, 82, 113, -58, 82, 113, -58, 82, 113, -58, 74, 109, -58, 74, 109, -58, 74, 105, -58, 74, 105, -58, 74, 105, -58, 66, 105, -58, 66, 105, -58, 66, 101, -58, 66, 101, -58, 66, 97, -58, 57, 101, -58, 57, 97, -58, 49, 93, -58, 49, 89, -58, 49, 89, -58, 49, 85, -58, 41, 85, -58, 41, 85, -58, 41, 81, -58, 33, 77, -58, 33, 73, -58, 33, 73, -58, 24, 73, -58, 24, 73, -58, 24, 69, -58, 8, 56, -58, -1, -1, -1, -42, -37, -58, -50, -41, -58, -50, -41, -58, -50, -41, -58, -50, -45, -58, -50, -45, -58, -58, -49, -58, -67, -53, -58, -75, -57, -58, -75, -57, -58, -75, -61, -58, -75, -61, -58, -75, -61, -58, -75, -66, -58, -50, 69, 49, -58, 52, 41, -58, 52, 33, -58, 48, 33, -58, 36, 24, -67, 36, 24, -67, 32, 24, -67, 24, 16, -67, 20, 16, -67, 16, 8, -67, 12, 8, -67, 8, 8, -67, 8, 0, -75, 8, 0, -75, 0, 0, 66, 101, -58, 49, 89, -58, 33, 77, -58, 33, 73, -58, 24, 69, -58, 24, 65, -58, 16, 65, -58, 16, 60, -58, 8, 56, -50, 8, 52, -50, 0, 44, -50, 92, -17, -80, -100, 0, 0, 0, -26, 116, 82, 78, 83, -86, -103, -52, -69, -86, -103, -120, 119, 102, 85, 68, 51, 34, 17, 0, -35, -52, -69, -86, -103, -103, -120, -120, -69, -69, 85, -86, -103, 68, -69, 119, -103, -103, -120, -52, -69, 102, -86, -35, -86, -35, -86, -103, -52, -120, -52, -52, -52, -69, -103, -120, -69, 85, -69, -86, -86, -18, -86, -52, -86, -103, -103, 119, 119, -69, -103, -35, -69, -103, -120, 102, -86, -120, -52, -120, -18, -52, -120, -52, -120, -69, -35, -35, -69, 119, 119, -120, -52, 119, -18, -18, -35, -52, -52, -86, -35, -35, -69, -35, -18, -52, -35, -18, -52, -86, -52, -35, -52, -69, -18, -69, -18, -35, -52, -18, -69, -35, -69, -18, -35, -52, -86, -18, -18, -35, -18, -35, -18, -18, -18, -52, -18, -18, -35, -18, -35, -35, -52, -52, -69, 102, 102, -69, -120, -86, -86, -52, -86, -103, 119, -103, -69, -103, 102, -35, -103, -120, -52, -69, -120, -52, -120, -120, -69, 119, -18, -18, -52, 119, -35, -52, -18, -35, -52, -86, -35, -52, -103, -35, -18, -52, -52, -52, -35, -52, -69, -18, -35, -69, -35, -69, -18, -35, -69, -18, -35, -35, -35, -86, -52, -18, -69, -18, -18, -18, -18, -35, -18, -18, -18, -35, -18, -35, -35, -18, 0, -86, -86, -103, 68, -52, -103, -120, 119, -86, 119, -35, -86, -103, -35, 113, -105, -112, 57, 0, 0, 25, 121, 73, 68, 65, 84, 104, -34, -35, 91, 125, -116, 21, 85, -106, 127, 118, -65, -86, 123, 111, 85, 61, 34, 8, -116, 26, 87, 70, 93, -40, -107, 32, 75, -60, -19, -35, -74, -15, 3, 63, -127, -111, 44, 70, -78, 12, -63, -120, 50, 61, 27, -101, 85, 86, -78, 10, -79, 99, -45, -84, -23, 110, 67, 48, 8, -126, -96, -114, -77, -54, -86, -103, 101, -106, 47, 119, -102, 8, -88, 68, 29, -93, 72, -102, 110, -90, -119, -77, -21, 7, -13, -127, 38, -13, -57, -124, 77, 27, 43, -109, 48, 33, -42, -98, -33, 57, -9, -42, -85, 122, -3, -96, 27, -69, 27, 51, 83, -58, -90, -22, -66, 91, -73, 126, 117, -22, -34, 115, 127, -25, 119, -49, 45, -4, -49, -97, -34, 81, 24, 53, -44, -93, 52, -86, -28, 14, 58, 31, 90, -83, -63, 29, 103, -117, -39, 62, 54, 123, 29, 101, 14, -4, 24, 101, 43, 56, -96, -107, -107, 74, -107, 13, -115, 24, 102, 60, 59, -60, 67, 51, 5, 97, 16, 24, 62, -126, 32, 8, 67, -6, 57, 68, -115, 76, -3, 16, -1, 103, 106, 81, 65, -87, 95, 67, 35, -120, 25, 8, -23, -95, -91, 50, -90, 64, 107, -59, -121, 86, 26, -128, 8, 27, -3, -75, 21, 80, 31, -17, 66, 120, -45, 74, 84, -117, -48, 74, 67, -47, -71, -64, 28, 6, 31, -10, -10, 62, -109, 62, -117, 32, 63, -45, -35, -45, -43, -43, 117, -72, -69, -89, -69, -89, -105, 126, 50, -122, -2, -2, -38, 8, 104, -126, 108, -10, -11, -10, -66, 102, -12, 78, -44, -94, 74, 92, -21, 35, 50, 123, 72, -11, 62, 76, -33, 109, 4, 49, -61, -86, -35, 73, -14, 44, 65, 114, 5, 102, 83, -110, 61, -74, 26, -3, 65, -110, -20, -43, 1, -65, 85, 41, 52, -22, -105, 73, -14, 43, -91, 118, -25, 106, -47, -105, 10, 116, -110, -12, 82, -75, -111, -73, 115, 20, -88, -98, 36, -39, 80, -58, 28, -22, 13, 73, 114, -14, -43, -19, -69, 59, 59, -9, -20, -39, -9, -26, -5, 79, 26, -3, 69, -110, -100, -102, -94, 97, 65, -68, -30, -53, 73, -14, -98, -81, 124, -62, -68, 127, 27, -43, -38, -45, -71, 103, -33, -127, -9, 9, -78, 81, 73, -46, -83, -126, -24, 28, -40, -39, -88, -82, 36, 89, -81, 3, -121, 57, -48, -21, -110, -28, 80, 77, -47, -13, -47, 89, -47, -95, -75, 79, 53, 94, 98, 52, 100, 102, -1, 72, -110, -84, -13, 125, 127, 123, -110, 28, -81, 45, -6, -36, -91, 53, -52, 108, -4, 36, -23, 82, -26, -100, 96, 6, -94, 117, 21, -104, 15, -42, -44, 122, 22, 13, -115, 54, -11, 82, -110, 28, -11, -48, -93, -23, -85, -84, -61, -71, 82, 57, -52, 24, -125, -12, 106, -124, -39, 63, 71, -104, 15, 17, 102, 21, -38, 126, 24, -123, 106, 45, -20, 92, -21, -5, 22, 51, 117, 84, -1, 36, -86, -112, -95, -55, -52, 111, -111, -51, 125, -83, -6, -37, -7, -100, 99, -50, -38, 121, 45, -37, -71, -24, 3, 53, 76, 72, -61, -18, 39, 84, -28, 27, -14, 13, -6, 99, -22, -37, -25, 105, -93, 21, 48, -93, 7, 73, 45, -117, -7, -48, -73, 98, -25, 82, 0, 59, 103, -114, -1, 4, -100, -13, 78, 37, -55, -57, 10, -35, 100, 87, -110, -20, 82, -122, 78, -74, 87, -8, -115, 111, -47, -50, -46, 55, 114, -104, 35, -23, 17, -81, -5, 90, 107, -113, 28, -35, -57, 58, 56, 29, -26, 111, -45, -50, 61, -57, -41, -84, -37, -80, 113, -61, -58, -51, 47, -4, -57, -89, 52, -61, 5, -36, 37, 10, -28, -31, 126, -100, 36, 111, -95, -109, 48, -26, -25, -113, -81, -75, -75, 94, 9, -65, 101, 59, -117, -81, -125, 85, -115, -26, -39, 24, 67, -17, 32, 65, 44, 22, -117, 71, -72, 110, 20, 113, 39, 57, 94, -21, 43, -44, 50, -12, 18, -47, 57, -73, -13, 90, 56, 5, -52, 25, -16, 102, 24, -125, -75, -98, 102, 86, 97, -39, 15, -69, -72, -109, 53, 53, -57, 25, 22, -111, -117, 0, -104, -41, 120, -66, -111, 90, 96, 27, 98, 103, 76, 61, 103, -49, 78, -65, 9, -26, 53, 62, 25, 15, 79, 38, -94, -61, 118, 38, 51, 91, -56, 96, 106, 48, -12, 73, -8, -119, -3, 118, 114, 17, 59, -81, -15, -108, 123, 49, -117, -7, 16, -107, -124, -114, -99, -114, 48, -26, -29, 69, 120, 53, 38, 113, -58, -38, 89, 89, -102, 25, -55, -108, -115, 121, -27, -35, -85, -56, -40, 108, 73, -70, -34, 65, -104, -23, -51, 92, 45, -117, 25, -33, 7, 37, -4, 125, 70, 118, -18, 62, 94, -117, -87, 90, -6, -90, 111, -5, -77, 76, -35, 6, -116, -113, 122, -76, -10, -55, -35, -19, -121, -93, -61, 28, 78, -104, 119, -29, 77, -45, 9, -98, -6, 51, -26, -18, -125, 60, -53, 48, -121, 13, 71, 12, 51, -98, 78, -104, 123, 14, 117, 117, 9, -9, 124, 77, -85, -11, -28, 35, 14, 30, -22, -22, -31, -126, -113, -98, -77, -36, 8, -99, 65, -72, 82, 68, -17, 16, -24, -50, -20, 93, 31, -15, -52, 67, 63, -1, 65, -18, 67, 73, 52, 98, 118, 46, 5, -90, 39, -21, 104, -33, 49, 106, 83, -123, 127, -122, -63, -56, 71, 31, -61, -43, -49, -123, -72, 81, 7, -33, 87, -115, -117, 102, 75, -66, 33, -26, 106, 17, 102, 69, 25, 61, 125, 103, -25, -18, 93, -69, -103, 84, -18, 121, -13, -64, 86, 99, 126, -67, -81, 115, 55, 14, -6, 75, 52, -13, 73, 14, 7, -104, -124, -46, -11, -81, 76, 20, 9, -19, 126, 97, -33, 110, -36, -122, 122, 123, -10, -67, -49, -60, -18, -51, -50, 93, 59, 118, -39, -110, 119, 100, 36, 84, -119, 116, 109, 73, 14, 85, 33, 27, -118, 34, 126, -120, -46, 40, 77, -126, 54, 41, -109, 34, -22, -87, 1, 17, 30, 37, -67, -103, -5, -77, -47, 28, 91, 17, -111, 32, 50, 1, 42, -63, -93, -112, -21, -55, 85, -7, 54, -33, -61, -127, 90, 28, -126, 81, -119, -105, -106, -104, 48, -84, -116, 116, -93, -118, -40, -73, -20, 91, 10, -107, -95, -88, -13, -78, 21, 101, 82, 20, 49, 22, 122, -124, 9, -28, 39, 45, -127, -87, 6, 0, -6, 79, -120, 38, -98, 20, -32, 39, -9, -59, -27, 62, 6, -115, 87, 19, -50, -102, 98, 22, -48, 28, -1, -90, -111, -82, 120, -105, 40, 45, 113, -50, 63, -59, -52, -24, -116, 13, 69, -103, 43, -14, -44, 96, -53, 54, 79, 81, 14, 10, -66, 57, -116, -52, 81, 40, -6, -92, -74, 92, -114, 124, 30, 3, 16, 110, -57, -49, 50, -46, 78, 26, -108, -103, -84, 89, -31, 42, 5, 51, -51, -106, 114, 31, -7, -100, -64, -127, -48, -20, -108, -16, -123, -53, 17, 50, 76, 96, 81, 23, 36, 120, 54, -22, -40, -34, -61, 60, 26, -114, -66, -67, 115, 10, 123, -6, 16, 101, -65, -32, -78, 95, -20, 61, 38, -34, 63, 48, -67, -121, -69, -70, -66, 64, -72, -121, -8, 84, -67, 71, -29, -2, 41, 30, 81, -35, 84, 14, -65, -80, -9, -33, 21, -8, 113, 104, 62, -96, -128, 54, -56, 96, 126, -86, 27, 21, 14, 91, -41, -15, -108, -39, -39, -37, -37, 67, 69, -121, -24, 64, 57, 69, -66, -12, -71, 122, -47, 76, -113, -124, -70, 31, -67, 70, -17, -80, -109, -37, -91, -53, -67, 59, 62, 103, 115, 0, 116, 65, 70, -52, -108, -97, -105, -57, -16, -41, -55, 1, -122, 49, 101, 111, 102, 96, -17, 37, -73, 69, -123, 10, -25, 93, -104, -112, 113, -41, 22, 92, 109, 50, -82, 92, -114, 83, 47, -125, 125, -22, -34, 36, -39, -100, -46, 9, 26, -69, -101, 115, 126, -30, 5, 125, 32, -87, 60, -56, -16, -71, -21, -9, -87, -107, 61, -103, -21, 63, 118, 42, 54, 22, 97, -58, -61, -113, -3, 17, 80, -74, 124, -18, 127, -66, -2, -115, -93, 20, 16, 35, -82, -101, 66, 12, 39, 121, 107, -53, 39, -2, 39, 91, -34, -126, -83, -89, 80, -95, -111, 86, -73, 40, -6, 76, 33, 7, 36, 28, 29, 74, -7, -85, -37, 118, -19, 120, 29, 69, 59, -24, 75, 42, -6, 106, 27, -77, -79, -18, 122, -60, -70, -37, 118, 81, -80, -37, -71, -17, -51, 3, -65, 53, 91, 15, -68, -71, -89, 115, -5, -74, -3, 92, -68, -69, 115, -33, -127, 3, -116, -39, -42, -95, -128, -8, -99, 87, -116, -63, 92, 116, 112, -37, 54, 114, 46, 71, -8, 123, -13, 23, 6, -26, -48, 0, -34, -55, -75, 30, 59, 3, -27, -17, 60, -6, 17, 52, -108, -41, -55, 100, 84, -122, -25, 123, 107, 105, 90, 59, 72, -33, 70, 123, 52, 55, -100, -62, -108, 12, 82, -116, 120, -124, -103, 27, -77, -76, 4, 113, -120, 87, 36, 16, -55, 121, 74, 121, 85, 99, -35, 90, 23, -87, -32, -3, -87, -13, 122, -75, -57, -19, 52, 106, 16, 25, 120, -71, 58, 112, 45, -60, 97, 95, -27, 89, -41, -1, -28, -57, -124, -31, -44, 49, 76, 82, -123, -110, -52, -84, -55, 103, -106, -101, 97, -108, 62, 71, 95, -123, 56, -80, -93, 53, 4, 117, 13, 93, 81, -121, -30, 86, 95, 77, -110, -35, 52, -10, 21, -123, 35, 56, 95, 71, -9, -31, 93, 18, 98, 29, 84, -95, -122, 38, -99, 45, -28, 34, -86, -60, 6, 18, -125, 41, 95, 2, 71, 30, -71, -34, 113, 76, -31, -66, 120, 63, -76, 110, -29, 52, 30, -108, 100, 10, 96, 22, -98, -94, -4, 2, -75, 124, 24, -95, 122, 1, -68, -121, 62, -24, 54, -113, -121, -71, 117, -46, 1, -101, -7, 93, 79, 113, 25, 117, 87, 111, 63, -24, -69, -110, 86, 79, -126, -47, -5, 62, 77, -49, 87, -3, -41, -41, 25, -52, 28, -102, -44, -2, -20, -21, 100, -73, 39, -104, 51, -79, -127, 94, -101, -73, -95, 120, 50, -29, -81, 97, 122, 71, 124, 3, -79, 66, -123, -99, -119, -51, 16, -26, -19, 30, 88, 36, -94, -124, -65, 32, 75, 111, 33, 67, 23, -88, -85, -3, 6, 15, 20, -83, 65, -90, -99, 72, -124, -119, -89, 125, 116, 72, 33, -105, 79, 35, -24, 39, -13, -95, 85, 58, 127, -93, -74, -8, 89, -14, -11, -49, 106, 6, 105, 103, 23, -49, 80, -88, -78, 126, -61, -122, 77, -49, 110, -3, -44, -15, 18, 116, 25, 22, 22, -48, -25, 61, 91, 103, -61, 122, -124, 51, 79, 26, -74, -13, 118, 32, 99, 114, -24, -3, 119, -110, -68, 77, 116, 0, -104, 33, 81, 120, -38, -39, -60, -126, 36, 16, -1, -85, -84, 54, 69, -11, 11, 116, 45, -104, 15, -42, -44, 80, 47, -2, -116, -40, -15, -87, -85, 114, -104, -47, 45, -3, -30, -13, 116, -10, -119, -86, -80, 115, -107, -72, -111, -89, 106, -23, -26, 18, -82, 8, -26, -84, -33, 16, -52, -69, 4, 5, -6, -61, 26, -87, 92, 40, 113, 119, 62, 68, -104, 51, -94, 113, 104, 112, 123, -47, 97, -90, -74, -117, -64, -20, -119, -99, 107, 62, -93, -65, -44, 17, 95, -86, -83, -51, 97, -82, 45, -84, -37, 66, 80, -109, -105, 97, -17, 42, 118, -82, -62, -91, 84, 22, -77, 57, 45, -26, -110, -16, 96, -116, 42, -58, 28, 98, -4, -9, -61, -20, 11, 102, -103, 45, -55, -50, -59, -44, -50, -121, 104, -22, -126, -121, 74, 78, -46, -55, 118, 120, 7, -117, -39, -7, -25, 61, 52, 124, 116, 53, -19, 6, 122, -109, -107, -110, 44, 17, -87, -80, -77, -97, -85, 3, 119, 36, 98, -125, -77, 51, -75, 113, 74, -20, -116, -5, 122, 82, 124, -52, -115, 8, 51, -11, -9, -75, -66, -107, 55, -93, -64, -1, 77, 6, -77, -25, 127, 76, -65, 66, -121, -13, -74, 103, -20, 44, 83, 102, -25, 20, -80, 9, 93, -87, -35, -80, 65, -47, -29, -53, -15, 76, 85, 59, -69, 58, -106, 17, -92, 118, 102, 76, -49, 67, -29, -29, -2, 108, -32, -42, 62, -29, -71, -51, 49, 41, 9, -99, 95, 66, 39, -25, 33, -87, -67, -25, -47, -74, 15, -65, -47, 5, 109, -114, 56, -4, 97, 120, -51, 93, 25, 59, -117, -123, -40, 39, -124, 46, -42, 13, -19, -54, 4, 99, 22, -89, -58, 110, 78, 48, 87, -77, 115, -79, 92, -121, 90, -95, -104, 108, -69, -49, -38, 31, 49, -123, -30, -69, 73, -14, 19, -58, 28, -79, -113, -96, -70, 38, -76, -44, -54, 41, -123, 39, -87, 12, -63, 42, 77, 115, -59, -93, -88, -50, -66, -82, -117, 38, 0, 125, 105, 119, -17, 83, 52, -59, 64, -93, 45, -9, 103, 9, -84, -83, 92, -128, 88, -41, 99, -22, 17, 114, -84, 75, -33, -11, 15, -16, -76, -16, -60, -114, -36, 86, -77, -77, -44, -95, 74, -111, -43, 69, -74, -111, 43, -28, -56, -45, 123, 26, 74, 26, -67, 64, -127, 110, 100, -34, -80, -51, -13, 29, 31, 126, -15, 67, -102, 70, 32, 96, -19, -105, 50, -83, -118, 111, 112, -96, -92, 109, -124, -113, 38, 120, -78, -63, -16, 93, -17, -26, 65, 126, 67, -119, -68, 93, -84, 107, -93, 86, 60, 113, 93, -65, 88, -41, -39, -71, 43, -59, -20, -105, -21, 48, 39, -42, 8, -47, 120, 78, -95, 39, 123, -104, 8, 127, -118, -55, -101, -25, 110, -11, 54, 61, -14, -48, -57, -36, -9, -3, -115, 31, -128, 111, 24, 126, -111, -125, 92, -26, 23, 14, -126, 100, -64, -98, -44, 106, -113, 80, 60, -4, 111, 16, -25, 109, 116, 124, -61, -41, -114, -31, 102, 98, 93, 95, 104, -92, 81, 25, -99, -70, 60, 6, 89, 114, -73, 50, -76, 96, -50, -44, -79, 54, -39, -58, -109, -52, -25, -81, 31, -31, 96, 13, 51, 70, 65, 122, 55, 64, 39, 71, 14, -18, -34, -35, 67, -99, 32, -23, 101, 27, -66, -52, 28, -114, -8, 9, 16, -109, 3, -93, 55, 55, 20, -59, 117, 51, -71, -110, 94, -86, -9, -127, -67, 5, 28, -111, 38, 101, 5, 28, -3, -73, 59, -21, -74, 94, 52, -120, 117, -5, -5, -25, 16, 75, 27, -35, -38, 57, 96, 85, -31, -21, 12, -58, -51, -55, 67, 93, -121, -113, -118, 71, -38, -95, -8, 101, 11, -78, 82, -93, -74, 28, 73, -87, -24, 47, 63, 120, 6, -61, 40, 80, 95, 28, 78, -17, -17, -2, 92, -77, 32, 100, 64, -6, 44, -107, 71, -56, 68, -116, -14, 5, 23, -111, -102, 114, 32, 74, 45, -10, 86, 44, -77, 108, -82, -122, -103, 2, 69, 110, 80, 46, 66, 93, -63, 69, -39, 38, -87, 71, -6, -23, 20, -5, 125, 10, 118, 121, 73, -85, 99, 59, 58, -69, -69, -33, -37, -77, -29, 11, 14, 67, 36, 28, 58, -74, 99, 47, -15, -19, -9, 118, 28, 3, -111, 47, 69, 4, -14, -107, -83, -49, 101, -104, 124, -8, -28, 43, 52, 13, 99, -116, 109, 125, 113, 107, 80, -10, -16, -32, -8, -101, 55, -84, -89, 121, 26, -94, -30, -113, 94, -7, 52, 8, 62, -35, -68, 105, -125, 92, 115, -127, 117, -94, -31, -89, 91, 95, 116, -95, 1, -103, -28, -123, -76, -50, -90, 31, -67, -8, 36, -71, -125, -33, 62, -69, 113, 3, -82, 54, 110, 114, 113, -101, -117, 7, -55, 98, -95, 68, -93, -102, -41, 68, -60, -21, 33, -72, 50, 74, 59, 25, -123, -57, 86, 20, 102, 52, 31, 84, -111, 0, 87, -104, 85, 118, -87, -45, 54, 8, -27, -47, 88, 18, 39, -41, -74, 32, 114, -117, 113, -27, 56, 79, -94, 57, 123, 24, 23, -65, 33, -26, -44, 28, 92, -70, -101, -54, 49, 108, 36, 78, -82, 28, 43, -26, -54, -94, 114, 89, 41, 11, -83, -28, 86, -126, -93, -4, -94, -86, -68, 78, -64, 11, -105, 124, 55, 62, 28, -82, 67, 87, -112, 9, -9, -13, 54, 8, -20, 127, -111, 51, 6, 46, 50, -63, 127, 70, -33, 72, -29, -14, 74, 76, -39, 50, 102, 121, -91, -100, -2, -31, 116, -120, 74, 113, 83, 86, -66, 35, 89, -2, 78, -113, 72, -54, 114, -113, 24, 85, -86, -68, -57, -42, 41, -115, -54, -35, 82, -86, -90, -55, -116, -22, 47, -86, 86, 43, -5, -42, -113, -62, -88, 63, -67, -93, 48, 120, -83, 110, 40, -23, 11, 103, 108, -91, 95, 106, -60, 0, -55, 30, -123, 42, -83, -106, -69, -76, 92, 112, 27, 86, 6, 11, -45, -50, -99, 127, 74, -1, -41, -87, 10, 46, -37, 74, -43, 66, -23, -60, 121, 9, 108, 0, -52, 46, -31, -94, -20, 57, 100, 4, -118, 12, -106, -15, 83, -71, 4, -116, 106, -39, 24, 82, 86, -23, 75, 42, 90, 113, 26, -106, 21, -47, -84, -109, 13, 115, 41, 33, -3, 65, 23, -6, 103, 104, 16, -39, 96, 95, 91, 114, -25, -111, -107, -63, 38, -49, 104, 104, -80, -30, 86, 41, -105, -55, 81, -22, -97, -115, 33, 21, 114, 62, -101, 69, 60, 106, -91, 97, 70, -125, 42, -85, -118, -46, 52, -107, -115, 115, -79, 109, 89, -121, -45, -27, 121, -28, 76, 118, -114, -62, -57, -37, -37, -17, 17, 74, 65, 55, -33, -34, -34, -2, 56, 20, 110, 61, -18, -18, -74, -104, -113, -74, -69, -57, -13, 52, 30, 6, -113, -76, -73, 95, -17, -72, 78, -16, -56, 19, -19, 65, 24, -27, 26, -70, -66, -67, -3, -2, 48, 44, 119, 1, -102, 88, 115, -83, -56, 108, 107, -12, -124, -121, 59, -92, -80, 99, -27, 61, 23, 17, 5, 13, -82, 95, -67, -86, -75, -91, -75, 117, -43, -22, -42, 85, 109, -19, -19, -73, 69, -47, 64, -104, -125, 127, -116, -29, 47, 39, -93, 65, -94, 64, -33, -3, 50, -114, 103, -127, -107, -35, -36, 23, -89, 71, -33, 60, 89, -3, 109, -113, -29, -103, -84, 20, -127, 44, -47, -123, -50, 10, -33, -124, -16, -106, 56, 94, 86, 86, -110, 64, 31, 115, -83, -36, -84, 64, -40, -115, 106, -116, 51, 71, 59, 120, -21, -116, 108, 73, -4, -3, 126, -21, 22, -3, -6, 115, -96, -105, -109, 25, 124, 9, -112, 86, -59, 113, 19, -106, -85, -25, -47, -67, 39, 102, 79, -16, -3, -79, 119, -76, -48, -23, 60, -94, 36, 90, -75, -58, 113, -67, 96, 34, 26, 71, 53, 115, -103, 13, 4, -79, 1, 55, -69, -84, 18, -68, 23, 90, 105, -101, 61, -42, -9, 47, 72, 91, 49, 26, -112, 31, -100, 70, 116, -13, -54, 121, 43, -65, 36, -52, -12, -40, -6, 56, 110, 94, -72, -88, -79, -79, -119, -114, 101, -113, 92, 19, 14, -40, -97, -119, -104, -46, -9, 91, 10, -79, -57, -89, -10, 90, -95, 24, 77, 32, -5, -4, -117, -57, 75, -110, -66, -73, -104, 30, 82, -121, -77, 22, -4, 27, -40, -112, -104, 94, -64, 55, -103, -42, -119, -92, -43, -59, 113, -93, -117, -36, 113, -3, 87, 49, -73, -94, -71, -107, -121, -24, 98, 34, -99, -115, -91, 127, 87, -44, 112, -37, 74, -115, -65, -1, 113, -16, -35, -23, 113, -68, 48, -77, -96, 31, 13, 96, 103, -74, -57, -59, 4, -15, 90, -49, -13, -90, -47, 23, 28, 11, -20, -12, -128, 102, 68, 33, 76, -85, -117, 43, -30, -72, 5, -110, 18, 97, -98, -18, 48, -29, 5, -4, 92, -24, 30, -24, -65, 21, -52, 37, -57, -88, -101, 9, 93, 81, 113, -76, -89, -45, 86, 8, 95, 124, 126, 13, -92, 66, 118, 29, -32, -75, -118, 49, -105, -27, -92, -127, -58, -96, -28, 16, -35, 65, 96, -65, 83, 123, 62, 65, -97, 78, -127, -114, -70, -128, -38, -67, -112, 23, 84, 89, 97, 26, 77, -105, 23, 83, -52, 13, -52, -84, 6, 56, -52, 38, -113, 57, 107, 103, 106, 117, 44, -73, -94, 93, 43, 23, 74, 43, 19, -23, -97, 73, 118, -19, -103, -99, 93, 22, -77, -14, 7, 101, 103, 9, 91, -56, -80, -65, -85, 105, -58, 51, -47, -27, -88, -115, -43, 69, 27, 76, 16, 22, -113, 126, 88, 64, -97, -31, -116, 118, -90, -16, -76, 46, 107, -25, 64, -33, -104, 105, 37, -110, 86, 102, -45, -101, -109, -49, 56, 113, -45, 104, 89, 58, -76, -104, -23, -5, 62, 56, 105, -22, -76, -70, -70, -65, -85, -101, 49, 115, -50, 37, 3, -10, 103, 105, 112, -20, -65, 81, 75, -8, 120, 8, 87, 49, -78, 87, 56, 64, 120, -93, 69, 113, -68, -40, -13, -118, -87, -99, 71, -123, -116, -39, -85, -80, -13, -12, -116, -99, 35, 110, -27, 65, 87, -91, 20, 105, -1, -97, -24, 103, 79, -87, -101, -59, -51, -75, 52, -34, 93, -25, -13, 18, 1, 99, 62, 27, -65, -31, -6, -34, 21, -16, 74, 125, 99, 20, -36, -91, 90, 18, -57, -117, -4, -12, 105, 121, -52, -125, -76, 115, -28, 90, -119, 114, -83, -96, 75, -44, -73, -92, -16, -102, -21, -95, -122, 126, 35, -52, 80, -5, -18, -92, -38, 83, 97, 22, -79, -48, 15, 83, 35, -26, -20, 60, -115, -65, 53, -44, -108, 65, -39, -71, -4, -26, -46, -54, 18, -116, 72, 114, 75, 119, 47, 109, -75, -45, -54, 60, 120, -42, 105, -36, -97, 109, -118, -109, 9, 7, 30, -125, 86, -21, -86, -91, 6, 106, 57, 41, 32, -60, -112, 108, 118, -70, 41, -34, -25, -63, 56, -66, -41, -29, 49, 56, 77, 89, -52, 94, -37, -128, -3, 121, -127, -76, 82, 114, -83, -112, -29, 88, -96, 100, -79, -118, -36, -100, -17, 77, -5, 1, -66, -19, -107, -28, -90, 48, 6, -117, -98, 118, 20, 100, 80, -104, 33, -81, 21, -23, -2, 34, 70, 24, 53, -113, -79, 61, 26, -54, 2, 120, 15, 57, 59, -22, -23, -45, -59, 111, 92, 107, 87, -125, -108, 23, -61, 111, 68, -107, 118, 94, -62, -70, -107, -56, 10, 19, -47, -39, -4, 32, 109, -123, 16, -42, -87, -64, -14, 33, 44, -128, -44, -98, 31, -29, 45, -39, -1, 45, -78, 78, 49, -84, -106, 8, 91, 29, 51, -103, -127, -18, 103, -85, -96, -21, -47, -121, 91, -124, 92, 11, -116, 106, -19, -35, 68, 15, -89, -31, -126, 25, -25, -121, 69, 37, 73, 92, -28, -71, -6, 114, -13, -96, -40, 89, -18, -110, -5, 124, 122, -43, 59, 33, -23, 67, -120, -29, -50, 119, -126, 101, 46, -69, 42, -86, -4, -38, -102, 21, -116, -39, -49, 97, 14, 75, 103, -123, -39, 23, -52, 50, -23, 94, -63, 122, 37, -103, 3, -61, -77, 17, 114, 45, 97, -22, 27, -51, 11, 71, 126, -111, -70, -53, 99, 42, -101, -3, 41, 118, 94, -56, -85, 59, 88, -33, -95, 110, 11, -81, 127, -123, -49, -86, -89, -76, -78, -128, 112, -35, -16, -24, -91, 28, -20, 3, -13, -27, -104, 27, -119, -52, 101, 110, 52, 57, 106, 120, 70, -52, 100, -37, -40, 77, 18, -104, 100, -56, -105, -58, -9, 94, 0, 33, -44, -97, -35, 7, 58, -62, -62, -44, 99, 116, 118, 5, -90, -85, 49, 75, 9, -50, 4, -109, 109, -67, -60, 115, -9, 66, 94, -12, 17, -7, -117, -57, 105, -33, 2, -88, -86, -66, -73, -128, 90, 105, 37, -56, 102, 110, -4, -43, -14, -119, 44, -80, 121, -33, -7, 61, -75, 71, -81, -92, 114, 55, 6, 97, 52, 88, -52, 42, 118, -92, 7, -77, -42, -72, -57, -32, -6, 90, 27, 27, 91, 49, 78, 90, -57, -125, 66, 83, 41, 6, 123, 91, -53, -61, 45, 125, 60, -30, 115, -109, -84, 112, -92, 12, 97, -93, 46, -101, -74, -78, 74, 90, -63, -41, -97, -61, -65, -82, 106, 94, -34, 10, -106, -38, -122, 50, 112, -92, -77, -11, 117, -78, 60, 77, -75, 117, -24, 36, 115, -93, -26, 117, -72, 54, 58, -18, 82, -102, 87, -72, 2, 51, -66, -55, 21, -74, -110, 103, -51, -15, 92, -70, -23, -106, 60, -55, -124, 87, -53, -75, 2, -99, 56, -68, -24, -111, -76, 40, -18, -72, 123, 60, 19, -114, -103, -33, 4, 51, -40, -17, -36, 57, 115, 3, -117, 66, -76, -79, -55, -9, 53, 45, 95, -39, 116, -33, -28, 52, -31, 1, -91, -105, -35, -43, -76, -4, -79, -90, -90, -55, -86, 50, 61, -121, 126, -67, -24, -42, -122, -6, -70, -70, 122, 58, 102, -52, -100, 117, 3, -25, 105, 87, -74, -62, -95, -53, -72, -6, 38, 62, 26, -72, 44, -54, -34, -40, 112, -35, -83, 115, 47, 25, 92, -33, 96, -19, 42, 35, 102, -95, -19, 32, 21, -91, 66, -105, -107, 33, 90, -107, -43, -53, 42, 93, 82, 86, -55, -78, 110, 54, 74, 5, 49, -37, -118, 44, -21, -27, 106, -71, 112, -53, -23, 100, -63, 96, -5, -77, 68, -96, 81, -87, 34, 54, -82, 116, -104, -84, 85, -27, -76, -79, -2, 49, 118, 96, -91, 43, -73, -18, 81, -47, 74, -71, 40, 109, -92, 44, 120, -55, -99, -125, -12, 117, 86, 98, -24, 39, 33, -40, -28, -107, 92, -91, -45, -89, -57, -27, -107, -84, -45, -75, -110, 38, -61, -108, 50, -74, -88, 42, 121, 125, -61, 28, -86, -45, 20, -99, -99, 78, 51, 100, 45, -19, -49, 90, -5, -86, -82, 82, 85, -107, -77, 114, -126, 85, 54, -127, 43, -93, -128, -114, -54, 103, 121, -99, -43, -82, -90, -62, -39, 0, -74, -93, 42, 51, 14, -85, -108, -27, -34, -96, 12, -90, -108, 17, -78, 108, -121, 117, 89, 12, -18, -120, 6, -71, 49, -88, 112, 54, -120, 89, -71, -54, 11, 96, 97, -86, 92, 5, 50, -60, 115, -22, -103, -84, 12, -92, -85, 6, 89, -35, 44, 44, 39, 117, 105, -101, 62, 86, 85, -24, 26, 2, 102, 86, -107, 88, -71, -86, 111, -104, -31, 66, 75, -103, 108, 32, 92, 53, -52, 80, 42, -109, 47, -26, 20, 43, 81, -24, 66, -26, -85, -58, 45, -78, -107, -46, 29, 77, -36, 34, -89, -26, 121, 46, -83, 99, 24, 49, 75, 90, -33, -68, 86, 59, -97, -74, 45, -65, 90, -12, 47, 42, -77, 106, 86, -4, 88, -67, 98, 37, 47, 12, -2, 53, -114, -105, -55, -126, -112, 92, -52, -27, -43, -28, 118, -86, -13, 127, -29, -116, 8, 94, -112, -99, 12, 23, -27, -114, 39, 6, -75, 3, -85, 48, 104, -56, -86, -18, 68, -74, -7, -5, 121, -119, 109, 50, 35, -18, -109, 119, 33, -42, -125, 20, 114, 67, 44, -28, 1, 9, 107, 8, -35, 3, -84, -112, -47, -19, 28, -10, 45, -27, 5, 81, -106, -54, 104, -2, 28, 89, -52, 20, -118, -128, 68, -9, 45, -72, -104, 62, -27, -124, 121, 68, -48, 30, -63, -105, -67, -110, 8, 90, -57, -20, 11, 80, -74, 4, 28, 117, 28, -42, 55, 33, 103, 53, 74, -96, 72, 44, -102, 94, -96, -127, 87, 61, -63, 68, 89, 93, -128, 72, 7, -39, 73, -103, -21, 103, -51, 108, -88, -101, 58, -23, 65, -42, 6, -22, 26, 102, -50, -70, 109, -8, 48, 35, 31, 119, 34, 61, 112, -59, 24, 95, 114, -61, -44, -43, -19, -113, 18, 100, -88, 100, 109, 99, -80, 102, 79, -108, 29, 44, -2, 97, -34, -40, -47, -104, 6, -81, 18, -70, -42, -15, -22, 50, 113, -16, -65, -73, 74, -96, -127, 16, -24, 35, 63, -117, 115, -65, 22, -126, 47, 123, 46, 89, 114, -72, 48, -117, 114, 117, 98, 12, 39, 104, 97, 0, -103, -32, -102, 64, -12, -90, -47, -84, -127, 32, 90, -102, 74, 31, 98, 2, -110, 13, -106, 32, -94, -26, -92, 11, -63, 60, -99, 97, -110, -99, 33, -13, 44, 81, -106, -2, 75, -46, 1, -60, -76, -123, 28, 75, 13, 62, -35, 124, 112, -104, 67, 61, 1, -38, 1, -81, -62, 71, 44, -32, -13, 54, -81, -107, -120, -8, 36, 17, 51, 50, 26, 18, -36, 82, 43, 77, 46, -111, -28, 22, 107, 103, -27, 48, -97, -1, 85, -36, 119, 49, 50, 127, 68, 14, 97, -23, 93, 67, 53, 88, 36, 87, -61, 56, -89, 80, -61, -84, 92, -91, -111, -65, 77, 68, -95, -9, -72, -36, 70, -82, 80, 44, 110, 98, -39, 80, -5, -9, -98, -42, -50, 53, -33, -93, 42, -98, -60, -20, 34, 45, 32, 36, -94, -6, -9, -98, -51, 22, -73, -63, 97, -26, 71, -1, 32, 47, 124, -122, 26, -38, 99, 81, 5, 78, -8, -12, -89, 113, 64, -82, -48, 55, -18, 77, -19, -68, 36, 107, -25, -38, 90, 26, 1, -77, -117, 94, -79, 57, -107, 67, -92, -54, 18, 117, 22, -37, 31, 7, -117, -103, -107, 43, 29, 85, 6, -87, 113, -47, -67, 7, -43, 65, -121, -10, 4, -13, 98, 107, 103, -109, -77, 115, -79, -24, 93, -127, 33, 80, -117, -114, 109, 35, 100, -86, -110, -10, -1, -31, -73, -13, -94, -68, -72, 21, -22, -117, -13, 118, 86, 127, 99, -19, -36, 88, -74, -77, -55, -39, 25, 49, -6, 18, 104, -28, 53, -3, -19, 108, -122, -41, -50, 37, -85, 92, 65, 87, 42, 115, 119, 26, 60, 80, -108, -107, -53, 13, 51, -2, -75, -46, -97, -127, 97, 49, -117, 74, -24, -28, -117, 51, 118, -10, 124, -83, -58, 118, 64, 112, 110, 118, -14, -34, -120, -39, -39, -22, 95, 23, -70, -36, 48, -55, 90, 103, -9, 124, -109, -53, 13, 11, 52, -124, -103, -91, -48, 39, 22, 64, -75, -43, -84, -11, 105, -81, -59, -7, 103, 30, 118, -58, 64, 113, 57, 113, -2, -17, -84, 74, 53, 98, 118, 102, 99, -100, -128, -95, 37, -121, -36, -58, 111, 12, -18, -124, 45, 19, -3, 11, -16, 88, 96, 90, -115, -91, 12, 20, 66, -36, -69, 18, -13, -96, 96, 6, -8, -121, 104, 56, -97, 3, 59, 71, 44, -45, 67, -98, 83, -110, 26, 118, -23, -93, -104, 7, -57, 98, 109, -120, -53, 104, 30, 28, -13, 123, -22, 26, -112, -25, -116, -33, 7, 29, -40, -25, -75, 30, -14, 127, 29, -118, -89, 107, 113, 111, -12, 30, 23, -12, -79, 32, 95, -74, 115, 99, 118, -79, 104, -44, -16, -15, 13, -93, 30, -58, 122, -37, 52, 44, -52, -8, 19, -102, -66, 18, -66, 1, -111, -66, 101, 58, -118, -68, -39, 39, -96, 127, 97, -25, 93, -64, -59, 119, -62, 13, -13, 34, 87, 61, 114, -127, -103, 98, 8, 65, 82, -41, 50, 31, -78, 50, -22, 8, 98, 38, -21, -3, -77, -48, -48, 86, -42, -65, -30, 71, -79, -6, -88, 121, -107, -14, 68, -85, -108, 117, 92, -55, -99, -40, -66, 95, -36, -42, -62, -92, 111, -71, 10, 34, 71, -27, -112, -44, 36, -35, -92, -116, 57, 4, -115, 106, 50, 65, 105, 120, -5, -122, -51, 13, -85, 123, -40, 113, -58, 47, 87, -35, -61, -4, -39, -24, -17, -82, 116, 107, -85, 29, 77, 88, 14, -106, 64, 64, -35, -43, -111, 17, -59, 82, -54, -52, 67, -104, -32, 99, -67, 49, 85, -42, 66, -77, 44, -69, 96, 59, -116, -79, -107, -35, 22, 83, 63, -81, -87, -87, -87, 126, -78, 93, 98, -105, 85, -9, -6, -5, -88, -116, -43, 44, 17, -109, -92, 106, 90, 42, 57, -93, 97, 120, -3, -36, -7, -127, -37, -40, 116, 117, -61, -116, 91, 2, -73, 64, 19, 94, 51, 103, -50, 53, 97, 52, -84, -104, 75, 54, 13, 41, -28, -24, -86, -100, 27, -58, 100, 73, 86, 22, -46, 61, 118, 86, 46, 74, -77, -68, -116, 9, 109, 46, 69, 24, 100, -126, 72, -109, 70, 95, -94, -85, -91, -103, 17, -93, -122, -123, -41, -71, 28, 20, 22, 21, -61, -64, -91, 114, -106, 15, 65, -83, -75, 43, 103, 73, -56, -90, -116, -123, -78, 13, 83, -94, 85, -68, -110, -75, 108, -104, -53, -33, -80, -7, 111, -91, 92, -70, -53, 16, 48, -37, 28, 58, -37, 126, 88, 78, -24, 112, -24, 3, 103, 105, -73, 105, -52, 89, 59, 114, 105, 95, -95, -43, 12, 29, -91, -73, -106, 13, -83, 56, 7, 89, -114, -41, 121, -46, 116, -67, 33, 99, 102, -127, 64, -46, 48, 56, -10, 54, -78, -97, -118, -9, 124, -39, -115, 38, -103, -32, -39, -49, -84, -114, -39, -100, 32, 84, -67, -84, -95, -66, -34, -54, -73, -7, -66, -111, 63, -25, -42, 7, 14, -67, 11, 3, 66, -122, 122, 46, -98, -120, 46, 102, -79, -6, 77, 56, -100, 7, -103, 101, -26, 84, 6, -94, 89, -107, -101, -125, -33, -37, -59, -119, -12, 53, 41, -103, -5, -39, -121, 72, 100, 78, -112, 59, -32, 53, -124, 108, -29, 81, -73, 14, 60, 33, 14, -116, -103, 87, 41, -36, 126, -53, -21, 8, 51, 47, -16, 58, 124, -73, -22, 51, 99, -90, -5, -105, -77, -77, -26, 63, -68, 96, 71, 126, 99, 53, 82, 59, -80, -19, 84, -4, -10, 3, 70, 22, -101, -16, -88, -21, 6, -10, 122, 3, 97, 14, 51, -85, 65, -110, -109, -127, -7, 25, 107, -20, 83, -19, -118, -40, 69, 115, 110, -71, -82, 126, -6, -44, 73, 72, 16, -104, 58, -67, 62, -81, -52, -53, 45, -15, -99, 69, -49, -101, -38, 39, -31, 56, -80, -75, -40, -56, -36, -98, -49, 19, -4, -4, -88, 58, 61, 12, -104, 121, -91, 80, -79, -38, -62, 75, -47, 45, 96, 119, 68, -22, -90, -14, -14, 31, -89, -83, 83, 80, 90, -84, -95, 106, 53, -100, 88, -98, 81, -26, 49, -25, 55, -13, 60, 78, -77, -5, -27, -96, -41, -16, 125, 60, 17, 114, 100, 98, 87, -54, -79, 108, -50, -7, 12, 125, 46, 85, 97, 104, -104, 57, -22, -85, -11, 120, 107, -91, -126, 113, 91, -20, 115, -89, -38, 0, 86, 118, 63, 122, -75, 82, -51, -82, 57, -108, 95, 25, 105, 27, -93, -111, -35, -82, -118, -44, 35, 110, -44, 14, -13, -30, 12, -26, 105, -100, -98, 16, 90, -4, 97, 52, 44, -104, 121, -25, 25, -106, 29, -87, 7, 52, -125, 40, 68, -100, 25, -78, 68, -74, 21, -15, 64, 43, 74, -48, 82, -79, 16, 16, 98, 101, -77, -103, 101, 1, -114, -81, 27, 57, 83, 1, -127, 64, 99, 63, 59, 71, 44, 33, 12, -101, -99, 39, -3, -11, -76, -70, -6, -6, -70, -87, -109, -66, -57, -104, -61, 82, 57, 13, -90, 84, -71, -40, 92, 17, -108, 45, 64, 114, 19, -25, 39, 32, -58, 109, -10, -87, -25, 112, -92, 125, 99, 14, 115, -39, -50, 117, 42, 28, 30, -52, -39, -125, -19, 92, -111, -22, 112, 6, -52, -115, 54, 109, 35, -30, 92, 18, 38, -40, 28, -103, 76, -25, 64, -115, 108, -18, 108, 107, -15, 79, -44, 35, -120, 121, -112, 118, -74, -62, 1, -35, 97, 7, 112, 20, 58, -47, -125, -19, -84, 30, 98, 95, 17, 85, -51, 92, 25, 82, 127, -58, 22, 31, -97, -100, -61, -92, 114, -33, 24, -68, -99, 23, -5, 65, 106, 103, 12, 96, 46, -84, -73, 9, 0, -103, -13, -2, 25, 111, 67, 27, -125, -100, 84, -32, 23, 39, -119, -87, -50, -62, -50, -116, 89, -14, 109, -92, 111, -128, -1, -77, 88, -54, 46, -97, -49, 103, -72, 57, -123, 51, 11, -121, 9, 115, -47, -25, 93, -57, -38, -7, -70, -84, -33, 56, 19, 102, -15, 27, 43, 120, -89, -91, 118, -34, 34, 21, -91, 101, -102, -94, -13, -15, -127, -59, -65, -86, 34, -125, 115, 72, -104, 69, 72, 116, 115, 10, -74, 0, -31, 52, -109, 95, 116, 90, -52, 19, 104, 38, -63, 116, 73, -50, 125, 69, 28, -33, -95, 25, -13, -52, -90, 7, 46, 3, 78, 76, 36, 116, 46, 56, -93, -52, -7, 48, -52, -125, 86, 15, -28, 78, 44, -13, -96, -15, -20, -100, 82, 42, 85, 86, -85, -120, 125, -37, -112, 20, -119, -68, 71, -28, 18, -114, 55, 28, 17, 106, 95, 57, -100, -60, -6, -108, 113, -104, -45, -13, 97, -31, 27, 118, -73, 92, 29, 82, 69, 120, -18, 6, -26, -123, -98, 83, -111, -78, -43, -14, 29, 26, 73, 54, 125, -105, 123, -98, 55, -70, 13, -102, 58, -66, 87, 24, -36, -13, -64, -78, 91, -83, -99, -125, 123, -106, 45, -5, 75, -69, 67, 48, 61, 31, 34, -81, -53, 102, -97, -124, 72, -13, 93, -51, -68, -82, 29, 57, 34, 39, 90, -37, 111, -80, 52, 62, 83, -83, -86, -56, -80, -78, -123, 83, 74, 56, -91, -118, -18, -58, -38, -122, 52, -119, -13, 127, 8, -53, -25, -13, -121, 1, 115, -88, -103, 63, 71, 101, -2, 12, 18, -108, 114, -47, -7, 81, 84, 89, -83, 95, -68, -66, -36, -83, 108, -115, 119, 58, -39, 19, -48, 26, -124, -1, -29, 124, 126, -104, 61, 31, 42, -25, -57, 38, 40, 100, -97, -124, 118, -75, -17, -94, -71, 115, -82, -25, -40, 106, -2, -52, 25, 117, 117, -11, 51, -63, 59, 75, 21, -43, -6, -127, -42, -29, 111, -89, 24, -4, -82, -53, 100, 87, 26, -118, 110, -101, 63, -1, 26, -73, 49, -20, -74, -7, -33, -65, 36, -54, -100, 15, 29, 115, 46, -5, -60, -58, -101, -111, 44, -55, 74, -26, -120, 91, 13, 14, -13, 59, -82, 50, -96, 35, 9, -62, 77, 26, 15, 102, 118, 89, 101, 99, 64, 27, -50, -106, -122, 30, 15, 102, 119, 68, -71, -117, -110, -37, 25, 117, -102, -115, 83, -3, -93, -32, -52, 62, -82, 81, 105, -46, 71, 101, 114, 75, 69, -94, -53, -112, -12, -115, -4, -114, -88, 81, -91, 52, -97, 36, -49, 59, 79, 43, 78, -72, -99, 87, -7, 61, 51, 57, -11, -92, -1, -7, -97, 89, -2, -58, -1, 3, -4, 57, 77, -66, 89, 126, 80, -77, 0, 0, 0, 0, 73, 69, 78, 68, -82, 66, 96, -126]
      //  50. (00124): astore_1
      //  51. (00125): aload_0
      //  52. (00126): ldc 'levelComplete_uLose_count.png'
      //  53. (00129): aload_1
      //  54. (00130): invokevirtual -1 3
      //  55. (00134): pop
      //  56. (00135): aload_0
      //  57. (00136): ldc 'img/levelComplete_uLose_count.png'
      //  58. (00139): aload_1
      //  59. (00140): invokevirtual -1 3
      //  60. (00144): pop
      //  61. (00145): return
    }
    
  }
  


*** VERBOSE MODULE METADATA ***

Siblings:
  com_plazmic_games_rooster, com_plazmic_games_rooster-1, com_plazmic_games_rooster-2, com_plazmic_games_rooster-3, com_plazmic_games_rooster-4

Imported Modules:
     1: net_rim_cldc (0.9)

Class Refs:
     0: java/util/Hashtable [(0, 0)]
     1: java/lang/Object [(0, 0)]

Virtual Method Fixups:
  java/util/Hashtable/put(Lclass(1:0);Lclass(1:1);Lclass(1:1);)
    [23, 33, 50, 60, 77, 87, 104, 114, 131, 141]

------------------------------------------------------------

