Module: com_plazmic_games_rooster-3 (v. 1.0.0.64) @ Fri Dec  9 06:57:55 2005
------------------------------------------------------------
Attributes:
  is_library

Class Index:
     0. final class com/rim/resources/com_plazmic_games_roosterRIMResourcesPopulator3 extends class(1:1)

Classes:
  final class com/rim/resources/com_plazmic_games_roosterRIMResourcesPopulator3 extends class(1:1) {
    
    // Static methods
    final static populate(Lclass(1:0);) {
      //   0. (00014): enter
      //   1. (00015): arrayinit 'byte' [71, 73, 70, 56, 57, 97, -52, 0, 106, 0, -60, 0, 0, -90, -91, -95, -55, -91, 20, -16, -47, 84, -82, -112, 14, 53, 53, 53, -20, -61, 28, -112, -118, 114, -42, -42, -41, -6, -6, -6, -56, -61, -81, -56, -57, -59, -50, -76, 75, -25, -25, -26, -66, -73, -103, -4, -29, -123, -19, -42, 124, -52, -52, -49, -43, -40, -26, -71, -71, -69, -41, -59, 124, -14, -16, -21, -38, -43, -63, -28, -32, -45, -4, -21, -90, -23, -22, -16, -31, -43, -91, -49, -47, -41, -36, -36, -35, -65, -63, -57, -31, -30, -27, -15, -14, -7, -1, -1, -1, 33, -7, 4, 0, 0, 0, 0, 0, 44, 0, 0, 0, 0, -52, 0, 106, 0, 0, 5, -1, -32, 39, -114, 100, 105, -98, 104, -86, -82, 108, -21, -66, 112, 44, -49, 116, 109, -33, 120, -82, -17, 124, -17, -1, -64, -96, 112, 72, 44, 26, -113, -56, -92, 114, -55, 108, 58, -97, -48, -88, -12, 70, -79, 88, -81, -40, -84, 118, -53, -19, 118, 41, -45, 112, -45, -94, 81, -104, -49, -24, -76, 122, -51, 78, -96, -35, 10, -72, 27, -82, -80, -120, -17, -55, -54, -26, -80, 63, -8, 53, 7, 16, -126, -126, 107, 28, -122, 18, 28, 18, -118, -117, -116, -116, 0, 18, -113, -111, -110, 0, 0, 28, 21, 120, -104, 68, 8, 21, 124, 27, -98, 126, -96, 26, -94, -125, -124, 102, 28, 9, -122, -88, -119, -115, -118, -111, -112, -81, -108, -112, -79, -108, -106, 8, -103, -73, 63, 20, 10, 7, 29, -98, 123, -128, -94, 26, 16, -62, -125, 105, 28, 10, -119, -55, -84, -114, -80, -78, -109, -113, 10, 96, -72, -45, 58, 20, 9, -98, -67, 9, 19, -37, 25, -35, 9, 25, 19, -32, -37, 13, -57, -90, 13, 13, 19, 11, 11, -23, -20, -22, -20, -37, 19, -24, -15, 19, -38, 13, -78, -89, -46, -44, -6, 53, -70, -68, -67, 2, 5, 4, 8, 120, -32, -32, -126, -125, -125, 3, 31, -64, 41, 117, 10, 93, -127, -121, 16, 35, 70, 20, 24, -16, -96, -125, 9, -9, 18, -28, -37, -57, 17, -122, -75, 13, 12, 48, 108, -104, 32, -48, -30, 5, -125, 2, 28, -1, 84, 24, 118, -128, 88, 49, 14, 16, 18, -111, -108, 8, 80, -96, -51, -110, 7, 31, 68, -62, -41, -79, -25, 11, 107, 7, 66, 110, -80, 121, -16, 100, 78, -106, 45, 93, 42, 24, 4, -13, 80, 3, -118, 15, 107, -34, -76, -24, 32, 67, -58, -115, 62, -77, -98, 0, -118, 65, -28, -125, -108, 69, 47, 12, -84, 16, 33, 84, 82, 82, 75, -49, 52, -43, 6, 48, -32, 84, -86, 25, 30, 41, -46, -88, -75, -18, -42, 4, 65, 61, 108, -8, 26, -10, 96, 6, 62, -96, 66, -71, 36, 5, 1, 25, -78, 83, 95, -33, 82, -59, 72, -117, -82, -35, -57, 34, -128, 82, -16, -48, -127, 111, 65, -125, 15, 42, -12, 2, 28, -8, -49, 40, -76, -123, 99, 34, 38, 106, -46, -63, -125, 87, 60, 33, 63, -26, 74, -39, 65, 74, -93, 85, 55, -12, -6, -44, 39, -108, -103, 4, 9, -50, -31, 86, 117, -8, 20, -40, -94, -82, 49, 42, 74, -83, -70, -18, -57, -55, -107, -5, 86, -19, 48, -37, -105, -89, 8, 16, -76, 45, -112, -24, 86, -32, 54, -36, -122, 50, 16, 52, -24, 90, 64, 43, -30, -59, -77, 90, -45, -32, 1, 65, 114, -40, 14, 100, 51, -9, -59, -4, 64, 2, -22, -16, -85, 15, -52, -128, 44, 3, 74, 1, -62, 17, 57, 14, 47, 30, 111, 121, 6, 25, 92, -106, -109, 122, -67, 48, -41, -127, 2, -45, -63, 119, 19, -1, 69, -118, 101, 80, -127, 118, 41, -99, -74, -56, 126, -4, -11, 4, -44, 127, -10, -63, -106, -127, 108, 12, 48, -121, 65, 7, 25, -60, -9, 16, 7, -62, -32, 54, -63, 3, -119, -3, 86, -112, 105, -42, 45, 2, 94, -123, 28, 93, -120, 0, -128, 39, 113, -105, 65, 7, 29, -30, -120, -127, 2, 34, 62, 52, 65, 4, 64, 6, 83, -40, 55, 1, -82, 88, -46, 64, 9, 12, 71, 33, -116, -5, -116, -121, 0, 2, 20, 100, 104, -47, -115, 24, 48, -64, -128, 7, 7, -12, 24, -107, 2, 101, -3, 17, -127, 6, 95, 66, 80, 65, 5, 98, -91, -44, -30, 33, 75, 50, 73, 13, 80, -74, 96, 96, 1, 119, -90, 105, 86, 37, 5, 29, 76, -96, 32, 68, 0, -3, -40, 89, 96, -94, 40, -64, -105, 64, 10, 25, -14, -94, -102, -45, 56, 9, -27, -101, -36, 61, -112, 65, 87, 87, 86, 16, 95, 91, 82, 105, 80, -37, -98, -127, 64, 64, -112, 77, -120, -92, -126, 21, -95, -72, 56, -7, 65, 21, 84, 9, 80, 65, 87, 30, 96, 96, 103, -113, 53, 21, 64, -106, 47, -100, -43, 38, 12, 73, 2, 29, -109, 72, -102, -100, 102, -30, 41, 5, 21, -84, -24, -38, -88, -109, 69, -96, 101, 64, -64, -2, -24, -100, 115, 124, 66, -112, 103, 57, -125, -42, -118, -119, -89, 30, 20, -39, -35, -94, 8, 52, -85, 101, -86, -8, -15, 50, -20, -1, 39, -127, 65, 0, 107, 2, -123, 37, -85, -20, 29, -98, 34, 16, -32, 125, -48, 122, 112, 106, 0, 15, -95, 27, 21, -80, 82, -7, -125, 13, 109, 124, -122, 40, 0, 76, 49, -47, -6, -83, 24, -73, -38, -57, 34, 126, 24, 124, 96, 46, -86, -20, 10, -92, 89, -127, -51, -19, -47, -121, 6, -17, -51, 43, -116, 4, -10, -34, 59, -123, 53, 16, -120, 32, 46, 66, -42, -11, -117, -63, 116, -22, -86, 59, 81, 84, 2, -35, 104, -32, 122, -60, 30, 16, -127, -99, 11, 40, 32, 10, -61, -101, 58, 28, 6, -60, 34, 120, 96, 65, 119, 121, 50, -16, 1, 3, 9, 22, -96, -79, 91, 28, -37, -108, 65, 4, 85, 50, 103, 65, -63, 124, 104, 27, -48, 48, 26, 120, -85, 114, 20, 44, 127, -86, 93, 119, 5, 44, 96, -121, 5, 11, -96, 123, -77, 84, 57, 43, -118, -93, -107, 31, -77, 26, -63, 123, 5, 76, 0, -127, 31, 70, 31, -3, 4, -60, -74, 68, 121, -45, 67, 79, 39, -88, -15, 64, 54, 5, -108, -104, -43, 61, -29, 8, -78, 39, 26, -100, -70, 0, 89, 7, -96, 44, 54, 30, -42, 112, -32, -127, -65, 101, 82, 20, 64, 6, 31, 64, 109, 51, -98, 40, -90, 40, -112, -115, 29, 84, 105, 37, -42, 5, 110, -35, -42, 2, 96, 110, -96, -9, -34, -8, 38, -39, 65, -87, 25, 44, 56, -8, -52, 81, -89, -21, 54, -1, 102, 54, 61, 112, -63, -53, 84, -122, -12, 120, 7, 63, 119, 80, 55, 68, 119, 123, 18, 54, -26, 75, 88, 35, -127, -92, 35, 65, 101, -13, 4, 80, 98, -52, 113, -30, 55, 17, 116, 16, -81, -86, 67, -114, -63, 1, -89, 62, 68, 121, 47, -105, -45, 46, -123, -19, -61, 104, 43, 56, -70, 11, 76, 22, -70, -14, 11, -66, 77, -112, -125, 24, 80, -64, -24, -29, 24, -116, -84, -68, -51, 119, -9, 50, -69, -13, 71, 64, -103, 100, -12, 36, -7, 30, -128, -45, 8, 76, 32, -11, -28, 2, 44, 16, -4, 118, 22, 120, 64, -127, -9, 20, 88, 41, -46, 123, 106, 107, -102, 63, -102, -121, -66, -79, -83, -81, 12, -25, -78, 25, -70, 42, 16, 63, -40, 53, -115, 99, 36, 73, -36, 5, 50, -112, 63, -2, 117, -27, 67, -23, -128, 72, 0, -92, -74, -127, 15, 17, -80, -128, 77, -96, -128, 61, -40, -105, 46, -87, 125, 46, 3, -17, 123, -32, 116, -20, 87, -70, -86, 44, -57, 3, -6, -13, 30, 101, -72, -26, -66, -9, 29, -96, 74, 31, 4, 97, -19, -110, 100, 50, 5, -40, 105, -125, -121, 123, -97, 7, 42, -112, -96, -102, -39, -49, 126, 18, 84, 20, 6, -96, 52, 25, 15, -120, -17, -127, 27, 4, -94, -45, -70, 114, 62, 29, 14, 65, -124, 18, 24, 6, 7, -28, -89, -64, 40, 46, -64, 19, 43, 84, -98, -30, 80, 100, -102, -1, -52, -64, -80, -119, 21, -56, 96, 13, 55, -8, 69, 15, 48, -128, 3, 13, 72, -103, 21, -113, 96, 13, 0, -12, 41, 106, -17, 107, 0, 118, 72, 84, -73, 21, 6, -128, 109, -10, 59, -111, -94, 30, 48, -127, 37, -106, 103, -120, 118, -21, 98, 20, -33, -105, 63, 12, -28, 112, -114, 70, 80, 95, 22, -53, 16, -75, 6, 8, 98, 48, 16, 104, 64, 16, -21, -57, -55, -60, 125, -91, 2, -27, 65, 0, 6, 50, -96, 14, 40, 42, -110, -115, -101, 115, 100, -61, 32, 121, -59, 6, -40, -111, -110, 11, -120, 30, 97, 52, -48, -128, 35, 54, -83, -109, -64, 43, -28, -109, -22, 20, 70, 60, 46, -46, -117, -7, -13, -64, 35, 89, 73, 4, 10, 40, 98, 24, 18, 80, 71, 49, 72, -127, -80, 9, -120, -27, -120, -8, -63, 15, -118, 38, -64, -64, 77, -88, 17, -118, -65, -12, -30, -107, 60, 0, 71, 57, 18, 83, 8, 34, 124, 37, -126, 6, 64, 34, -62, 12, -61, -121, 71, 100, 97, 4, -45, -111, 1, -3, 37, -96, -105, 38, -4, 101, -70, 22, -64, -128, 104, 85, -15, -101, 60, -88, -93, 22, 43, 73, 8, -62, 40, 64, -109, -23, -116, 38, 73, 38, -64, 0, 11, 92, -45, -113, -39, -36, 32, -55, 58, -16, -92, 110, -30, 19, 9, 117, -68, -29, 6, 111, -73, -52, 97, -44, 114, -123, 2, -83, -97, -104, 74, -87, -114, -9, 37, -1, 52, -101, -12, 124, -46, 48, 31, -22, 3, -11, 1, 96, -97, 108, 60, 103, 49, -124, -95, 14, 117, -44, -81, 125, -46, 105, -102, 31, 21, 57, 0, 121, -78, -79, -98, 8, 112, 40, 73, -117, 16, -50, 59, -42, 52, 0, -106, -60, -92, -74, -90, -109, -114, -6, -83, 35, 29, 28, 101, 99, 20, 127, -6, 81, 122, 126, 0, 1, 35, -35, 105, 62, 33, 33, 10, 14, -8, 114, 1, 9, 32, -58, 82, 44, -38, -46, 35, 22, 117, -123, 81, -13, -27, 79, -103, -86, -44, -101, -118, 64, 2, 113, -108, 106, 49, 93, -23, -45, 69, 82, 116, 16, -80, 52, 106, 87, 59, 122, -54, 0, -112, 53, -95, 78, -3, 64, 84, -43, -102, 3, 99, -66, -46, -86, -65, 92, -64, 91, -39, 55, -41, -114, -122, -43, -93, 27, 28, 64, 77, -17, 26, 88, -103, -23, 53, -83, 124, 13, 66, 79, -117, -74, 0, -78, 14, 64, -80, -107, -30, -22, 92, -101, -122, -40, -91, -38, 85, -95, -66, 12, 108, -65, 30, -5, -73, -56, 2, 97, -78, -128, -3, -27, 101, -7, 120, -50, -80, 30, 54, -76, 118, 85, -20, 103, -85, -121, 66, -58, 86, -17, -84, -112, 53, -83, 15, -62, -39, 90, -90, 50, 85, -80, -93, -88, -37, -5, 14, -85, -38, -49, 46, 54, 0, -23, 72, -84, 104, -49, 42, 1, 111, -22, -42, 6, 126, -83, 106, 101, -115, -69, 72, -84, 6, -93, -106, -1, -99, 85, -83, 98, -113, -85, 92, -18, -38, -11, -74, -113, 117, -18, 115, 105, -64, 91, 74, 30, -9, -82, 11, 104, -128, 68, -117, -69, -35, -13, -58, -10, -77, -39, 108, -128, 99, -47, 42, -34, -15, -54, 0, -75, -45, -107, -19, 101, 47, -5, 93, -11, -46, -46, -73, -58, 109, 47, 117, -11, 59, 96, -16, -46, -41, -66, -7, 116, 101, 111, 9, -20, -35, 1, -88, -105, 3, -35, -115, -19, 118, -33, -85, 95, -9, 78, 55, -81, 104, 45, 45, -126, 115, -128, 1, -74, 82, 86, -64, -33, 85, -57, 88, -55, 1, -128, 0, -73, -73, -62, 20, 62, -17, 98, 13, -100, -37, 13, 83, 65, -63, 101, 48, 0, -125, -111, 91, -39, -13, 46, 0, 0, 39, -50, -79, -114, 41, -100, -40, -53, -50, -73, -59, 46, -26, 7, 37, 124, -70, 99, 21, 87, 88, -57, 72, 94, -84, -110, -65, -69, 1, 91, 28, 56, -56, 47, 62, -87, 121, 103, -100, 99, 9, 39, -7, -54, -19, -83, -15, 0, 32, -128, 1, 97, 2, 25, -54, -9, 29, 114, -47, -110, -100, 98, 44, -101, -39, -54, -118, 93, 0, 7, 34, -48, 1, 0, 124, 25, -52, 30, 97, -21, 1, -58, 105, -26, 58, -37, -7, -60, 107, 62, -64, 35, -22, 11, -25, 20, -124, -109, 57, 16, -112, 113, -106, 13, -96, -27, 59, 35, 25, -51, 105, -66, -84, -55, 52, -32, 102, 62, -9, 121, 43, -82, 108, -1, -100, 6, 106, 44, -40, 82, -32, 120, -69, -22, -123, 90, 123, 5, -95, -27, 72, 40, 86, 18, -112, -88, 44, 37, 98, 113, 59, 61, -65, -7, -47, 44, -96, 0, 37, 26, 23, -127, 79, 39, 2, 0, -22, 104, -64, -119, 33, -64, 102, 89, 43, -74, 1, -91, -78, -75, -102, 57, 112, -23, 80, 19, 90, -58, 6, -16, 53, 0, 22, -35, 104, 84, -33, -41, -107, 17, 96, -64, 1, 22, 96, 0, 5, 72, 32, -55, -120, 48, -64, 127, 21, -101, -128, -82, 36, 64, -79, -103, -62, 113, -80, 47, -67, -35, 71, 8, 122, 0, 38, 51, -11, 104, -115, -3, 19, 74, -56, -90, 2, 6, -80, -121, -96, 127, -35, -19, 3, -56, 56, 17, -37, 101, 64, 2, 42, -96, -128, 1, 0, 32, 2, -28, -88, 108, -80, 27, 96, 0, 0, -84, 27, 18, -37, 37, -10, -87, -55, -115, 2, 17, 26, 32, 2, 27, -56, 36, -64, 63, -83, 8, 65, -125, -23, 28, 99, 30, -128, 1, -96, -106, 0, 11, 24, -96, 2, -82, 60, -128, -85, -3, -51, -17, -19, -10, -37, -33, -32, 6, 4, 37, 28, 77, -16, 79, 81, -126, 15, 10, -16, -12, 118, 21, -127, -19, 76, -10, 27, 38, 50, -82, -124, -125, 113, -43, 1, 7, -73, 122, 0, 44, -41, 113, -80, -33, 45, -118, 98, -105, -68, 5, 6, 7, -124, 2, -46, 45, -127, 127, 107, -101, 3, -33, 86, 111, -52, -1, -97, 13, 0, 10, 32, 64, -42, -127, -112, -8, 1, 108, -19, 113, -59, -18, -100, -100, 34, 111, -6, -49, -127, 94, -12, 115, 6, 32, -40, -78, 96, -71, 1, 120, -35, -34, -125, -29, 56, 1, -38, -114, -64, -77, 7, -64, 0, 89, 27, 32, 124, -85, 0, -10, -88, 65, 110, 50, 8, -8, 124, -21, 42, 8, 122, -116, -83, -50, 110, -119, -21, -36, -22, 85, 7, -68, -43, -103, -19, 119, -119, 27, -32, -16, -37, 37, -111, -98, -75, -114, 119, 21, 56, 114, -20, 17, 55, -76, -28, -79, -52, -57, -69, 55, 30, -46, 6, 16, -115, -65, 127, 125, -8, -50, 123, -2, -16, -52, -2, -68, -24, 59, 31, -6, -48, -125, -34, -13, -28, -56, 58, -55, 9, -82, -22, -79, -97, -62, 20, 75, 25, -45, 1, 42, -112, -123, 14, 69, -64, 10, 99, 90, -55, -104, -60, -108, -5, -107, -120, -23, -110, -69, 23, 68, -16, -105, -62, -24, -127, 95, 62, -24, -122, 48, 3, 92, 1, -47, -119, -113, -7, -81, 67, 7, 3, -122, 40, -110, 18, -116, -23, 7, -29, 15, -44, -33, -64, -56, 47, -97, 2, 15, -8, -5, 16, -61, 17, -108, -84, -74, -54, 18, -26, -121, -94, 20, 105, 81, -2, 25, 10, -77, -2, 53, -40, -35, -8, -115, 55, -8, -24, -25, 79, -1, -6, -37, 127, -2, -116, -25, -66, 9, 116, -79, -7, -5, -5, -1, -1, -9, 87, 1, 78, -89, 127, -1, -5, 103, 1, -71, 113, 14, 8, -104, -128, 10, -72, -128, 12, -40, -128, 14, -56, -128, -76, -73, 122, -28, 118, 40, -67, 87, -127, 22, 120, -127, 24, -104, -127, 26, -104, 123, 22, 48, -128, 4, 104, 2, 76, -76, 63, 34, 56, -126, 36, 88, -126, 38, 120, -126, 40, 120, -126, -74, -16, -127, 32, -8, 84, 79, -14, -126, 48, 24, -125, 50, 56, -125, 52, 88, -125, 51, -8, 84, 44, -104, -125, 58, -88, 91, -34, 99, 2, 18, -48, 2, 16, 32, 1, 27, -96, 2, -98, 16, 3, 67, -40, 103, 10, 64, 0, 4, 96, 0, 50, 112, 120, 38, 64, 0, 36, -16, -125, 37, -96, 1, -3, 86, 116, 6, -112, 15, 0, -96, -124, 111, -25, -124, 48, 0, -123, 39, -32, -123, 47, -112, -124, 4, 0, 0, 34, 96, 0, 75, 40, 2, 72, 71, 0, 17, -109, -123, 74, -56, 36, 18, 64, 0, 67, 120, -124, 56, 0, -122, 31, 64, -121, 34, 64, 0, 29, -96, -124, -107, 0, -122, 78, -72, -124, 92, 56, -121, 70, -8, 36, 4, 48, 116, 76, 56, -122, 24, -128, -121, 16, 0, -123, 127, 8, 35, 99, 72, 2, 108, 72, -122, 74, -88, -121, 80, -104, -124, 102, -88, -124, 63, 88, -119, 80, -72, -124, -102, -88, -124, 17, 35, 2, -108, -48, 111, 35, 96, 0, 71, -24, -124, -98, 87, -121, -106, -56, -122, 4, -64, 1, -111, 88, -119, -86, -8, 1, -1, -113, 56, 2, 80, -120, -118, 123, -96, -123, 42, 64, 0, 111, -40, 47, 111, -24, 111, 119, 24, 104, -63, -90, 38, -125, 56, 2, 27, 0, -123, -63, 88, -121, 28, 80, -121, 26, 64, 0, 84, -24, 111, 4, -32, 1, -125, 56, -116, 111, 88, -121, -118, -112, -119, 37, 16, 108, -74, 24, -118, 82, -120, -119, 30, -32, -124, -74, -32, -124, 20, 96, -117, 111, -56, -116, -123, -104, -123, -58, 88, 2, -118, -104, -119, 86, -72, 2, -30, -24, -123, 111, -56, -123, -87, -88, -116, 118, 88, 28, -115, 120, 86, 94, 104, -114, 117, -72, 121, 4, -128, 1, 125, 24, -115, 31, -112, -124, 117, -8, 1, -83, 104, -121, -3, -89, 106, 31, 32, -118, 101, -56, -124, 5, 105, -118, 103, -24, -124, -49, 88, -115, -125, 40, -115, -28, -24, -118, -123, -8, -122, 82, -120, 2, 89, 24, 49, 94, 120, -116, -20, -40, -119, -48, 8, 35, -70, -88, 87, -119, -8, 1, -61, -56, -112, 27, -96, -118, -118, 88, -120, 75, 17, -117, -46, -72, -112, -97, 50, 2, -121, 24, 1, -106, -8, -111, 7, 89, -112, -83, 120, 120, 111, 24, 49, 11, -87, 0, -11, -104, -119, 56, 41, -121, 37, 89, -121, -124, 8, -110, 20, -80, 1, 20, -96, -111, -119, 40, -123, -115, -40, 111, -57, 8, -110, -62, 120, -121, 7, 16, -108, 21, 82, -119, 91, -88, -124, 56, -71, -118, 119, 72, -122, -7, -120, -112, 83, -46, -56, -113, -106, 72, 2, 72, 87, 9, -121, -89, 97, 127, -8, -107, -85, -72, -118, 90, -7, -125, -87, 88, -114, -15, -40, -113, -7, 72, -110, -121, -41, -112, -80, 24, -119, -62, 64, -117, 3, 41, -107, 115, -103, -112, -17, 72, 40, -65, 8, -117, 42, -16, -116, 46, 96, 8, 17, 48, 5, -96, 24, 89, -43, -24, -118, 103, -8, -123, 91, -103, 21, 66, -72, -125, -118, -71, -104, -116, 121, 52, 33, 0, 0, 59]
      //   2. (00021): astore_1
      //   3. (00022): aload_0
      //   4. (00023): ldc 'plazmic-games-c_204x106.gif'
      //   5. (00026): aload_1
      //   6. (00027): invokevirtual -1 3
      //   7. (00031): pop
      //   8. (00032): aload_0
      //   9. (00033): ldc 'img/plazmic-games-c_204x106.gif'
      //  10. (00036): aload_1
      //  11. (00037): invokevirtual -1 3
      //  12. (00041): pop
      //  13. (00042): arrayinit 'byte' [-119, 80, 78, 71, 13, 10, 26, 10, 0, 0, 0, 13, 73, 72, 68, 82, 0, 0, 0, -69, 0, 0, 0, 67, 8, 3, 0, 0, 0, -13, -113, -124, 44, 0, 0, 0, 4, 103, 65, 77, 65, 0, 0, -81, -56, 55, 5, -118, -23, 0, 0, 0, 25, 116, 69, 88, 116, 83, 111, 102, 116, 119, 97, 114, 101, 0, 65, 100, 111, 98, 101, 32, 73, 109, 97, 103, 101, 82, 101, 97, 100, 121, 113, -55, 101, 60, 0, 0, 1, -128, 80, 76, 84, 69, -117, 1, 1, -90, -106, -106, 39, 39, 39, -25, -41, -41, -73, 54, 54, -93, 43, 43, -85, 21, 21, -90, 54, 54, 52, 51, 51, -104, -115, -115, -127, 0, 0, -42, -119, -119, -78, 0, 0, -100, 38, 38, -74, -94, -94, -102, 0, 0, -63, 54, 54, -29, -56, -56, 86, 84, 84, -51, -117, -117, -103, 25, 25, -71, 22, 22, -85, 68, 68, -115, -123, -123, -77, -101, -101, 69, 67, 67, -60, 121, 121, 104, 100, 100, -47, -108, -108, -52, -123, -123, -46, -103, -103, -110, 0, 0, -41, -57, -57, -31, -67, -67, -126, 122, 122, -18, -27, -27, -71, 120, 120, -57, 70, 70, -88, -119, -119, 116, 1, 1, 101, 91, 91, 114, 107, 107, 121, 115, 115, -61, 107, 107, -46, 118, 118, -101, -108, -108, -44, -94, -94, -69, 101, 101, -37, -84, -84, -51, -83, -83, -84, 0, 0, -35, -77, -77, -62, 115, 115, -90, 0, 0, -73, -120, -120, -62, 93, 93, -51, -77, -77, -50, -112, -112, -86, 12, 12, -35, -93, -93, -45, -85, -85, 26, 26, 26, -52, 125, 125, -68, 67, 67, -79, 45, 45, -62, 98, 98, -62, -85, -85, -68, 75, 75, -54, 99, 99, -78, 76, 76, -67, 108, 108, -110, 12, 12, -44, -76, -76, -109, 123, 123, -88, 118, 118, -66, 81, 81, -46, -69, -69, -54, 115, 115, -85, -93, -93, -51, -98, -98, -54, 91, 91, -60, -93, -93, -68, 88, 88, -78, 83, 83, -53, -91, -91, -35, -73, -73, -81, 34, 34, -76, 89, 89, -57, -68, -68, -39, -110, -110, -95, 0, 0, -61, 86, 86, -59, -77, -77, -121, 110, 110, -52, 110, 110, -68, 33, 33, -53, -58, -58, -76, -81, -81, -64, -101, -101, -37, -46, -46, -94, 98, 98, -36, -101, -101, -78, 63, 63, -58, -127, -127, 79, 75, 75, -74, 9, 9, -105, 107, 107, -92, 10, 10, -67, 45, 45, 127, 10, 10, -72, 96, 96, -55, 82, 82, -73, 14, 14, -79, 109, 109, -75, 5, 5, -50, 104, 104, -99, 12, 12, -92, 4, 4, -99, 82, 82, -62, -108, -108, -87, 6, 6, 62, 61, 61, -122, 0, 0, -87, 0, 0, -124, 0, 0, 126, 0, 0, -82, 0, 0, -75, 0, 0, 29, -127, 98, 74, 0, 0, 15, -45, 73, 68, 65, 84, 120, -38, 98, -32, 101, 47, 27, -102, -128, -99, 23, 32, -128, 24, -44, -43, 115, -121, 40, 80, 7, 8, 32, 6, -11, -38, 33, 10, -43, -43, 1, 2, -120, -95, 118, -24, 2, -128, 0, 26, -54, 110, 7, 8, -96, -95, -20, 118, -128, 0, 2, -70, -99, 107, 104, -126, -38, 90, -128, 0, 98, 24, -86, 78, 7, 58, 30, 32, -128, 24, 106, 107, -122, 42, -88, 5, 8, 32, 6, -82, 33, -21, 118, 46, -128, 0, 98, -88, -87, -87, 26, -94, -96, 6, 32, -128, 24, 40, 118, 58, 3, 67, 46, 3, 3, 3, -112, -126, -48, 116, 116, 59, 64, 0, 1, -35, 14, -78, 23, 25, 1, -127, 59, 24, 48, 48, -96, 75, 97, 67, -18, 34, 64, -24, -98, 11, -95, -16, 107, 33, 96, 46, 80, -98, 1, 77, 14, -86, 1, -101, -14, -86, 26, -128, 0, -126, 58, 22, 25, -72, -117, -16, -78, -77, -117, -119, -79, -77, -13, -14, -126, -19, -63, 15, -36, 121, 121, 89, 89, 121, 69, 68, 68, -64, 20, 62, -11, 32, 115, -59, -60, 92, -59, -40, 89, 69, 68, -80, 73, 3, -27, -63, 54, 66, -67, 7, -45, 0, 116, 9, 118, 115, -85, 0, 2, 8, -45, -19, -18, 34, -20, -82, 121, 42, 64, 80, -104, 23, 44, -122, -33, 53, 32, 32, -62, 30, 94, 88, 24, -52, -50, -54, 30, 92, 88, 24, -50, 46, -126, -57, -27, -84, -82, -31, -123, 42, -23, 64, 115, -11, -125, -39, 121, 49, -115, 117, 103, 101, 7, 2, 80, 40, 64, 3, -63, -99, 23, -24, 16, 55, -107, 116, -87, -62, 60, 87, 86, 44, 6, 87, 1, 4, 16, 54, -57, 20, -86, 49, 74, 72, 48, 50, 38, 5, -54, -103, 0, 93, -125, -33, -15, -18, -84, -31, -98, -107, -110, 42, -63, 98, -63, 94, -110, 28, 102, -82, -68, 56, -108, -55, -69, -13, -118, -27, -91, 7, 74, -88, 113, 114, 114, 50, -122, -108, -69, 5, -77, -70, 99, 6, 89, -95, -105, 103, -95, 24, 43, 48, -88, -125, -59, -60, -128, -42, -118, -80, 7, -101, -87, 49, -126, 52, 4, -90, 99, 13, 21, -128, 0, 2, -103, -117, 12, -127, -106, -72, -102, 113, -40, -126, 0, 83, -91, 52, -93, 92, 30, -69, 8, 88, 84, 4, 20, -95, 34, 34, -18, 64, -114, -69, 123, 9, -120, 3, -26, -55, -69, -77, -101, 120, -38, -38, 50, 22, -26, -71, -87, -39, -38, 74, -72, 1, -67, 10, 4, 96, 29, 16, 0, 53, 22, -24, 116, -73, 16, 78, 33, 38, -80, -63, -110, 74, 78, -23, -31, -84, 80, 5, 48, -91, 34, -84, 98, -79, -74, -74, 26, 121, 98, -63, 82, 74, 74, 106, 110, -82, -68, 34, -68, 98, 94, -107, -74, 16, 13, -100, -106, -31, -68, -18, -14, -88, 46, 101, 96, 0, 8, 32, -96, -45, 81, -127, 59, 107, 94, 32, -121, 109, 101, 70, 70, 6, -48, 7, 76, 74, -27, 32, 77, -64, -40, 19, 11, -41, -41, 7, -90, 33, 86, 17, 80, -78, 76, 11, -50, -45, 119, -45, 15, 7, -15, 68, -60, -124, -59, 109, 57, -110, -46, -35, -46, 25, 109, 109, -99, -46, 65, -119, -121, -107, 23, -28, 39, 17, 86, 80, 2, 112, -121, -102, 42, -110, -26, 22, 34, 13, 116, -123, -112, -106, -90, 52, -48, 92, 73, 62, -39, 96, 86, 96, 14, 1, 38, -3, 18, -112, -127, 64, 61, -68, -20, -63, -64, 64, -48, 116, -53, 75, -73, 1, 42, -77, -111, 13, 7, 6, 63, -48, 51, 25, -102, 90, 32, 125, -116, 38, 98, -18, 104, 14, 101, 96, 0, 8, 32, 76, -73, -77, -101, 56, 85, -38, -22, 38, -5, 120, -8, -8, 73, -38, 50, -15, -103, -80, -69, -105, -16, -70, -22, -53, -54, -8, -21, -7, -53, 72, -27, -91, 1, -109, -93, -104, -101, -84, -100, -98, -98, -98, 92, -70, -66, 24, 47, -81, -85, 37, 39, 19, -109, -109, -80, -119, -80, 4, -109, 109, -116, -91, 126, -80, -66, 91, -98, 24, 48, 76, 69, -46, -62, -35, -12, 93, 89, 75, -32, 1, -30, -81, 9, 116, 82, 68, -88, -115, -115, 71, -124, 56, -48, -15, 78, 38, -82, 105, 98, 121, -6, -63, 105, 64, -17, -77, 7, -21, -21, -69, -78, -117, -23, -53, 24, 26, -6, -89, 75, -55, 9, 50, -39, 74, 51, 27, 11, -21, -121, -121, 23, -58, 38, -7, -37, 8, 50, 3, -43, 107, 88, -70, -118, -56, -93, 59, 30, 32, -128, -48, -99, 14, 116, -69, -108, 5, -48, -19, -52, 6, -2, -58, -52, -70, 76, -74, -100, -78, 98, -68, -84, -63, -23, 122, -30, 66, -107, -107, -107, 26, -116, 114, -6, -64, -14, 71, 63, 86, 67, 72, 82, 82, 82, -125, -45, -33, -60, -107, 61, 88, -114, -45, -106, -61, -55, 82, -54, 18, -28, 118, 57, 19, -107, 12, 13, 53, 55, 96, 22, 79, -53, 51, -45, -56, 72, 17, -125, 6, 124, -119, 88, 58, 31, -109, -83, -112, -126, -127, -84, -119, -101, -108, -98, 32, -48, 49, 74, -2, 110, -31, -123, -46, 25, 89, 121, -64, -32, 15, 54, -53, -48, 80, 113, 13, 118, 75, -46, -46, 12, 20, 78, 87, -45, -78, -75, -83, 84, -110, 22, -46, 40, 116, 13, 14, -49, 115, -109, 5, 58, -98, -61, 86, -56, 63, 24, -61, -19, -14, 0, 1, -124, -31, -10, 18, -120, -37, 5, -11, 44, -115, -103, -3, -104, 108, -59, 101, 93, 89, 93, 101, 13, 37, -127, -26, 113, 0, 35, 91, 83, -50, -51, -107, -35, 11, -108, 25, -104, -128, 105, 55, 35, -48, -51, 53, 92, 78, 23, -30, 118, 62, 91, -37, 24, 127, -87, 114, 14, -37, 12, 127, -19, 52, -10, 60, 75, -96, 19, -54, 93, 121, -7, 33, 73, 38, 24, 20, -20, -119, -95, 82, 98, -84, -84, 105, -6, 122, 10, -110, -74, -110, -122, -78, 32, -75, -46, -23, 105, 97, -20, -38, 73, -74, 76, 106, 121, 121, 38, 106, 64, -21, 100, 100, -107, -104, -64, -58, -37, 50, -91, -92, 1, 19, -96, -85, -101, -65, 96, 2, -109, -83, 22, 48, -36, -7, -47, -99, 10, 16, 64, 12, -14, -4, -88, 16, -30, 118, 70, -26, 80, 3, 65, 102, -96, 125, 18, 82, -82, 105, 38, -122, -107, -74, -110, 126, -55, -55, 9, 64, -25, -120, 11, -21, -69, -86, 104, 104, 50, 38, 38, 36, -118, 115, 0, -93, 50, 79, 95, -114, -109, 9, 17, -18, -23, -106, -30, -74, 76, -116, -106, -6, -6, -78, 78, 28, 16, 11, -63, -122, -14, 58, -38, 8, -39, 102, 40, -56, 5, 3, -7, 37, 105, -23, -118, -64, 44, 18, 35, 39, 19, 82, 105, -85, 37, -29, -54, -101, 38, -21, 100, -53, 36, 97, -30, 102, -57, -56, -60, -60, 41, 39, 28, 8, 12, -79, -116, 8, 70, -49, 44, 96, -114, 96, 99, 117, -107, 50, -120, 0, 39, -35, 52, 96, -14, 67, 117, -86, 60, 64, 0, 1, -61, -99, 31, 5, 64, -36, 46, -98, 28, -31, -25, 7, 116, -70, 86, -120, 99, 90, -112, 48, -48, -51, 9, -54, -54, -52, -54, -54, -102, -64, -56, -45, -42, -105, -78, 81, 4, -78, -107, -107, -91, 109, 43, -11, 76, -76, 97, 105, 6, 104, 101, -116, -116, 9, 40, -118, -124, 66, 101, 44, 13, -108, 108, -103, 44, -46, -45, 68, 32, -122, -78, 106, 3, -123, 53, 124, -124, -39, 75, -128, 28, 94, -73, 80, 70, -96, 7, 13, -12, -128, -10, 40, -23, 121, -77, -70, 90, -58, 0, 29, 39, 11, -54, 49, 76, -116, 114, -78, 122, -52, -96, -12, 110, 0, -116, -69, -80, 18, -111, 52, -109, 16, 96, 16, 113, 112, 90, 6, -79, -14, -93, 3, 121, -128, 0, 98, 64, 115, 58, 127, -119, 3, -56, -19, 28, -107, -96, 114, -78, -110, 83, 65, -42, 53, 45, -49, 38, 3, -88, 91, 87, 92, -100, 83, 87, 3, 88, -92, 72, 73, 9, -121, -58, -120, 107, 74, 75, 3, 11, -116, 74, 15, 59, -96, -37, -127, 121, 21, 26, -18, -106, -6, -38, 122, -64, -128, -9, 19, 84, -116, -32, -80, 85, -78, -47, 102, -51, -122, -69, -67, 18, -104, -36, 101, 89, 64, 110, 15, -45, 55, -42, -75, 101, -46, 53, -48, -13, 0, -71, 61, -120, -43, 89, 38, -58, -106, -125, 79, 88, 74, -104, -113, -119, 73, 87, 46, 29, -100, 87, 5, -123, -125, 89, -39, 74, 74, 28, -126, -109, 50, -128, 89, -36, 73, 38, 15, -20, 107, 52, -73, 3, 4, 16, 3, -70, 8, 36, -36, 57, 50, 50, -128, 101, -85, -122, -78, -96, -84, 125, -102, 54, -80, -36, 1, 37, 111, 38, 16, 89, -103, -108, 46, 108, -88, 9, 42, 62, 57, 42, -103, 108, 37, 61, 100, 77, 96, -31, 14, 74, -17, -62, 65, -50, -23, 62, -64, 16, 102, 86, 86, -78, -27, -80, -112, 117, 101, -125, 26, 26, -90, 111, -104, 1, 116, -69, -91, 24, -48, 5, -18, 14, 82, -118, -64, 44, 18, -93, 7, 14, 119, -125, 32, 7, 87, 57, -112, -37, 101, -127, 38, -128, -62, -35, -60, 82, 17, -24, 118, 99, -109, 48, 112, 56, 6, 3, 107, 13, 93, 31, -53, 60, 22, -111, 82, 12, -73, -13, 3, 4, 16, -90, -37, 89, -64, 121, 53, 57, 89, 65, -61, -106, 73, 75, 65, -50, -47, 21, 20, -33, 66, -119, 126, -64, 26, -114, -111, -111, 81, -51, 82, 86, 15, 88, -32, 74, 51, 38, 40, 36, 107, 1, -61, 29, -28, 118, 72, 122, 7, 22, 36, 49, -62, -82, 14, 121, -42, -30, 76, -74, 17, -55, -64, -44, 110, -93, -19, 0, 11, -84, -80, 112, 61, -96, 105, 17, 6, -38, 44, -64, 36, -20, 45, 39, 40, 100, 91, 105, 40, 35, 7, -76, 71, 75, -47, -60, 85, -37, 32, 2, -104, 102, 64, -31, -50, -63, -92, 43, 99, 34, 12, 116, -69, 70, -88, -119, 67, 73, 9, 127, 54, -69, 57, -89, -83, -83, -113, -100, 54, 75, 73, 54, -90, -45, -7, 1, 2, 8, -28, -10, 40, 100, 8, 113, -69, -97, 96, 104, -88, -126, 16, -80, 92, -15, 17, -42, -74, 3, -122, 89, -122, -78, -78, -94, -79, 65, -88, -79, -75, -80, -84, 48, 48, 23, -118, 43, 51, 11, 50, 43, -117, -125, -36, -18, 11, 9, 119, 95, 97, 112, -72, -89, -123, -91, -39, 1, 3, 94, 90, 19, 26, -20, 81, 16, 91, -40, -20, -127, -75, -128, -83, -106, -96, -98, 111, 80, -112, -74, -91, -94, 31, -48, -13, 122, 118, -62, -64, 116, 36, 45, -88, 39, 43, 35, -88, 96, 11, -84, 33, 124, -123, -63, -31, -82, 45, 27, 10, 74, 51, 114, -31, 14, 97, 108, 37, 44, -114, -127, 74, 74, -122, 118, 98, 108, -4, -40, 0, 64, 0, 49, -96, 57, 29, -24, 87, 95, -96, -103, -100, -58, -78, 118, 114, 62, 64, -57, 75, 27, -56, -54, -22, -127, -54, 23, 101, 65, -59, -48, 80, 99, 9, 47, 89, -39, 64, 38, -112, -37, -127, 64, -56, 86, -46, -58, 78, 91, 6, -24, -10, 64, -96, -51, -64, -12, -18, 36, -101, -58, 22, -26, 104, -61, 9, -86, -57, -107, 12, -76, 29, -78, -31, 1, -30, -96, 13, -52, 52, -74, -30, 10, 6, 114, 114, 6, -126, 126, -64, 52, -55, 103, -25, 104, 98, 35, 105, -101, -63, 44, 104, 16, -86, -96, 4, 74, 51, -66, -78, -64, -68, -54, 105, -87, -19, 107, 0, 44, -50, -103, 67, 101, -67, -45, -62, 68, 28, 28, -27, 12, 13, -27, 64, -15, 23, -123, 5, 2, 4, 16, -56, -19, 40, 32, -37, -63, 17, -40, 38, -16, 20, 14, 74, 51, -73, -76, 0, 57, -34, -33, 78, 24, 88, -64, -39, 106, 112, 50, -22, 122, 74, 51, 85, -90, -37, -123, 0, -53, 44, 113, 70, 93, 77, 96, -122, -88, -44, -13, 117, -108, -27, -76, 101, 74, -78, -45, -42, 1, -74, 9, 2, 125, -45, 74, 74, -20, -123, 65, 17, 86, -87, 96, 105, -49, 86, 10, 51, -76, -124, -51, 89, 22, -104, 107, 108, -123, -60, 25, -3, 56, -75, -128, 25, -121, 83, -50, -36, -34, -36, 18, 88, -112, 73, -21, -118, 107, 1, 37, -104, 36, 124, -75, -63, 101, -92, 108, -112, -93, 12, 40, -79, -22, 122, 106, -26, -79, -122, 57, 56, -101, 73, 86, 38, 57, 58, 100, 71, 97, 1, -4, 0, 1, -60, -128, -26, -12, -88, -20, 48, -17, 114, 38, -37, 88, -19, -76, 48, 7, -96, -29, -127, -127, -107, -111, 30, 39, 107, -88, 1, 105, -98, -39, 114, 104, -104, 104, 91, 50, 66, 56, -64, -94, -120, -61, -46, -36, 91, 27, -40, -22, 80, -45, 14, 114, 4, -26, -86, 36, 115, -121, -20, -20, 52, 89, 65, 93, 96, 16, -121, 106, -121, -107, 32, 76, -75, 114, 8, -30, 118, -126, 25, -62, 36, 20, -93, 40, -21, -51, 98, -17, 27, -110, 1, 49, 72, 26, 88, 55, -103, -125, 77, -16, -44, -74, 119, -10, 13, -124, 52, -63, 82, 28, -62, 28, 88, -128, 109, 28, -77, 32, 28, 110, 7, 8, 32, 76, -73, -77, -91, 105, 107, 106, 120, 121, 59, 88, -79, 57, -104, -53, 6, -58, 106, 104, -92, 120, -101, -37, -23, -15, 105, 105, 100, 8, 105, 42, -107, -37, 5, 121, -69, -56, 74, 104, 10, 9, 9, 41, -7, 72, 104, -58, 106, -37, -89, 121, 23, 106, 72, -101, 56, -37, -37, 75, 105, 104, -92, -37, -121, -107, 90, -39, -53, 10, 2, 51, -79, -113, -80, 51, 34, -40, -93, -94, 74, -39, 28, -126, -20, -12, -100, -76, -124, 52, -128, 109, 73, 33, 101, 101, 99, 59, 103, 22, 22, 111, -69, 16, 37, 33, 33, 13, 37, 31, 31, -23, 88, 41, -5, 52, 103, 19, 13, 13, 21, 111, 22, 7, 103, -39, 16, 45, -96, 112, 108, -98, 3, 91, 24, -117, -119, 70, -122, -118, 125, 24, 86, -73, 71, 1, 4, 16, 3, 16, -101, 34, 35, -96, 45, -10, -47, -26, -34, 44, 108, -39, 64, -106, -77, -93, -81, -81, -93, 61, 11, -117, -67, -93, -99, -91, -100, 94, -86, 12, -73, -74, 51, -117, 3, -117, -73, -81, -116, -98, 94, 106, -86, -116, -91, -99, -74, -67, 67, 24, -117, -77, 99, -128, 51, -120, 50, 55, 119, 118, 96, 43, 101, 115, 22, 118, 2, 102, 8, 80, 106, 71, 54, 23, 100, -84, -93, 93, -92, -75, 32, 48, -105, 112, 36, 38, -5, -104, -71, -39, 59, 56, 56, 107, 115, 3, 77, -107, -77, -28, -106, -115, 3, -103, 96, 111, -18, -30, -52, -62, -58, 6, 22, -106, -109, 117, -76, 15, 3, -79, -51, -51, -67, -127, -90, -94, -70, 17, -116, -94, -94, 0, 2, 8, -24, 118, 83, 83, 20, 84, -63, 22, 22, 6, -52, -29, 86, -91, -90, -91, 86, -64, 72, 99, 1, -78, -127, 102, -92, 57, 71, -101, -101, 71, 59, -77, -128, 56, 64, 119, 70, -101, 7, 69, 123, -37, 67, -28, -128, -86, -63, 20, 72, 87, 105, 105, -104, 55, 48, -67, 86, 26, -54, 2, 83, 59, -118, -63, -91, -64, 120, 76, -13, 118, 20, 6, -42, 75, -64, 68, -109, -63, -92, 17, 20, 6, 52, -56, -34, 27, 104, -114, -77, 125, -102, 3, -36, 4, -85, 108, 43, -96, -7, -34, 96, -85, -78, -83, -128, -122, -125, -60, -48, -35, 8, 66, 81, 81, 0, 1, -60, 0, -92, -47, 64, -87, -107, -107, 85, 118, 69, 41, -124, -55, 6, -124, 21, -90, 21, 32, 83, 64, 46, -76, 2, 122, -87, 34, -101, 13, -62, 1, -14, 42, 42, 74, 43, 32, -54, -63, 84, -87, 41, 48, -69, 0, -109, -88, -110, -91, -71, -125, 21, -122, -71, 21, 64, 67, -100, 125, -83, 25, 37, 65, -87, 89, -61, 59, -52, 10, 40, -64, 6, 50, 7, 104, -112, 21, -48, -124, 108, -112, 65, 64, -123, -39, 16, 97, -96, 85, 32, -117, -83, 64, 118, 98, 3, 81, 0, 1, -124, -59, -19, 88, 64, 117, -75, 41, 113, -96, -70, -126, -51, 62, 69, 67, 83, -40, -59, -98, -83, -70, -70, -76, 2, 12, -86, 81, -92, 89, 92, -124, -11, 12, -99, 66, -54, 125, -19, -61, 42, -80, -37, 67, -84, 101, 81, 0, 1, 4, 114, 123, 53, -59, 0, 24, -24, -96, 72, 0, -79, -40, 4, -52, -29, -30, 2, -128, 14, -85, -88, -122, -60, 21, 48, -36, -64, 65, 11, -108, -83, 0, -123, 60, 75, -76, -117, -114, 78, -100, -71, -67, 3, -101, 17, 69, 118, -102, 70, 1, 4, 16, 3, 21, 92, 14, 116, 112, 24, 11, 11, 75, 60, 27, -48, 121, 86, -15, 105, -47, -114, 1, 64, -121, 85, 84, 87, -120, 10, -40, -37, 11, -80, -28, -124, -27, -40, 59, -85, 10, 0, 61, 81, 109, 37, 26, -106, -109, -61, -110, 3, 84, -53, -30, 0, 86, 77, -111, -37, 77, 1, 2, -120, 42, 110, -73, -118, -73, -113, 46, 118, -119, 102, 97, -85, 0, -90, -119, -24, 56, 95, 23, -43, -80, -126, -22, 106, 54, 22, 115, 41, 51, 47, 115, 123, 123, 23, -69, 72, 110, -69, -24, 28, 54, 43, 81, 22, -17, -128, 104, -96, -65, 64, 105, -72, -94, -38, -120, 66, 91, 77, 1, 2, 8, -24, 118, 35, 74, 65, 29, 91, -114, 91, -84, -72, 26, -73, -117, 0, -101, 40, 75, 64, -92, -102, 103, -84, 73, 14, -101, 81, 69, 78, 0, 55, -80, -51, -20, 22, -32, 107, 38, 46, 46, -50, 24, 25, -99, 35, -22, 16, -83, -30, -23, -23, 107, 47, 106, 68, 21, 96, 10, 16, 64, 12, -108, 59, -35, -88, 78, -108, -59, 4, 88, 101, 74, 68, -70, 8, 8, -72, 68, 50, 2, -101, -58, 38, 44, 5, 21, -94, -10, -78, 33, 76, -74, -98, -66, 113, -36, 90, -96, -70, -44, -119, -37, 59, -57, 94, 7, -40, 10, 48, -53, 15, -53, -84, -90, -118, -37, 1, 2, -120, 26, 110, 55, 42, 96, 49, -9, 7, 117, 68, 34, -29, -30, 34, -127, -115, 80, 73, -67, -24, -100, -126, -118, 120, -105, 84, 77, 96, -125, -57, 78, -57, 90, 28, -44, -3, -44, 8, -43, -55, 15, -120, 84, -78, -83, 12, 41, -50, -87, -96, 74, -72, 87, 3, 4, 16, -48, -19, 117, 20, -125, -52, -8, 104, 110, 96, 112, 75, 43, 26, 88, 43, 106, 2, -37, 85, -36, -7, -15, 86, 5, -10, 118, 30, -64, -66, 19, -48, 59, -64, 6, -67, -92, 38, -109, 45, -89, -75, 14, -56, 27, -107, 33, -66, 2, 69, 117, -44, 0, -43, 0, 1, -60, 80, 77, 5, 83, -116, 68, 5, -30, 12, -128, 41, 67, -105, -103, 25, -44, 12, -77, 46, 22, 96, -53, -116, 7, 5, 50, 71, -88, 108, 126, 49, -48, -63, 25, 9, -64, -66, -83, 79, 106, -92, 49, -48, -19, -122, 58, 44, 84, 114, 59, 64, 0, 49, 24, -43, -15, 80, 14, -117, 68, 85, -19, 60, -124, 108, -103, 18, 20, 56, -128, 45, 126, 29, 123, -47, -94, 2, 1, 29, 99, 96, -105, 46, -43, 69, -64, 5, -24, 118, 73, -26, 4, 14, 91, 77, 69, 3, 69, -80, -37, -127, -31, 78, 5, 59, -21, -116, 0, 2, 8, -28, 118, -54, 65, 93, 65, 124, 126, -92, 15, -121, -83, 36, -80, 59, 98, 8, 76, 49, -103, 60, 64, -66, -72, -83, -83, -121, -84, 106, 78, 0, 40, -95, 36, 3, 59, -80, 76, 124, -126, -52, -100, 16, -73, -13, 80, 3, 24, 1, 4, 16, -125, 17, 85, -52, -31, 41, -56, 41, -74, -42, 5, 53, -16, 19, 83, 3, 114, 50, 121, 10, 4, -118, 13, 50, 108, -75, -84, -117, 115, -30, -13, 65, 110, 79, 16, 84, 0, 118, 28, -103, -107, -87, -22, 118, -128, 0, 98, -88, -93, -114, -37, -117, 68, 5, -72, 5, 65, 125, 67, 69, 29, -127, -126, 122, 30, -47, 124, 110, 96, 63, -54, -126, 91, 85, 84, 20, 28, -18, 62, -118, -95, -116, -96, -82, -94, 46, 21, -35, 94, 7, 16, 64, -44, 114, 59, 79, 81, 124, -79, 65, 4, 19, 83, -94, 117, 64, 124, 61, 79, -90, 64, -79, -98, -122, -83, -90, 65, 92, 78, 38, -60, -19, 22, -42, -87, -58, -64, -34, 81, 50, -48, -19, 22, 84, 115, 59, 64, 0, 1, -35, 94, 79, 29, 32, -102, -97, 26, -61, -60, 36, 17, -87, 42, 10, 98, 115, -13, -39, -38, 58, 69, -26, -117, -42, 67, -36, 110, 24, -87, -61, -19, 81, 9, -20, -12, 2, 107, 1, -96, -37, -87, 97, 31, 79, 29, 64, 0, 49, -16, 80, -53, -19, 5, -86, -111, -96, 65, 10, 110, -43, -126, -6, -52, 28, 23, 107, 77, 91, 13, -29, 56, -127, 76, -96, 55, -64, 110, -105, 13, 40, 78, -27, -76, -75, -107, -92, -94, -37, 121, 0, 2, -120, -127, 90, 78, -81, -49, 84, 5, -42, 79, 76, -116, 58, -86, 64, -9, -86, 114, 3, -5, 125, -116, -87, -7, -15, -32, -24, 16, -73, -27, 8, -47, 81, 85, -43, 9, -43, 0, 117, -84, 61, -30, 114, -88, -28, 118, -128, 0, -94, 98, -72, 11, -24, 0, 59, -6, 106, -59, 2, -103, 69, -64, 96, -41, -78, 21, 50, 6, -27, 90, -112, 63, 98, 109, 57, -110, 92, 4, -30, -13, -71, 125, -104, -128, 5, 81, 72, 0, 117, -36, 94, -49, 3, 16, 64, 84, 12, -9, 28, 23, 21, 38, 14, -81, -4, -100, -52, 2, 85, 59, 27, 14, 91, -15, -44, -128, -8, 34, -112, -105, -118, 99, -103, 42, -45, -13, -29, 11, 114, 92, 82, -59, 57, 56, 36, 45, 85, -29, -87, 20, -18, 0, 1, 68, -67, 112, 47, -118, 23, 112, 41, 44, 4, -122, 111, 38, 48, -89, -58, -38, 102, 0, -125, 93, 20, -28, -91, 120, -43, -72, 66, -73, 0, 1, -47, 76, 81, -127, 0, -18, -14, 114, 97, 23, -80, 48, 53, 28, 15, 16, 64, -44, 11, -9, -94, -126, 120, 1, 85, 1, -127, -8, -126, -52, -8, 124, 75, 14, 91, -49, -56, -128, -8, 76, -112, -80, 104, 14, 80, 56, 39, -66, 0, -56, 18, 80, -51, 15, 80, 5, -86, -96, -114, -45, 121, 0, 2, -120, 122, -31, 14, 116, -68, 40, 16, 20, 20, 21, -59, -85, 102, -39, 86, -54, 20, 11, 64, -36, -104, 9, 20, -114, 23, -51, 4, -90, -109, -52, 76, -47, -8, -100, 120, -96, 10, 42, -123, 59, 64, 0, 81, 47, -36, -63, -50, 47, 42, 2, -123, -76, -128, -117, -108, 93, 0, 34, 89, 23, 21, 33, 73, 23, 81, -53, 46, 30, 30, -128, 0, -94, 98, -72, 35, 37, -98, -100, 28, 112, 42, -95, 45, -32, 1, 8, 32, 6, 30, -22, 27, 10, 73, 60, -103, 69, 52, 118, 58, 15, 64, 0, -47, 32, -36, 65, 9, 27, 8, -22, 105, 13, 120, 0, 2, -120, 22, -31, 78, 31, -64, -61, 3, 16, 64, 52, 9, 119, 58, 57, 30, 32, -128, -122, 114, -72, 3, 4, -48, 80, 14, 119, -128, 0, 26, -70, -31, 94, -49, 3, 16, 64, -64, -66, 71, -35, -48, 4, 60, 117, 0, 1, -60, -64, -96, 62, 68, 65, 45, 3, 64, -128, 1, 0, 31, 24, 9, -25, -96, 110, 127, -37, 0, 0, 0, 0, 73, 69, 78, 68, -82, 66, 96, -126]
      //  14. (00048): astore_1
      //  15. (00049): aload_0
      //  16. (00050): ldc 'reallyQuit.png'
      //  17. (00053): aload_1
      //  18. (00054): invokevirtual -1 3
      //  19. (00058): pop
      //  20. (00059): aload_0
      //  21. (00060): ldc 'img/reallyQuit.png'
      //  22. (00063): aload_1
      //  23. (00064): invokevirtual -1 3
      //  24. (00068): pop
      //  25. (00069): arrayinit 'byte' [-119, 80, 78, 71, 13, 10, 26, 10, 0, 0, 0, 13, 73, 72, 68, 82, 0, 0, 0, 25, 0, 0, 1, 44, 8, 3, 0, 0, 0, 1, -9, -24, -5, 0, 0, 2, -27, 80, 76, 84, 69, 16, 20, 0, 8, 12, 8, 8, 12, 8, 0, 4, 0, 0, 4, 0, 0, 4, 0, 0, 4, 0, 0, 4, 0, 0, 4, 0, 0, 4, 0, 0, 4, 0, -1, -49, 49, -9, -21, 57, -9, -37, 49, -17, -53, 41, -17, -53, 41, -34, -61, 41, -42, -82, 41, -50, -70, -75, -50, -70, 41, -75, 125, 115, -83, -102, 33, -83, -118, 33, -83, 125, 107, -91, -126, 49, -91, -126, 16, -91, 125, 24, -91, 121, 8, -91, 77, 24, -100, -102, 123, -100, 77, 0, -100, 73, 0, -108, -122, 33, -108, -126, 33, -108, 125, 24, -108, 101, 0, -108, 60, 8, -116, -126, 123, -116, -126, 24, -116, 125, 33, -116, 113, 16, -116, 105, 16, -116, 105, 16, -116, 101, 16, -116, 101, 16, -116, 101, 0, -116, 89, 66, -116, 56, 8, -124, -126, 107, -124, 125, 115, -124, 121, 24, -124, 117, 24, -124, 117, 0, -124, 113, 24, -124, 105, 41, -124, 101, 8, -124, 97, 0, -124, 81, 66, -124, 36, 0, 123, 117, 107, 123, 113, 24, 123, 109, 16, 123, 105, 16, 123, 105, 0, 123, 101, 8, 123, 93, 16, 123, 52, 16, 115, 109, 24, 115, 105, 24, 115, 101, 16, 115, 97, 16, 115, 89, 24, 115, 56, 0, 107, 93, 8, 107, 89, 16, 107, 69, 24, 99, 89, 8, 99, 85, 8, 99, 69, 8, 99, 69, 0, 99, 60, 0, 90, 81, 8, 90, 73, 16, 90, 73, 8, 90, 65, 0, 90, 60, 0, 82, 77, 66, 82, 73, 8, 82, 73, 8, 82, 69, 16, 82, 69, 16, 82, 69, 16, 82, 69, 8, 82, 69, 8, 82, 69, 8, 82, 69, 8, 82, 65, 8, 82, 56, 8, 82, 56, 0, 82, 48, 8, 82, 24, 0, 74, 65, 8, 74, 60, 16, 74, 60, 16, 74, 52, 0, 74, 48, 16, 74, 48, 0, 66, 60, 8, 66, 60, 8, 66, 56, 8, 66, 48, 0, 66, 48, 0, 66, 48, 0, 66, 44, 16, 66, 44, 0, 66, 44, 0, 57, 48, 8, 57, 48, 8, 57, 40, 0, 57, 36, 0, 57, 24, 8, 49, 44, 8, 49, 44, 8, 49, 44, 8, 49, 44, 8, 49, 40, 8, 49, 36, 0, 49, 20, 8, 41, 32, 0, 41, 32, 0, 33, 28, 0, 33, 28, 0, 33, 28, 0, 33, 28, 0, 33, 24, 0, 33, 24, 0, 33, 24, 0, 33, 24, 0, 24, 24, 0, 24, 20, 0, 24, 20, 0, 24, 20, 0, 24, 20, 0, 24, 20, 0, 24, 16, 0, 24, 16, 0, 16, 16, 0, 16, 16, 0, 16, 16, 0, 16, 16, 0, 16, 16, 0, 16, 16, 0, 16, 12, 0, 16, 12, 0, 16, 12, 0, 16, 12, 0, 8, 8, 0, 8, 8, 0, 8, 8, 0, 8, 8, 0, 8, 8, 0, 8, 8, 0, 8, 8, 0, 8, 4, 0, 8, 4, 0, -100, -86, -75, -100, -86, -83, 123, 125, 115, 90, 89, 82, 82, 77, 74, 49, 48, 49, 8, 8, 8, 0, 0, 0, 0, 0, 0, 0, 0, 0, 0, 0, 0, 0, 0, 0, 0, 0, 0, 0, 0, 0, 0, 0, 0, 0, 0, 0, 0, 0, 0, 0, 0, 0, 0, 0, 0, -116, -114, 24, 0, 4, 0, -9, -49, 49, -42, -74, -100, -42, -78, -100, -42, -98, -108, -50, -86, -100, -58, -82, -83, -58, -118, 24, -75, 121, 90, -83, 109, 74, -91, 117, 57, -91, 56, 33, -100, -122, 16, -108, 60, 8, -116, -122, 16, -116, 125, 16, -116, 121, 16, -116, 85, 8, -116, 56, 8, -116, 52, 0, -116, 44, 24, -116, 40, 0, -116, 24, 0, -124, 121, 16, -124, 97, 16, -124, 85, 0, -124, 81, 66, -124, 60, 8, -124, 24, 0, 123, 113, 16, 123, 97, 0, 123, 93, 8, 123, 89, 0, 123, 85, 0, 123, 56, 0, 123, 20, 0, 115, 101, 16, 115, 56, 8, 107, 69, 0, 107, 65, 8, 99, 77, 16, 99, 73, 8, 99, 69, 8, 99, 56, 8, 90, 65, 8, 90, 52, 8, 82, 69, 8, 82, 40, 0, 74, 65, 8, 74, 52, 8, 74, 48, 0, 66, 56, 8, 66, 40, 0, 57, 44, 8, 49, 44, 8, 41, 36, 0, 33, 28, 0, 33, 24, 0, 24, 20, 0, 16, 12, 0, 8, 8, 0, -42, -61, -58, -46, 104, -39, -2, 0, 0, 0, -72, 116, 82, 78, 83, -52, 119, 68, -18, -52, -69, -103, -120, 85, 68, 17, -86, -69, -86, 119, 34, 17, -52, 85, 51, -18, 68, -103, -18, -103, -86, -52, 68, -18, -86, 119, 119, 68, 102, -69, 68, -18, 51, 68, -52, -35, -52, -103, -52, -86, 68, -35, -18, -52, 51, -35, -18, -35, -86, -52, -35, 17, -18, 102, 34, -35, -18, -18, -18, 119, -103, 85, 68, 119, -18, -18, 102, 17, 119, -69, -103, -103, -120, -52, 102, 17, -86, 51, -18, 68, 17, 102, -35, 85, -69, 119, 102, -86, -103, -120, 102, -69, 17, 51, 34, -103, -86, -35, -52, 51, -52, 119, -52, 17, -120, -18, -103, 119, -69, -18, -103, -69, 119, 119, 34, -103, -18, 119, 85, 34, -18, -103, -120, -18, -35, -52, -103, -120, 102, -18, -69, -103, 51, 119, -35, -86, 68, 51, 34, 102, 85, -18, -69, -86, -120, 119, 17, -69, -86, -120, 102, -18, -35, -52, -69, -120, 119, 102, -86, 17, -18, -18, -69, -120, 102, 17, 102, -18, -35, -52, -86, -120, 119, 85, 68, 51, 34, 17, 0, 20, 122, -99, 27, 0, 0, 6, -78, 73, 68, 65, 84, 88, -61, -19, -40, 103, 120, 20, 69, 28, 6, -16, -77, -20, 18, 4, 69, 20, 81, 4, -60, -126, 10, -118, -118, -67, -117, 34, 96, 23, 4, -59, 6, 98, 5, 69, 1, -111, -40, 11, -126, 24, 21, 1, 65, -115, -96, -122, -74, -126, 6, -36, 58, -19, -78, 32, 16, 82, 8, 33, -95, -123, 16, -60, 16, 122, 8, -124, -28, 114, -127, 75, 62, 59, -69, 119, -36, -50, -18, -20, -6, -127, 39, 10, 2, -9, 49, -17, 51, -71, 60, -69, -65, -68, 51, -1, 9, -123, -125, 62, -95, 35, -112, -76, 106, -47, 42, 32, 105, -69, -24, 12, -1, -92, 103, -25, 53, 29, 122, -6, 37, -73, 55, 110, 88, -69, 100, -2, 66, -62, 37, 100, -54, -46, -27, 107, 115, 22, -9, -25, -109, 87, -33, -36, -69, -83, -72, -92, -28, -18, -85, -68, 9, -71, 103, -25, -66, -19, -59, -85, 10, -14, -49, 39, -98, 4, -113, -114, 84, -17, 46, 93, 85, 88, 112, -71, 39, 33, 104, 82, -76, 46, 82, 91, 89, 81, -15, -80, 55, -127, -58, -20, -125, -79, -122, -6, -86, -63, -109, 9, -15, -84, -47, 85, -109, 126, 102, 0, -124, 61, 9, 16, 76, 89, 54, 77, 21, 32, -17, 26, -96, -55, -78, -84, 42, -118, -124, -71, -17, -47, 5, 69, 81, 117, 81, 68, -36, -33, 38, -119, 2, -3, 0, -56, -83, -63, 80, -110, 36, 0, -109, -33, -17, 36, 4, 1, 96, 7, -36, 115, 35, 24, 35, -124, -80, -77, -60, 73, 8, -51, -104, 21, -20, -5, 33, -42, -25, 8, 123, 107, 74, -119, 11, -125, 36, -110, 75, -29, 18, 125, -110, -55, 75, -105, 111, -12, -109, 72, 30, 31, 17, 36, -79, 27, -107, -72, -90, 36, -53, 71, -30, -80, -61, -111, 56, -117, 74, -116, 14, 24, -31, -107, -120, -127, -90, 80, -120, 51, -25, 64, -81, 55, 100, 113, 51, 77, -59, -128, 30, 85, 4, -88, -78, -87, -88, -78, 42, 33, -20, 77, 52, 69, 81, 68, 77, 3, 92, 2, 69, 65, 85, 53, 9, 112, -34, 8, 6, 22, 68, 54, 72, 38, 28, -60, 67, -119, 13, -47, -41, 91, -62, -95, -97, 55, -81, -61, -93, 79, -30, -103, 77, -42, -119, -41, 6, 118, -30, 87, 65, -99, -8, 98, 66, -30, 37, 124, 39, -18, 10, -22, -60, 32, -119, 97, -100, 30, -115, 68, 106, 119, -107, -35, -11, 8, -41, 59, -96, -39, 47, -33, -58, 98, -47, -111, -49, 125, 67, -72, -34, 17, 45, -117, 25, -23, -98, 78, -76, -54, 74, -89, -28, 100, -38, -118, 92, -126, 36, 85, -106, 21, 65, -47, -68, -119, -43, 112, -76, 22, 5, -55, 48, -120, -25, 25, 96, 4, 37, 77, -96, 76, 49, -15, 118, 21, -115, 0, -45, -118, 108, -117, 81, 114, 16, -7, 36, 113, 115, -114, 70, -10, -51, 17, -62, -86, -13, 56, 32, 71, -85, -60, -90, 74, -80, -95, -118, 104, -30, -5, 59, -70, -11, -13, 36, 116, -5, -109, -107, -39, -97, 70, 106, -122, 62, -44, -15, 44, 54, -95, -37, -97, -94, -56, 13, -47, -22, -54, -3, -71, -115, 87, -33, 118, 63, -109, 64, 90, 32, -90, 121, 96, 79, 121, 121, -23, -22, 45, -39, -89, -73, 114, 18, 100, -120, -76, -88, -94, 91, 87, 20, 21, -27, -27, 101, -73, 60, -37, 73, -80, 68, 119, -45, -6, -86, -11, -123, -101, 115, 27, -37, 116, 122, -105, -80, -119, 42, 104, -29, 43, -42, 101, -11, -72, -87, -5, 64, -124, 93, -119, -82, -21, -51, 94, 47, -53, -65, 57, -35, -87, -85, 80, 98, -53, 4, 64, 50, 116, -35, 96, 54, -50, 80, -126, 13, -126, 20, -114, -85, -81, 66, 73, 54, 86, 8, -103, 34, 11, -79, 108, 88, 58, -18, -82, 114, -11, -43, -79, 41, -28, 48, 18, 66, 31, 38, -15, 77, -112, 46, -88, 70, 120, -34, -121, -9, -75, -9, 36, -106, 42, 83, 77, -79, 36, 62, -63, 39, -86, 50, -45, 71, 34, -106, 68, 81, 53, 109, -119, 57, -53, 92, 18, 41, 3, -53, -101, -97, 68, -86, 74, -90, 107, -4, 36, 2, 81, 19, -46, 42, -1, 44, -36, -108, -37, 120, -82, 91, 34, -92, 13, 53, -87, 79, -103, 37, 49, 19, -78, -34, 104, 4, -127, -108, -54, 75, -76, 85, 65, -32, 39, 49, 17, -7, 72, 76, 90, 100, 119, 78, -9, -7, -115, -35, 57, 67, 1, 29, 118, 66, 98, 19, 36, 19, 63, -26, 59, -47, -110, -123, -15, 23, -68, 68, 75, -74, -88, 53, 27, -57, 119, 34, -3, 95, -96, -121, -76, -116, 122, -65, 78, -44, 21, 122, 122, -13, -109, 40, -47, 17, -62, 52, 107, -8, 78, -92, 120, 85, -59, -116, -19, 92, -55, 119, -94, 33, 8, -14, 41, -29, -98, -68, -109, -17, 68, 67, 83, 21, 113, 78, 122, -22, -45, 99, 60, 18, 9, 5, 111, -48, -109, -99, 37, -44, 45, -111, 0, 67, -78, -53, -46, -6, -71, 75, 34, -79, 54, -40, -92, 80, 86, -94, -45, -107, -100, 68, -66, 42, 89, -41, -57, -100, 29, 66, 68, -70, 63, 33, 62, 57, -51, -112, 16, 29, -10, 116, -52, -81, -127, -118, 32, -46, -125, -71, -60, -97, 6, -111, 70, 71, 77, 69, -42, -71, 4, -93, -17, -23, 81, 76, 22, 33, -73, 51, 77, 25, 92, 85, -33, 16, 59, -8, 19, -26, -50, 124, -113, 85, 84, 84, -42, 70, -22, -94, -97, 113, 115, -55, 117, 5, -123, -91, -91, -69, -85, 35, 67, -71, 57, -72, 107, 126, -42, -86, -30, -19, -5, 118, 94, -23, -99, -125, -47, 59, -81, -4, 85, 82, -68, 109, -17, -88, -66, -34, 4, -93, 31, -2, -56, -39, -72, 124, -23, 84, -60, 39, -46, -81, 75, -42, 110, 104, 92, -32, -109, -128, -9, 58, -84, -71, 102, -20, -55, -36, 95, 109, -11, -17, -59, -117, -70, 113, 19, 75, -4, 44, -8, 121, -37, 33, -112, 79, -20, 8, -6, -52, -50, -119, -114, -11, -101, -112, -29, 29, 27, -44, -93, 71, -13, -124, 28, -100, 16, 66, -73, 32, 29, -16, 9, -42, 37, -88, -87, -126, -31, 115, 86, 22, 21, 81, -112, 101, 17, 115, 9, 18, -24, -80, 73, 41, 114, 107, -16, -49, -77, 40, 69, -43, 64, -34, 100, -6, -16, 1, 81, 42, -15, 71, -2, 76, -2, 84, -17, -72, -60, 47, -71, 73, -94, 87, -63, -54, -72, 68, 46, -71, 34, 64, 98, 24, 15, 31, 100, 75, 28, -61, 75, 4, 19, 22, -5, 75, 36, -24, 119, 91, -30, 64, -28, 51, -53, -116, -75, 37, 34, 31, 111, -106, -60, 20, 127, -119, 31, -76, 126, 38, 72, 34, 8, -110, -120, 17, 10, -112, -24, -66, -84, -7, 63, 75, 36, 4, -46, 66, -108, -80, 79, -30, 45, 68, 102, -115, -91, 80, -111, 53, -52, 37, 24, -88, -90, 76, 39, 74, -119, 79, 80, 122, 6, 117, 40, 64, 62, 73, 25, 92, 83, 31, -117, -123, -26, -90, 76, -25, 126, -37, -96, -34, 101, -69, 106, 35, -111, -70, 9, 92, 114, 71, -94, 19, -121, 17, 111, -46, 37, 33, -79, 43, 119, -117, 51, -22, 121, 91, -30, -120, -66, -4, 61, 95, -70, 45, 113, -102, -9, 100, 71, -71, -99, 52, 63, -34, -119, 92, -126, -32, -40, -50, 65, -99, 8, 110, 12, -20, -60, -87, -83, -97, 13, -112, -120, 96, -80, -60, -29, -91, 19, -1, -93, -28, -106, 118, -7, -41, -9, 122, -61, -38, -89, -35, -55, -126, -114, -25, -35, -112, -75, -82, -9, -37, -51, 13, 17, -78, -55, 11, 23, -76, 105, -52, -35, 84, 88, 82, -107, 118, -86, -84, 67, -28, 36, -25, -76, -52, -50, -53, 43, 42, 90, -79, 53, 106, -35, -11, -59, -53, 60, -98, 92, -42, 34, 123, -53, -22, -46, -14, -14, 61, 7, 104, -5, 10, 113, -9, -119, -71, -66, -7, -53, -73, 46, -53, -39, 95, 89, 29, 109, -112, 21, 69, -80, 47, 101, -110, 122, 51, 127, 123, 109, 100, 77, 36, 109, -90, 108, 42, -15, -45, -125, 115, -101, 39, -51, 121, 116, 71, -35, 12, -99, -98, 24, -29, 55, 47, 33, -89, -62, -24, 12, 100, 24, -50, -123, 116, -120, -71, 115, -119, 15, 51, -121, -50, -112, 33, -74, -35, -84, 77, 56, -71, -35, -122, 60, -9, 49, 78, -57, -123, -72, 11, 25, -65, -69, -102, 19, -86, 14, 91, -30, 3, 62, 73, 92, 98, -97, 33, -34, -60, -106, -72, -71, 112, 125, -27, 120, 3, -92, -80, 122, 29, -119, 84, -107, -58, -22, -67, -80, -75, 35, 81, 54, 32, 102, 36, 78, 75, 74, 52, 85, -99, -43, 75, -71, 101, 118, -73, 36, -42, 103, -40, 70, -39, -39, 25, 38, 36, -118, -118, 41, -69, -11, 90, 83, -11, 39, -87, -109, 116, 67, 83, 84, 13, 16, -49, 84, 109, 33, -107, 12, -35, 0, -120, 120, -90, 106, 24, 31, 104, 16, -85, 55, -87, 20, 65, -81, 94, 103, -30, 78, 78, 64, -82, 103, -19, 66, 122, 28, -88, -62, 56, 32, -63, 18, -32, -110, -10, 23, -35, -37, -1, 35, 40, -24, 0, 122, -110, 126, -19, -14, -69, 60, -104, 58, 75, 113, 57, 8, -121, -25, 81, -119, 61, -78, 10, 118, -60, 76, 85, 99, 91, 44, -4, 82, 39, -69, 19, -41, -41, -104, -106, 16, -89, -85, 8, -45, -119, -78, -84, -24, -50, -37, 38, 73, -119, 84, -107, -84, 65, -25, 109, 19, 60, 57, 33, 49, 77, 80, 5, -119, 113, 96, 121, -53, -52, 28, -3, 86, 77, -28, 107, -99, 14, -66, -116, -125, 56, -86, -71, 84, -30, 119, 52, 64, 108, -117, -39, 3, -122, 100, 123, 3, -56, 37, -124, 36, -17, 26, -3, -18, 119, 112, -64, -3, 78, -8, 31, -18, 119, -62, -1, -22, -3, -50, -33, -108, -2, 78, -89, -108, -92, 67, 12, 0, 0, 0, 0, 73, 69, 78, 68, -82, 66, 96, -126]
      //  26. (00075): astore_1
      //  27. (00076): aload_0
      //  28. (00077): ldc 'rooster.png'
      //  29. (00080): aload_1
      //  30. (00081): invokevirtual -1 3
      //  31. (00085): pop
      //  32. (00086): aload_0
      //  33. (00087): ldc 'img/rooster.png'
      //  34. (00090): aload_1
      //  35. (00091): invokevirtual -1 3
      //  36. (00095): pop
      //  37. (00096): arrayinit 'byte' [-119, 80, 78, 71, 13, 10, 26, 10, 0, 0, 0, 13, 73, 72, 68, 82, 0, 0, 0, 25, 0, 0, 1, 44, 8, 3, 0, 0, 0, 1, -9, -24, -5, 0, 0, 2, -12, 80, 76, 84, 69, 24, 28, 16, 16, 24, 24, 16, 20, 16, 8, 12, 8, 0, 4, 0, -91, -102, -108, -91, -102, -108, -100, -106, -116, -100, -106, -116, -100, -110, -116, -100, -118, 123, -108, -118, 123, -108, -118, 123, -108, -122, 123, -108, -122, 115, -108, -122, 115, -108, -126, 115, -108, -126, 115, -108, -126, 107, -108, 125, 90, -108, 121, 99, -116, -122, 123, -116, 125, 115, -116, 125, 115, -116, 121, 99, -116, 121, 90, -116, 117, 90, -116, 117, 82, -116, 113, 74, -124, 121, 115, -124, 117, 99, -124, 117, 90, -124, 113, 99, -124, 113, 90, -124, 113, 82, -124, 113, 82, -124, 113, 82, -124, 109, 82, 123, 117, 107, 123, 117, 107, 123, 113, 99, 123, 109, 99, 123, 105, 90, 123, 105, 82, 123, 105, 82, 123, 105, 74, 123, 105, 74, 123, 101, 66, 123, 93, 49, 115, 101, 82, 115, 97, 74, 115, 97, 74, 115, 93, 66, 115, 93, 57, 107, 101, 90, 107, 97, 90, 107, 97, 82, 107, 97, 74, 107, 93, 74, 107, 93, 74, 99, 93, 74, 99, 93, 74, 99, 85, 74, 99, 85, 74, 99, 85, 66, 99, 81, 49, 90, 85, 74, 90, 85, 74, 90, 85, 74, 90, 81, 74, 90, 77, 57, 90, 73, 57, 82, 81, 66, 82, 73, 66, 82, 73, 49, 74, 73, 57, 74, 69, 66, 74, 69, 57, 74, 69, 57, 74, 69, 57, 74, 69, 57, 74, 65, 49, 74, 65, 49, 74, 60, 41, 66, 60, 49, 66, 60, 49, 66, 56, 33, 66, 52, 33, 66, 48, 33, 57, 52, 49, 57, 52, 49, 57, 48, 41, 57, 48, 33, 57, 44, 24, 57, 44, 24, 49, 48, 41, 49, 48, 41, 49, 48, 41, 49, 44, 33, 49, 44, 24, 49, 40, 33, 49, 36, 24, 49, 36, 16, 41, 40, 33, 41, 40, 33, 41, 40, 33, 41, 36, 33, 41, 36, 24, 41, 36, 24, 41, 32, 8, 41, 28, 16, 41, 28, 8, 33, 32, 24, 33, 32, 24, 33, 28, 16, 33, 28, 16, 33, 28, 16, 33, 24, 16, 33, 24, 16, 33, 24, 16, 24, 24, 16, 24, 24, 16, 24, 24, 8, 16, 16, 8, 16, 12, 0, 8, 8, 0, 8, 8, 0, 8, 4, 0, 33, 32, 41, -1, -1, -1, -1, -1, -1, -1, -1, -1, -1, -5, -1, -17, -21, -17, -25, -29, -25, -34, -37, -34, -50, -49, -58, -67, -74, -75, -75, -78, -75, -75, -78, -75, -83, -82, -83, -83, -86, -83, -83, -94, -91, -83, -94, -100, -91, -98, -100, -91, -102, -100, -108, -114, -116, -116, -118, -116, -116, -118, -116, 107, 109, 107, 107, 105, 107, 107, 105, 107, 99, 97, 90, 90, 93, 90, 90, 89, 90, 90, 89, 82, 90, 89, 82, 90, 85, 82, 82, 81, 74, 82, 77, 74, 66, 69, 66, 57, 56, 57, 49, 52, 49, 49, 48, 49, 41, 44, 41, 41, 40, 41, 33, 32, 33, 24, 24, 24, 24, 24, 24, 16, 16, 16, 16, 16, 16, 16, 16, 16, 16, 16, 16, 0, 0, 0, 0, 0, 0, 8, 12, 0, 0, 4, 0, -58, -86, 41, -91, -106, -124, -100, -118, 24, -100, 121, 107, -100, 93, 74, -108, -118, 16, -108, -126, 24, -108, 125, 66, -108, 32, 8, -116, 125, 107, -116, 121, 90, -116, 121, 57, -116, 121, 24, -116, 113, 41, -116, 109, 74, -116, 109, 24, -116, 105, 66, -116, 97, 16, -124, 113, 16, -124, 109, 57, -124, 60, 24, 123, 113, 90, 123, 105, 74, 123, 101, 74, 123, 101, 66, 123, 101, 57, 123, 101, 16, 123, 97, 66, 123, 97, 49, 123, 69, 16, 115, 97, 49, 115, 97, 33, 115, 97, 16, 115, 89, 49, 115, 69, 24, 107, 97, 16, 107, 93, 33, 107, 85, 57, 107, 77, 24, 107, 73, 24, 107, 52, 0, 99, 85, 57, 99, 85, 41, 99, 81, 49, 99, 81, 41, 90, 69, 49, 90, 69, 16, 90, 69, 8, 90, 65, 41, 82, 73, 49, 82, 69, 57, 82, 65, 33, 82, 60, 33, 82, 60, 24, 82, 56, 8, 82, 52, 8, 74, 60, 24, 74, 56, 41, 66, 56, 33, 66, 56, 8, 66, 52, 8, 66, 44, 8, 57, 48, 33, 57, 48, 8, 57, 44, 24, 49, 40, 24, 49, 40, 16, 49, 36, 24, 41, 32, 8, 33, 32, 0, 33, 24, 16, 24, 24, 16, 24, 16, 8, 16, 16, 8, 16, 12, 0, 7, 90, 1, -73, 0, 0, 0, -81, 116, 82, 78, 83, -86, 17, 17, 102, 34, 102, 34, 102, 85, 119, 17, -120, 119, 85, -103, 34, -103, 51, 85, -52, -35, 34, -69, -120, -52, -35, 51, -18, -35, 34, 17, -35, -86, -18, -18, -35, 68, -52, -86, 85, 68, 119, 68, -35, -52, -35, -52, -18, 85, -86, -35, -103, -52, 85, -86, -103, 34, -35, -18, -52, -69, -86, -86, 102, -35, 85, 119, 102, 17, -103, -86, -18, -103, 102, -86, 34, 68, -86, 119, 102, 17, -18, -120, -35, -52, 68, 17, 51, 51, 85, 17, -69, -103, -103, -120, 102, 34, 17, -52, 68, 68, -103, -120, 119, 68, 34, 68, -18, 51, -103, -86, -86, -120, 51, -35, -86, 85, -35, -103, 85, -120, 51, -120, 102, -120, -120, 17, 17, 68, -86, 34, 17, -103, -52, 85, -120, 85, -120, -86, 17, 51, 17, 51, 51, 85, 85, 51, 51, 34, 34, 102, 68, 85, 17, 51, 68, 51, 119, 17, 17, 85, 68, 34, 51, 51, 34, 17, -120, 102, 102, 68, 51, 34, 85, 0, 74, -8, 94, -66, 0, 0, 8, -108, 73, 68, 65, 84, 88, -61, -19, -103, 127, 88, 19, -9, 29, -57, 97, -91, -82, 76, 80, -89, -83, 19, 41, 43, 5, -79, 84, -22, -112, 86, 106, -91, -106, 50, 42, 96, 5, 86, -76, -96, 88, 5, 38, 29, 32, -99, -48, 118, -91, -87, -4, -48, -104, -97, -32, 102, -99, 85, 55, -87, 58, 7, 70, 55, 23, -32, 114, 80, 126, -44, 58, -55, 14, -95, -104, 51, -119, 122, -93, 87, -63, 75, -28, 68, 12, 36, -38, 64, 72, -116, 9, -1, -20, 2, 66, -18, 114, -33, -21, -77, -19, 121, -74, 61, -43, -35, 31, 60, 15, -49, -21, -7, 126, -17, 123, -33, -49, -21, 121, -33, -9, -109, -13, -126, -72, 46, -81, -1, 28, -103, -27, -53, 65, 124, -107, -54, -17, 3, -119, 31, -86, 86, 33, -113, 2, -56, 39, -35, 72, 35, -126, -122, -18, 101, -109, -59, -88, -90, -79, 29, 69, 125, 89, -28, -25, 33, -51, -51, 103, -102, -66, -60, -26, -77, -56, -74, 110, 85, -13, -103, 102, -91, 38, -126, 69, -34, 65, -6, -121, -76, 29, 109, -19, 79, 51, 72, 102, 102, 41, 47, -9, -26, 29, -125, -74, -93, -11, -78, 113, 75, 105, 102, -26, 52, -55, -50, -54, -29, -53, 111, -38, 108, -74, -2, 43, -41, 34, 82, -118, -78, 10, 24, -77, -107, 12, 56, 96, -40, 65, -30, 33, -57, 61, -17, 83, 98, -122, 21, -80, -62, -124, 71, -68, -27, 73, -28, -21, -100, -80, -35, 102, 6, -116, 121, 63, -50, 98, -77, -102, 8, -20, 39, -84, 85, -97, -118, 27, 36, 73, 2, 3, -112, 63, -83, 72, 92, -101, 24, 27, -11, -54, -77, -128, -67, -26, -13, -7, -1, 37, 15, -2, -9, -28, -75, -93, 28, -60, -17, -20, 89, 127, 32, -15, 69, 80, 84, 9, 50, 113, -97, -54, 101, 98, 8, -64, -60, -7, 24, -89, -119, 95, 112, -103, -88, 66, 92, 38, -94, 0, 19, 59, -5, 41, -33, -50, 121, -104, 72, 93, 62, 59, -18, -101, -104, -108, -62, 36, 59, 120, 91, 38, 76, -20, -63, -6, -74, -28, -45, 72, 73, 113, 3, 36, 55, 58, 97, -40, 70, 18, 33, 71, -34, -55, 42, 118, -113, 73, 59, 1, -107, 59, 41, 19, -83, 122, 44, 2, 58, 120, -56, 61, 70, -16, -116, 12, -38, -23, 84, -40, -19, -93, 4, -10, 116, -38, 65, 17, 36, 18, -34, 39, -46, -33, -99, -126, 30, -7, -91, -51, 106, -44, -29, -24, -14, 20, -79, 84, 40, -106, 78, -51, -26, 45, -127, 74, -109, 6, 73, 29, -114, 98, -53, 33, -95, 80, 44, 113, -81, 77, -56, -81, 79, 88, -101, -104, 24, 21, 21, -27, 71, -3, -25, -102, -52, -3, -92, 124, 15, 17, 31, 108, 19, -85, -113, -3, 59, 38, -78, 51, 81, 4, 65, -5, 39, 77, -4, -104, 73, 68, 2, 49, 20, 60, 105, -94, -97, 84, 42, -112, -118, -89, 42, 39, -96, -22, 81, 31, 56, 105, -30, 98, -111, 80, 32, 16, 77, -115, -55, -120, -81, -126, -34, 87, 94, -72, 111, 98, 85, 66, -50, -12, 108, 111, -25, -25, -107, 77, 101, 98, 72, 106, 126, 126, 54, 109, 5, -91, 13, -82, 76, -20, 117, 101, 98, 109, -87, -89, -67, -60, -104, -51, 102, -24, -71, 22, -110, -58, -14, 90, 109, -76, -61, -16, 56, 25, -14, 71, 118, 42, -109, 20, 81, -40, 99, -74, 122, -110, -62, -91, -124, -47, 49, 110, -73, -84, 43, -12, 36, 91, 3, 112, -62, 104, -79, -104, -30, -8, -98, -28, -83, 0, 12, 35, 72, 66, -73, -100, 69, -96, 31, -67, -112, 16, 27, -69, 42, 113, -59, 67, -31, 27, 39, 41, -9, -31, 34, 69, 117, 92, 100, -53, 118, 46, -110, -106, -57, 38, -117, -106, 69, 47, -118, 94, -74, -20, -51, -24, -24, -24, 112, 6, 121, 41, 80, -125, 14, 14, -30, -28, -11, 78, -107, 74, 53, 103, 6, -115, -92, -123, 97, 102, -123, -30, -18, -56, -19, -85, 77, -51, 24, 58, -1, 99, 55, 73, 14, 32, -84, 78, 5, 60, -46, -85, 109, -23, -6, 12, -47, -52, 58, 64, 35, 24, -91, -108, 98, -88, 75, -37, -46, -46, -8, 57, -10, -8, 99, 116, 66, 58, -100, 35, 23, 91, 59, -102, 16, 12, -21, -34, 79, -101, 45, 16, 35, 45, -93, -90, -98, -74, -81, -87, 23, 103, -73, 31, 109, 5, -55, 11, 34, 113, -67, -98, 52, -114, 26, 7, 98, 98, -113, 50, -98, -25, -40, -10, 77, 57, 5, -39, 5, -65, 42, 56, -67, -37, -101, -75, 7, -34, -33, -85, -105, 123, -7, -16, -63, -69, -13, 65, 3, -41, -66, -15, -22, -2, -11, -6, 60, 72, 38, 10, 5, 80, 17, -112, -120, -59, -46, 25, -59, 27, 0, 68, 44, -39, 123, -32, 64, 70, 54, -128, 72, -123, 19, -81, 65, -10, -87, 102, -11, 27, 31, -107, -17, 44, 47, -39, -100, 95, -14, 83, 15, 19, 41, 67, 70, -99, 118, -54, -60, 118, 21, -30, 105, -94, -50, -22, 112, -34, 115, -103, 120, 22, 67, 23, -48, 77, 12, -43, -103, 108, -16, -108, -119, 40, -61, 68, -126, -68, 7, -113, 15, 105, -75, 45, 29, 44, 19, -11, -93, -106, 59, 23, -49, 117, 52, -75, 96, -104, -110, 105, 34, 78, -110, -125, 61, 109, 95, -111, 55, 112, -90, -119, -13, 34, 85, -22, 62, -67, -53, -60, 56, -106, -119, -78, -102, -100, -100, 92, -81, -126, -45, 39, 89, 38, 30, -95, -14, -14, 3, 57, 31, 96, 98, 77, -118, -84, -95, 12, -30, -77, -9, 90, 42, -11, -82, -9, -30, -125, -85, 0, 113, -44, 7, -94, 94, 51, 28, 53, 21, 11, -65, -69, -114, -106, 84, 73, -92, 96, -110, 87, 41, 16, 8, 65, 100, 123, 81, 21, 36, 21, -127, -56, -58, 2, 80, 38, 82, -111, -72, 40, -99, -6, -77, -124, 65, 102, -121, 104, -108, 8, -126, -34, -68, -82, 81, 123, 100, -30, -113, -61, 80, 37, -11, 42, 27, 51, 0, 50, 17, -59, -52, 78, -5, 29, 96, 38, -102, 20, -32, 76, 124, 92, 103, 119, -62, 14, 96, 38, -110, 54, 7, 60, -46, -45, 118, -123, -99, -119, -92, -39, 110, 54, -34, 28, 38, 7, -30, -94, -104, 38, -54, 78, -17, -28, -67, -9, -34, -97, 63, 44, 56, 93, -22, -71, -93, 124, 31, -97, -70, 58, -97, -65, -16, -96, -6, 122, 79, 66, 33, 31, 126, 67, 69, -75, 76, -58, -38, -21, 9, 13, 43, -42, -4, 90, 12, -82, -126, 124, 91, -91, -32, -127, 127, 59, 127, 90, -13, -86, -65, -65, -1, -36, -71, -65, 101, -111, 125, -111, -99, -108, 36, -99, -40, 28, 22, -7, 97, 36, -94, 66, 40, -58, 38, 7, 16, -116, 48, 14, 18, 0, -30, -81, 54, -102, 44, 78, 43, 49, -113, 77, 84, -92, -62, -23, 84, 12, 6, -80, -56, 51, 106, -41, 41, 109, -116, 8, 101, -112, -113, 120, -68, 93, 41, -105, 122, -6, 109, -74, 49, -35, -46, -70, -68, 45, -18, 115, -30, -42, -19, 117, -68, -36, -81, 90, 59, 122, 13, -73, 111, 25, 121, -91, -103, -123, -52, 51, 31, 118, -66, -93, 107, -88, 95, -13, 60, -21, 62, -69, -5, 112, -22, 60, -86, -42, 61, -57, 34, -123, 113, 125, 77, 103, -102, -65, -44, 1, -50, 111, 9, -92, -74, -15, -17, 100, 36, -37, 42, -24, -60, -13, 55, -38, 117, 125, -15, -96, 42, 100, -84, -44, -29, 43, -64, -11, -111, -67, -8, -121, -121, -91, 47, 1, -109, -33, 84, -65, 81, 83, 83, -109, -14, 42, -37, -60, 3, -111, -120, -110, 10, -84, -50, 57, -98, -35, -121, -120, 50, -47, 117, 117, 6, 67, 80, -107, 116, -102, -120, 68, 82, 104, -81, 74, 117, 73, 77, 26, 7, 95, 56, 114, 88, -22, 106, 27, 39, -119, 68, 122, 16, -14, 71, 84, -92, -39, 60, 110, 127, 25, -86, 21, -69, 103, 19, 30, 58, 9, 29, 70, 84, 38, -40, -23, 28, 95, 9, -55, -126, 104, 61, -19, -69, 13, 20, -63, 71, 97, -8, 30, -71, 116, -105, -68, 56, -117, -34, 7, -105, -91, -86, 122, -6, -17, -34, 29, 35, -109, 120, 101, 30, -67, -13, -6, 107, 109, 46, 19, -121, -109, -22, 60, -97, -89, 22, -99, 48, -15, 50, -56, 68, -116, -61, -60, 83, 43, 39, 77, 4, -4, -70, 18, 79, -103, 120, -107, -116, 1, -104, 40, -117, 32, 63, -45, -31, 64, 19, 107, -65, -59, -60, -88, 120, -17, -121, -35, -60, -41, 41, 19, -85, 57, 76, 84, 34, 26, 118, -66, 21, 6, 78, -104, 8, 72, -66, 77, -6, 65, 35, -114, -88, 0, 100, -121, -55, 114, -49, -122, 35, 40, 59, 19, 115, -84, 10, -89, -62, -86, 70, -39, -103, -104, -93, 31, -121, 97, 11, -114, -122, -78, -55, -75, -81, 13, -74, -79, 97, -62, -109, -8, -56, 63, -100, -56, -60, -111, 91, 70, 57, -67, 119, 126, -69, -126, 87, 86, 114, -19, 124, -121, -106, -54, -60, 8, 94, -4, -6, -78, 105, 18, 94, 89, 13, -19, -66, 65, 80, 38, 34, -108, -119, 7, 43, -85, -90, -55, 30, -55, 116, 38, 18, 43, -68, -85, 36, 18, -38, 89, -7, -9, 16, -76, -122, -68, -38, -88, 37, 35, 79, 120, 31, 17, 11, 104, 43, 8, -102, 48, -111, 43, 19, 107, 87, 18, -1, -49, -60, 111, 33, -4, 114, 46, 82, 87, -60, 69, -74, 103, 113, -111, -68, 52, 32, 57, 116, 112, 81, -6, -62, -71, -117, -62, 23, 46, 124, -126, 65, -10, -51, -118, -72, -96, -60, 92, -46, 43, 35, -61, -98, -96, -111, 71, -107, 40, -86, 106, 111, 61, -81, 81, 19, -72, 38, 100, -74, -101, 60, -42, -115, -95, -54, -90, -65, -99, -69, 50, 108, -75, 17, 104, -88, -101, -52, 120, 10, -5, 107, 99, 71, -117, -74, 107, 72, 1, 91, 77, 68, 64, -48, 52, 57, 30, -116, -96, -19, 103, 90, -76, -67, -33, -64, 10, -121, -107, 8, 72, 115, -49, -10, -23, 2, 76, -81, -2, -62, 96, -96, 78, -117, -118, 81, 98, 30, -115, 64, 91, 95, -60, -11, -58, 91, -122, -79, 81, -101, -123, -64, -98, 76, -90, -81, -38, 59, 103, 85, -52, -128, 53, 41, 41, -23, -27, 85, -63, 51, 87, 51, 123, -25, -93, -87, -87, -71, -23, -87, -87, 63, 123, 125, 73, 16, 123, 119, 26, -68, 32, 119, 55, -61, 32, -14, 119, -71, 118, -44, -89, -31, -31, 113, -76, 8, -110, 8, -128, 100, 67, -15, 33, -127, 88, 4, 34, -39, 25, 66, -95, 72, 0, 32, 27, -14, -87, 110, 80, 44, 102, -101, 24, -98, -3, 10, -48, -60, -89, 46, 92, -64, -108, 32, 19, 47, -87, -111, -10, -42, -53, 40, 117, 40, 69, -23, 38, 126, -126, -96, -40, 89, -54, -60, -117, -41, 9, 28, 67, 3, -36, 100, 127, 0, 101, 98, -117, -53, -60, 113, -89, 13, -89, -109, 99, -63, 40, -38, -42, 53, 97, 34, 108, 33, -79, -48, 31, -48, 77, -60, 73, -68, -39, 96, 24, 113, 40, 28, 22, 98, -34, 106, -90, -119, -92, -23, -42, -11, 49, -53, 56, 108, -45, -79, 76, 76, 26, 48, 91, -42, -103, 115, 55, 71, -7, 122, -102, -72, 38, 117, 115, 110, -6, -26, -11, -117, -85, -61, 1, -33, 75, 42, 30, -39, -106, 83, 3, -52, 3, 31, -81, -70, -6, 93, -11, -64, -6, -108, -13, 33, 73, 37, 71, 77, -59, 83, -35, 38, -69, -38, -94, -17, -112, -119, 18, -95, 116, -93, 28, 60, 70, 40, -34, -109, 15, 36, 34, 106, 80, 81, 38, -41, 125, -14, 55, -126, -55, -95, -96, -16, -12, -16, -116, 95, -108, -108, -100, 12, 98, -103, -120, 104, 16, 101, -97, 73, 31, 25, 54, -101, -103, -119, -104, 43, 19, 111, 43, -84, 38, 93, 96, 50, 32, 19, -57, 97, -121, 21, 15, 72, -90, 103, -30, -25, -82, 76, -44, 14, -71, 62, -47, 97, 52, 114, -100, 50, -79, -67, -85, -91, -85, -9, 27, -121, -62, 74, -48, -119, 43, 19, 73, -4, -84, -63, 48, 102, 49, -109, 56, 22, -58, -52, 68, -22, -52, 123, 107, 120, -52, -28, -6, 68, -9, -28, 75, 12, 19, 55, -59, -58, 36, 89, 6, -110, 98, -98, 11, -98, 63, 115, 6, -29, 73, 101, -49, -82, 127, 51, 61, 117, 109, -62, 107, 75, 14, -17, 99, -18, -127, 76, 86, 93, -63, -15, 123, -30, -52, 53, 21, -32, 42, 8, 42, -9, 112, -44, 71, 32, 21, 114, 84, 91, 40, -30, -12, 64, 34, -4, 103, 13, -7, 7, -90, 22, 43, 91, 1, -79, -39, -77, 0, 0, 0, 0, 73, 69, 78, 68, -82, 66, 96, -126]
      //  38. (00102): astore_1
      //  39. (00103): aload_0
      //  40. (00104): ldc 'roosterBoat.png'
      //  41. (00107): aload_1
      //  42. (00108): invokevirtual -1 3
      //  43. (00112): pop
      //  44. (00113): aload_0
      //  45. (00114): ldc 'img/roosterBoat.png'
      //  46. (00117): aload_1
      //  47. (00118): invokevirtual -1 3
      //  48. (00122): pop
      //  49. (00123): arrayinit 'byte' [-119, 80, 78, 71, 13, 10, 26, 10, 0, 0, 0, 13, 73, 72, 68, 82, 0, 0, 0, 36, 0, 0, 0, 36, 8, 3, 0, 0, 0, -42, -34, 104, -86, 0, 0, 3, 0, 80, 76, 84, 69, -1, -25, -124, -1, -25, 123, -1, -29, 115, -1, -29, 107, -1, -29, 107, -1, -29, 99, -1, -29, 99, -1, -33, 99, -1, -33, 99, -1, -33, 90, -1, -33, 90, -1, -33, 74, -9, -29, -124, -9, -33, 99, -9, -33, 90, -9, -33, 90, -9, -37, 99, -9, -37, 90, -9, -37, 82, -9, -41, 90, -9, -41, 82, -25, -45, -116, -25, -45, -116, -25, -61, 24, -34, -37, -58, -34, -37, -75, -34, -41, -75, -34, -49, -124, -34, -57, 90, -34, -61, 66, -42, -53, -100, -50, -70, 115, -50, -70, 82, -58, -70, 115, -58, -70, 115, -58, -82, 74, -75, -94, 66, -91, -110, 82, -91, -114, 24, -100, -122, 0, -100, 125, 0, -108, -114, 90, -108, -118, 90, -108, -122, 90, -108, 121, 0, -116, 121, 49, -116, 117, 0, -116, 109, 0, -124, 121, 49, 123, 113, 49, 115, 93, 0, 107, 89, 0, 107, 89, 0, 99, 85, 0, 99, 81, 0, 99, 81, 0, 99, 77, 0, 99, 77, 0, 90, 77, 0, 90, 73, 0, 82, 73, 0, 82, 65, 0, 74, 65, 0, -1, -1, -1, -1, -5, -1, -9, -9, -9, -9, -13, -17, -17, -17, -17, 66, 69, 49, 57, 60, 24, 41, 44, 33, 33, 36, 24, 24, 28, 24, 16, 20, 16, -1, -5, -34, -1, -5, -50, -1, -9, -42, -1, -9, -50, -1, -9, -58, -1, -13, -50, -1, -13, -58, -1, -13, -67, -1, -13, -67, -1, -13, -75, -1, -13, -83, -1, -17, -83, -1, -17, -100, -1, -21, -83, -1, -21, -100, -1, -21, -116, -1, -21, -124, -1, -21, 107, -1, -25, 115, -1, -25, 107, -1, -29, 115, -1, -29, 90, -1, -33, 99, -1, -33, 66, -1, -37, 74, -1, -37, 66, -1, -41, 33, -1, -45, 16, -9, -21, -50, -9, -25, -108, -9, -25, -116, -9, -29, -108, -9, -29, -124, -9, -33, 115, -9, -33, 107, -9, -33, 99, -9, -37, 90, -9, -37, 74, -9, -41, 66, -9, -41, 57, -9, -41, 49, -9, -45, 66, -9, -45, 49, -9, -45, 33, -9, -49, 24, -9, -49, 8, -9, -49, 0, -9, -53, 8, -9, -53, 0, -9, -57, 0, -17, -21, -42, -17, -37, 123, -17, -45, 99, -17, -49, 82, -17, -49, 66, -17, -49, 49, -17, -49, 33, -17, -53, 49, -17, -53, 33, -17, -53, 24, -17, -53, 16, -17, -53, 8, -17, -57, 16, -17, -57, 8, -17, -57, 0, -17, -61, 0, -25, -41, -91, -25, -45, -116, -25, -61, 41, -25, -66, 0, -25, -66, 0, -34, -74, 16, -42, -53, -116, -42, -70, 82, -42, -70, 33, -50, -82, 57, -50, -82, 0, -50, -86, 16, -50, -90, 0, -58, -74, -116, -58, -74, 107, -58, -90, 41, -58, -90, 8, -58, -90, 0, -67, -70, -91, -67, -74, -108, -67, -78, 115, -67, -82, 99, -67, -90, 74, -67, -94, 41, -67, -94, 24, -67, -102, 0, -75, -82, 123, -75, -86, -124, -75, -90, 107, -75, -98, 57, -75, -102, 24, -83, -90, -116, -83, -98, 99, -83, -102, 90, -83, -102, 74, -83, -102, 57, -83, -106, 49, -83, -106, 41, -83, -106, 16, -83, -118, 0, -91, -102, 123, -91, -114, 49, -91, -114, 41, -91, -118, 0, -91, -122, 0, -100, -110, 99, -100, -110, 82, -100, -114, 66, -100, -114, 57, -100, -118, 66, -100, -118, 57, -100, -118, 41, -100, -118, 24, -100, -122, 41, -100, -122, 24, -100, -122, 8, -100, -122, 0, -100, -126, 16, -100, -126, 0, -100, 121, 0, -108, -122, 49, -108, 121, 0, -124, 125, 66, -124, 113, 33, 123, 121, 90, 123, 105, 16, 107, 101, 49, 107, 93, 33, 90, 81, 8, 90, 77, 16, 82, 81, 66, 74, 73, 41, 74, 65, 16, 66, 65, 57, 66, 56, 8, 57, 52, 16, 49, 44, 16, 33, 32, 16, 57, 60, 66, 49, 52, 57, 49, 48, 57, 41, 48, 57, 41, 44, 49, 41, 40, 49, 33, 36, 49, 33, 36, 41, 24, 28, 33, 24, 24, 33, 16, 20, 24, 8, 16, 24, 8, 12, 16, 8, 8, 16, 0, 8, 16, -1, -1, -1, -1, -1, -9, -1, -1, -17, -1, -5, -25, -9, -9, -9, -17, -21, -17, -42, -45, -50, -67, -66, -67, -67, -70, -83, -75, -78, -91, -83, -86, -91, -91, -90, -83, -91, -90, -91, 66, 69, 66, 57, 56, 57, 49, 52, 49, 49, 48, 49, 41, 44, 41, 41, 40, 41, 33, 36, 33, 33, 32, 33, 24, 24, 24, 16, 16, 16, -70, -72, -118, 120, 0, 0, 0, 68, 116, 82, 78, 83, 119, 119, 119, -18, -103, 51, 51, 119, 34, 51, 34, 102, -103, 0, 119, 0, 0, 0, 0, 0, 0, -18, -35, -35, 51, 85, 68, -18, -18, -35, 51, -86, -52, -86, -120, -18, -103, 68, -18, -18, -18, 0, 0, 0, -86, 0, -103, 119, 0, 0, 0, 68, 0, 0, 34, 0, 68, 0, 0, 0, 0, 0, 0, 0, 0, 0, 0, 0, 41, 124, -23, 20, 0, 0, 3, 34, 73, 68, 65, 84, 56, -53, 99, -80, 23, 22, 17, 64, 1, 12, 60, -84, -126, -62, 40, -64, -98, -63, 94, 68, 88, 16, 73, -119, 32, -49, -68, 47, -94, -84, -62, -62, -126, 72, 16, -88, 8, -59, 36, 65, -98, 79, 31, 62, 126, -103, -60, -119, -49, 36, 65, -58, 79, 31, 94, 126, 125, -1, 69, -116, 67, 24, -73, 73, 76, -13, 62, -68, 124, -7, -10, -27, -69, -81, 98, 92, 56, 77, 98, -102, -1, -31, -43, 107, 32, 120, 5, 86, 5, 51, 8, -43, 36, -90, -7, 31, -33, -68, -15, 2, -61, -102, -43, 32, 27, -79, -104, -60, -76, 124, -98, -105, -81, -113, 63, 24, -6, -44, 108, 17, -29, -60, 98, 18, -45, -78, -7, 126, -127, 48, 16, 16, -104, -74, 69, -102, 21, -61, 36, -106, 21, -53, -125, -61, 17, 32, 52, -92, 103, -53, 44, 86, 52, -109, 88, -42, 44, 11, 75, 71, 2, -109, 122, -45, -45, -41, -52, 98, 69, 49, -119, 101, -41, -84, -56, 44, 36, 16, -75, -13, -52, -118, -38, -84, 93, 50, -84, 72, 38, -79, -81, 91, 24, 3, 4, -39, 112, 16, 51, -21, -37, -91, 21, 49, 117, -69, 20, 56, -96, 38, -119, 8, -16, -83, 91, 20, 95, -73, 123, -17, -70, -55, -15, 117, 121, 32, -104, 23, 95, 127, -22, -37, -99, 83, 9, 121, -11, 123, 100, 57, 32, 38, 9, -14, -83, 92, -103, -65, -46, -11, -39, -13, 39, 110, -69, 11, -14, 27, -128, -80, 96, -35, -43, 111, -73, -82, 46, 2, -79, -9, 1, 85, -127, 20, -15, 109, 92, -36, -72, -31, -76, -21, -33, 127, 30, 127, 31, 110, 109, 108, 108, 44, 108, 62, 117, -1, -34, -43, -69, -25, -102, -127, -20, -58, -66, -125, -78, 28, -10, 12, 14, -36, -117, 87, -107, 46, -98, 114, -24, -12, -45, 127, -1, 30, 121, -36, -38, -99, 82, -38, 119, -18, -18, -9, -97, -9, 47, -49, 46, 109, 1, -126, -46, 41, 71, 101, -127, 38, -119, 31, 110, 109, -19, 104, -99, -72, -22, -97, -25, 63, -113, 123, -33, -81, -98, 62, 125, -23, -50, -9, 31, -65, 30, -100, 79, 5, -118, 2, 97, -39, -100, 57, 64, 69, -6, -37, -105, -74, 119, 118, -74, 79, -1, -9, -1, -33, -17, 31, 63, 127, 62, -72, 127, -17, -25, -67, -33, 15, 31, 94, -20, 4, -125, -10, -119, 59, -44, -128, -118, 76, -12, -113, 45, -19, -22, -18, -102, 118, -27, -23, -109, 71, -9, 126, -4, -8, -11, -5, -41, -49, 95, 127, -2, 61, 57, 89, -47, -33, -35, -33, -35, -43, 127, 68, -35, 12, -88, -56, -56, 74, -17, -40, 92, -96, -86, 57, 87, -82, 95, 113, -5, 121, -5, -9, -33, -65, 127, -2, 62, 122, 122, 99, 98, 87, 119, 55, 80, -51, 14, 117, 11, 107, -112, 34, 83, 115, -96, -86, -86, -18, -2, -2, 57, -3, 23, -17, -2, -4, -3, -16, -9, -17, 71, -49, -81, 0, -75, -11, 3, -107, 109, 87, 55, -74, -78, 2, 43, 2, -85, 2, -102, 85, -43, 117, -2, -2, -33, 71, 127, 60, -98, 92, 63, -37, 95, -43, 9, -78, 11, -88, -58, 26, -84, -56, -60, -36, -46, -46, 90, -17, -28, -116, 118, -96, -29, 127, -3, -11, -68, -7, -28, -55, -59, -2, 54, -96, 87, 58, 58, 59, -73, 107, 88, -40, -38, -38, -126, -84, -45, 53, 0, 2, 67, -107, -109, 75, -54, 90, -90, 108, -37, -72, 106, -43, 95, -41, 22, 112, 8, -75, -74, 110, 87, 87, -43, -42, -46, -46, -44, 2, 42, -78, 119, 0, 2, 71, 103, -96, -86, -62, -30, -62, -28, -126, -126, 117, -105, -10, 77, 110, 108, 104, 40, 108, 62, -86, 46, -25, 104, 15, 6, 12, -10, 80, -32, -84, 116, 116, 113, 110, 110, 78, 78, 78, -20, -84, 75, -69, 100, -22, 114, -21, 15, 29, -106, -125, -55, -63, 21, -39, 59, 42, 29, 90, 20, -107, -107, -111, -111, 17, 57, 105, -25, -78, -38, -38, -3, 106, 82, -114, -104, -118, -20, 29, -108, 14, -51, 10, 3, 39, -35, -16, -112, -52, -35, 106, 18, 8, 25, 36, 69, -10, -114, -118, 7, 39, 65, -14, 65, -8, -38, -115, 82, -10, -40, 21, -39, 59, 41, -18, -101, -28, -99, -26, -21, 31, -72, 102, 43, -78, 26, 84, 69, 64, -77, -10, 78, -14, 74, 75, 91, -77, 30, 69, 13, -102, 34, -96, -86, -35, -13, 118, -18, 92, 47, 105, -113, 79, 17, 80, -43, -42, 83, -88, 118, 97, 81, 4, 12, 9, 21, 116, 53, -104, -118, -80, 1, 0, 93, 17, -37, 121, -73, 65, 22, 122, 0, 0, 0, 0, 73, 69, 78, 68, -82, 66, 96, -126]
      //  50. (00129): astore_1
      //  51. (00130): aload_0
      //  52. (00131): ldc 'roosterIcon_160805.png'
      //  53. (00134): aload_1
      //  54. (00135): invokevirtual -1 3
      //  55. (00139): pop
      //  56. (00140): aload_0
      //  57. (00141): ldc 'img/roosterIcon_160805.png'
      //  58. (00144): aload_1
      //  59. (00145): invokevirtual -1 3
      //  60. (00149): pop
      //  61. (00150): arrayinit 'byte' [-119, 80, 78, 71, 13, 10, 26, 10, 0, 0, 0, 13, 73, 72, 68, 82, 0, 0, 0, 25, 0, 0, 1, 44, 8, 3, 0, 0, 0, 1, -9, -24, -5, 0, 0, 2, -6, 80, 76, 84, 69, 74, -122, -124, 24, 28, 24, 8, 12, 8, 8, 12, 8, -67, -78, -100, -83, -110, -116, -91, -98, -108, -91, -114, -124, -108, -114, -124, 123, 117, 107, 123, 105, 49, 107, 89, 49, 107, 89, 24, 99, 89, 49, 99, 73, 33, 74, 73, 66, 74, 65, 66, 57, 52, 49, 49, 44, 41, 24, 20, 16, -83, -45, -17, -100, -41, -17, -108, -82, -75, -108, -86, -42, -108, -98, -67, -116, -49, -34, -116, -57, -34, -116, -82, -17, -124, -41, -9, -124, -49, -34, -124, -98, -67, 123, -41, -17, 123, -41, -25, 123, -74, -67, 115, -66, -58, 115, -74, -58, 115, -106, -34, 115, -122, -42, 107, -70, -34, 107, -82, -67, 107, -90, -75, 107, -94, -75, 107, -102, -91, 99, -53, -34, 99, -70, -34, 99, -70, -58, 99, -90, -34, 99, -90, -75, 99, -94, -67, 99, -110, -83, 99, -126, -124, 90, -45, -34, 90, -61, -50, 90, -66, -34, 90, -74, -42, 90, -86, -50, 90, -86, -67, 90, -86, -75, 90, -102, -42, 90, -110, -58, 90, -114, -58, 90, -114, -58, 82, -57, -50, 82, -74, -42, 82, -82, -25, 82, -82, -50, 82, -86, -34, 82, -86, -67, 82, -98, -67, 82, -114, -91, 82, -122, -75, 74, -57, -42, 74, -74, -50, 74, -86, -25, 74, -94, -50, 74, -102, -75, 74, -110, -58, 74, -114, -67, 74, -118, -91, 74, -122, -108, 74, -126, -100, 74, 125, -91, 74, 117, -75, 74, 109, 123, 66, -49, -17, 66, -74, -42, 66, -78, -67, 66, -90, -50, 66, -90, -58, 66, -98, -58, 66, -98, -91, 66, -102, -67, 66, -102, -67, 66, -106, -75, 66, -106, -75, 66, -110, -67, 66, -110, -75, 66, -114, -75, 66, -122, -75, 66, 125, -100, 66, 121, -91, 66, 121, -108, 66, 121, -124, 66, 113, 123, 66, 101, 107, 66, 73, 74, 57, -82, -42, 57, -90, -50, 57, -90, -75, 57, -98, -34, 57, -98, -34, 57, -98, -67, 57, -106, -58, 57, -110, -50, 57, -110, -67, 57, -110, -91, 57, -118, -83, 57, -118, -83, 57, 125, -91, 57, 117, -108, 57, 113, -58, 57, 109, -83, 57, 109, 123, 57, 105, -58, 57, 101, -124, 49, -118, -75, 49, -122, -75, 49, -122, -83, 49, 121, -91, 49, 121, 123, 49, 117, -91, 49, 113, -124, 49, 113, -124, 49, 109, -116, 49, 105, -83, 49, 101, -58, 49, 101, -108, 49, 97, -116, 49, 93, -75, 49, 93, -124, 49, 93, 99, 49, 89, -50, 49, 89, -100, 49, 89, 90, 49, 85, 90, 49, 81, 82, 41, -110, -75, 41, 121, -83, 41, 117, -108, 41, 113, -100, 41, 101, -83, 41, 101, -100, 41, 101, -116, 41, 101, -124, 41, 97, -116, 41, 56, 74, 33, 117, -75, 33, 117, -100, 33, 109, -100, 33, 105, -100, 33, 101, -116, 33, 85, 123, 33, 65, 99, 24, -94, -67, 24, 77, -83, 24, 60, 99, 16, 77, -91, 16, 69, -124, 16, 24, 82, 8, 81, 107, 8, 69, -75, 8, 52, 66, 8, 28, 41, -50, -49, -50, -58, -53, -58, -67, -66, -58, -67, -66, -67, -75, -74, -75, -75, -78, -75, -75, -78, -75, -83, -82, -83, -83, -86, -83, -91, -90, -91, -91, -90, -91, -91, -94, -91, -108, -110, -108, -108, -110, -108, -108, -110, -108, -116, -118, -116, -124, -118, -116, -124, -122, -124, 123, 125, 123, 123, 121, 123, 115, 117, 115, 115, 117, 115, 107, 105, 99, 99, 101, 99, 82, 85, 82, 82, 81, 74, 74, 77, 74, 66, 65, 66, 66, 65, 66, 57, 60, 57, 57, 60, 57, 49, 52, 49, 41, 44, 41, 41, 40, 41, 41, 40, 41, 41, 40, 41, 33, 36, 33, 33, 36, 33, 33, 32, 33, 24, 24, 24, 16, 16, 16, 0, 0, 0, 99, -98, -100, -25, -33, -50, -34, -41, -83, -34, -53, -58, -58, -78, -91, -58, -90, -100, -67, -102, -124, -75, -102, -116, -83, 125, 107, -91, 109, 90, -91, 101, 57, -100, -118, 41, -108, 77, 16, -116, 65, 8, 90, 81, 82, 66, -122, -83, 66, 105, 123, 66, 101, 115, 57, 121, -83, 57, 85, 107, 49, 125, -91, 49, 117, -108, 41, 105, -100, 24, 89, -116, 24, 73, 115, 16, 77, 115, -25, -29, -25, -25, -29, -34, -34, -37, -34, -42, -49, -50, -50, -53, -58, -58, -57, -58, -67, -66, -67, -75, -74, -75, -91, -94, -91, -100, -102, -100, -124, -122, -116, 123, 121, 115, 99, 97, 99, 97, 45, -92, 22, 0, 0, 0, -41, 116, 82, 78, 83, 17, 85, 51, 17, -18, -18, -35, -18, -35, -18, -35, -52, -18, -52, -18, -35, 119, -69, -86, 119, 34, -103, -69, 17, -103, -103, -69, 68, -120, -103, 85, -103, -35, 17, -103, -69, 51, 17, -69, -69, -52, -120, -52, -120, -69, -120, -103, -86, -18, 34, 68, -103, -103, -120, 68, 102, 51, -18, 51, 68, 102, 85, -120, -18, 68, -35, -69, -52, -69, 119, 17, 34, -103, 34, 119, -35, 17, -86, -52, -18, -69, 34, 85, 85, -103, 85, 51, -103, -69, -86, -120, -18, -86, -35, -52, 102, -69, -103, -18, -35, -18, -52, 51, 51, 85, -52, -103, -35, 51, -35, -52, 119, -52, 34, 34, 51, -18, -69, 17, -18, 51, -52, 17, 85, -35, -69, -103, -120, -69, 68, -86, -18, -35, -18, -35, 34, -35, -69, 34, -69, 85, -120, -52, 34, 34, 34, -52, -120, -52, -35, 17, -18, -86, -35, -103, 17, 102, -120, 68, -52, -18, -18, 119, 85, 51, -52, 17, 119, 17, 17, 34, 17, 17, -35, -35, -35, -35, -18, -103, 51, 51, -35, -35, 119, 51, -35, -52, 102, -120, -35, -35, -52, -35, -52, 17, -52, -69, -69, -69, -69, -69, -120, -69, 119, -103, -35, -52, -120, 85, 85, 51, -120, 85, 17, 0, -16, -75, 3, 67, 0, 0, 8, -102, 73, 68, 65, 84, 88, -61, -19, -40, 121, 84, 83, 87, 30, -64, 113, 69, -92, 67, 85, 8, -37, 88, -127, 14, 14, 56, 40, 32, -126, -54, 34, 82, -115, 64, 43, 8, 66, -108, 101, 52, -122, -43, -72, -95, 44, -107, 69, 44, 74, 17, 90, 10, 34, -45, 22, 44, -56, 82, -93, 56, 22, 100, 88, 4, 103, -126, 44, 106, -120, 9, 16, 35, -124, -80, 22, 2, 20, -112, 33, -79, -104, 104, 67, 22, -110, 71, 56, 103, 30, -24, 9, 121, 55, -31, -113, -15, -24, -100, -103, 81, -2, -3, 30, -56, -53, -67, 31, 126, -71, 55, 75, -6, 22, -5, 89, -14, -74, -54, -35, 74, -66, -16, -82, -86, -46, 88, 35, -32, -13, 107, 26, -107, 75, 29, -123, 88, -55, -81, -84, 38, 109, 81, 42, 29, 36, 98, 85, 127, 37, -111, -12, 24, 44, -67, 116, 106, -125, -6, -128, 122, 3, -103, -42, 11, -108, 46, 26, -75, 97, 120, 116, -24, 62, -107, -42, 9, 20, 38, -83, 85, 115, 120, 108, -88, -87, -123, -58, 4, 10, -118, -82, -83, -91, -11, -49, -15, -107, 43, -24, 40, 100, 105, -68, 95, -1, -117, -6, -32, -64, -64, -64, -96, -76, 30, 89, 80, 19, 50, 104, 90, -56, -25, -117, -91, -78, 89, 100, -55, 62, 116, 20, -1, -108, -61, -31, 96, 124, -16, -106, -64, -21, 4, 120, 103, -16, -40, 92, 110, 80, 80, -114, 9, 80, 8, -7, -59, -36, 23, -41, 19, -30, -48, 110, -10, 64, 57, -21, -19, -109, 81, 92, -20, -77, -63, -64, -64, 24, 40, -37, -115, -61, 10, 45, -113, 90, -124, 25, 91, -127, 127, 45, -35, 57, -59, -49, 38, 53, -39, 119, -77, -66, 3, -72, -94, 101, 69, 91, -110, 111, 100, 102, -106, -88, -38, -71, 45, -21, 127, -1, -47, -106, -1, -128, -112, -1, 2, -119, 66, -66, 64, -107, -60, 127, -52, 73, 20, -86, -110, -8, -104, 12, 75, -84, 122, 29, -119, 13, -54, 18, 123, 94, 73, 108, 85, -110, -8, -104, -66, 74, -75, -60, 108, -88, 94, -86, 62, -56, -126, 37, 66, -128, 68, -67, 89, 25, 36, 81, 41, -79, -68, -16, 60, -122, -61, 121, -54, -63, -29, 45, 65, -119, 17, -21, 15, 115, -39, -36, -33, 114, -48, 27, -83, -128, -30, 123, -108, -51, -61, -39, -30, 51, -42, -70, 94, 5, -54, -51, 75, -74, 105, 9, 62, -106, 102, -122, 7, -63, -30, 107, -77, 47, 63, 126, -67, -123, -87, -111, -15, -57, 64, 73, -12, -51, -54, -54, -73, -79, -16, -35, -81, -81, 15, -108, -118, -118, -118, -84, -85, 41, 103, -45, -5, -6, -36, -107, 119, -18, -124, -87, -31, -99, 119, 68, -30, 98, 51, -111, 76, 20, -66, 81, -119, -65, -88, -108, -8, -38, 51, -111, 53, 63, 19, -21, -108, 102, -94, 68, -64, -97, 18, 75, 103, 102, 81, -120, 114, 44, 108, 31, 60, 20, 39, 49, -104, -13, 95, -5, -60, 34, 95, -25, 120, -31, -59, 111, -113, -4, -58, 115, -62, 69, -103, 36, 34, 75, 86, 97, -16, 23, -74, 24, -98, 45, 26, 109, -14, 61, 48, -33, -62, 54, -70, 98, -35, 126, 74, -13, 10, 86, 42, 87, -93, 29, 61, 54, -18, -69, -102, 124, 121, -21, 119, -56, -14, 55, 66, 76, -124, -99, -99, -75, 95, -42, -9, 33, -33, 41, -19, -113, -125, -107, -33, 14, -33, 91, 42, -9, 52, -69, -68, -88, -24, -1, 72, -30, -21, -108, -51, -52, 58, -27, -110, -105, 121, 51, -45, -31, -48, -60, 125, 20, -77, 11, 40, 103, 61, -61, 46, -97, 76, -99, -123, 104, 52, 58, -99, -119, 16, 66, 8, -63, 126, -111, 19, 42, -109, -76, -76, 80, -87, 100, 114, -29, 66, 73, -39, -5, -29, -75, -25, 60, -116, 84, -92, -11, -69, -122, 6, 34, -79, -26, -82, -68, -20, 52, -80, 41, -32, -14, 38, -89, 89, -29, 35, 35, -22, 85, 66, -127, 80, 94, -84, 76, -29, 127, -120, 123, 54, 41, -100, 26, 31, 27, 25, -128, -25, 31, 95, 94, -42, -107, -106, 94, 44, 102, -1, 44, -102, 26, 27, 90, -82, 81, 93, -87, -16, 59, 70, -124, 67, 62, -41, 109, -99, 36, -3, 43, -75, 41, 15, 106, -119, 53, 31, -55, -53, -22, 51, -97, -60, -89, -31, -16, -48, 116, 123, 123, 56, -123, 76, -70, -9, 112, -31, -87, -9, -121, 96, 93, 78, 5, -55, 36, 12, -122, 14, -67, -115, -87, -8, 126, 28, -20, -20, -52, 77, -52, 102, 33, -35, 110, -67, 30, -28, 26, 28, 75, 57, 118, -20, -40, 9, -35, 71, -67, 125, -17, -72, -99, 55, 91, -2, -88, 74, -30, 106, -3, -45, -89, 29, 44, 38, -22, 81, -99, -96, 68, 35, -29, -44, -4, 84, -101, 57, -119, -76, 54, -44, -33, 21, -53, 102, 11, 12, -5, -118, -91, 76, -78, -94, -107, 74, 38, -111, -18, 46, -108, 63, -17, -49, -54, -8, -107, -57, 121, 37, -79, -70, -26, -114, -68, 120, 88, 5, 122, -39, -78, 39, -89, -123, 43, 97, -119, -107, 66, 5, 111, 1, 38, -122, 102, -74, 63, 115, 68, -13, 18, 89, 2, -123, -30, -4, -55, 38, 111, -68, 19, 6, 54, -6, 82, 98, -91, -68, -8, 58, 39, -25, 123, -31, 18, -26, 37, 54, 105, 16, 107, -18, -55, 75, -34, -18, -112, 11, 94, 46, 5, -80, 68, 70, 120, 51, -123, 76, 45, 90, 120, -22, -67, -114, 118, 57, 65, 5, 50, 41, -125, 65, -89, -21, 34, 37, 122, 124, -68, 9, 91, 48, 39, -79, 91, 109, 25, 98, 13, -36, -73, 29, 63, 126, 60, -85, -19, -47, 123, 85, 111, 95, 98, 73, -6, -23, 61, -80, -60, -5, 39, 58, -107, 103, -94, -79, 125, -14, -66, 89, -120, 78, -89, -47, -112, 18, 35, 2, 12, -52, 93, 109, 100, -110, 85, -51, 84, 18, -87, -31, -114, -66, -68, 68, -72, 59, 96, 93, 15, 110, -128, 68, 90, -11, 26, -80, -60, -86, 5, 59, -121, -84, -74, 6, 122, 29, -58, 72, 88, -80, -60, -63, 74, 69, 111, 33, 91, 55, 6, -77, -39, -81, 102, 98, 63, 82, 98, -32, -41, 92, 54, 27, 54, 58, -12, -127, 70, 117, -107, -16, -74, -68, 108, 119, 46, 76, 115, -62, 97, -26, 37, -110, 26, 106, -119, 84, 121, -55, 76, 44, -115, 67, -93, -65, -126, -60, -19, 12, 122, 51, -123, -126, 82, 120, -22, -78, -46, -36, 56, 116, -82, 76, -86, 51, 39, -79, 83, -15, -3, 4, 120, 28, 116, 53, -9, -103, -105, 8, -52, -60, 68, -65, -108, 19, 126, 89, -70, -17, 37, -2, -37, -27, -12, 30, 119, 125, -21, 100, 95, -25, 51, -69, -73, -127, -73, 67, -49, -128, 93, 6, 6, -10, -69, 8, -114, 107, -64, -37, -31, 26, -45, 84, -101, 79, -13, -67, -79, 7, -84, -127, -78, -50, -64, 16, 127, -19, 124, -38, 117, 23, 115, -16, -82, 73, -80, 50, -12, -30, -14, -40, 108, -12, 90, 15, -32, 38, -111, -68, 105, -3, 81, -52, 36, 55, -19, -121, 96, 51, 100, -23, -100, -128, -81, 31, 82, -119, 4, -102, -103, -99, 64, 22, 38, 36, 21, -9, -61, 31, -53, 83, 34, 9, 4, -68, 78, 55, 125, -43, -109, 39, 99, 99, 43, 87, -124, 119, 43, 21, 109, -51, -31, -111, 97, -51, 22, -70, -46, -99, 41, -68, 121, -122, 53, 44, -126, 40, -31, 75, -63, 115, 47, -115, 92, 63, 52, 48, 88, 79, 106, 5, -49, -67, 125, 109, 15, -120, -94, 126, 81, -51, -3, 54, -91, -75, -18, -95, -64, 39, 111, 65, 53, 121, -87, -14, 46, 116, 52, -119, 5, -30, -90, 14, 85, -5, -45, -45, -47, -47, -90, -9, 46, 75, -4, 83, 98, 89, -84, -75, 103, -56, -39, -110, -68, -40, 24, 64, -43, 13, -126, -77, 21, 54, -60, 51, 118, -57, 78, 119, -96, -124, 97, 15, -72, 6, -26, 95, -120, -57, 122, 0, 39, -4, 61, 7, 62, 53, 119, -69, 86, -4, 28, -9, -71, 85, 54, -16, 77, -55, -127, -92, 80, -4, -81, -41, -39, -49, 114, -3, -111, -89, -11, -94, 104, 44, 54, -66, -96, -104, -53, 45, 112, -61, -106, -87, -112, 56, 61, 47, -79, 27, -108, 56, 45, 120, 41, 81, -6, 24, -16, 22, 62, 39, -15, 67, -8, -106, 3, 74, -20, 124, 41, 81, -90, -83, 74, -30, 3, -42, 48, 75, -125, 18, -34, -93, 36, -79, -87, 126, 16, -66, -95, 55, -87, -112, -40, 84, 3, 75, 36, 46, 42, -15, 54, 101, 17, -119, 85, -86, 37, -22, -75, -23, -24, 44, 34, 113, 73, 98, -39, 59, 32, 113, 119, 76, -52, -74, -28, 67, 59, 110, -90, -17, 6, -65, 89, 88, -25, 25, -32, 96, 111, 98, -1, -93, -125, -93, 1, 80, -116, -42, -104, -123, 38, 97, 61, -65, -12, 8, -37, 9, -108, 88, 31, -81, -61, 105, 5, -34, -63, 65, 23, 14, 32, 75, 5, -31, -46, 21, 30, -105, -117, 113, 57, -107, -109, -116, 44, 69, -97, 125, 123, -23, 5, 7, -29, -28, 118, 48, 42, 9, 89, -106, -66, -102, -119, 82, 85, 51, 113, 122, -111, -103, -40, -63, -48, 122, 57, 19, 105, 42, 103, -30, 40, 60, 19, -107, 38, 95, 79, -72, 54, 44, 81, 36, 85, 53, 19, -25, 37, -42, -109, 85, 73, 36, -118, -33, -28, 76, -20, -90, -45, -28, -1, 60, -64, -50, -87, -87, -87, -67, -1, 68, -81, -53, 78, -33, 3, 31, -61, -35, -111, -91, -73, -117, -119, -126, 38, -68, -115, -83, 2, 78, -2, 85, -79, 60, 100, -62, 39, 68, -102, 100, 118, -61, 90, 19, -109, -24, 60, -123, -46, 72, 38, 83, -87, -51, -83, -45, 80, -4, -87, -75, 6, 70, 103, 22, -54, -35, 26, 98, 109, 3, -119, -70, -126, 37, 117, 115, 113, 49, 52, -40, -66, 78, 94, -32, -5, -58, -19, -38, -27, -22, 79, -90, -60, 78, 104, 124, -104, -29, -114, -77, -14, -62, -25, 11, 68, 3, -61, 35, -29, 83, 66, 14, 59, -41, -57, -52, -40, 65, 94, -124, -126, -54, -86, -31, -47, -79, -15, 126, -15, -45, 35, 92, -68, -23, 86, 15, 121, -71, 83, 83, 93, -5, 64, 115, 70, 75, 36, -27, 60, -25, 21, 92, -115, 32, -56, -53, -61, 123, 15, -56, -108, -16, -10, -10, -63, -103, 35, -121, -81, -60, -121, -60, 34, -66, 19, -94, -45, 117, 24, -19, -112, -20, 98, 82, 40, -42, 122, 27, 114, 13, -44, -12, -70, 25, -48, -60, -59, -46, 27, 126, -66, -5, -107, -42, -83, -9, -111, 46, -77, -68, -94, -4, -42, -5, -45, -32, 91, 46, -67, 93, -99, 39, 96, -119, -10, -58, -114, -87, 1, 8, -119, -113, -31, 127, 108, -70, 116, -42, -51, -43, -36, -90, 52, 70, 73, 98, -13, 52, 116, 33, 55, 7, 75, -40, -85, 74, 98, 112, 78, 112, 96, -12, -10, 50, -92, 68, -115, -27, 79, -90, 68, 95, -99, 50, -73, -10, 60, 119, 14, -112, 56, 10, 75, -100, -28, -39, -38, 124, 121, 121, 65, -94, 64, 32, -84, 82, 31, 27, -123, 37, 114, 94, 36, -124, 38, -39, -103, 40, 74, -44, 104, -46, -4, 64, 75, 44, -59, -16, -82, 88, 126, 22, 17, 0, 74, -44, -110, -52, 36, -16, 94, 36, 120, 42, 60, 91, 95, 17, -86, -115, -50, 104, 111, -105, -54, 50, 50, 10, 124, 76, 87, 35, -42, 96, 25, 44, 81, 23, -102, -72, 84, 88, -24, -9, 7, 101, -119, 106, -113, 116, -105, 118, 117, 85, 20, -35, 122, 111, -25, 77, -107, 70, 20, 124, -91, 113, 7, 103, 98, 87, -25, -36, 76, -4, -36, -33, -33, 31, -67, 75, -79, 108, 121, 4, -113, -60, 86, -87, 12, 23, 25, 21, 117, 78, -31, -81, -43, 53, -110, 73, 100, 106, 115, -117, 24, 10, 66, 71, 70, 6, -12, 41, 74, -84, 38, 54, -112, 40, 31, -78, 36, 108, 28, 46, -18, 100, -6, 57, -123, -7, 38, -84, -86, 93, 62, 4, -49, 68, 92, 36, -17, -89, -65, 32, 37, -78, 6, 70, -26, 37, -30, -98, 37, -95, -3, -13, 20, 103, 98, -11, -16, -24, -56, -72, 112, -102, 119, 56, -82, -16, -92, -1, 90, 5, -119, 68, 13, -110, -90, 38, 44, 49, -18, -101, -56, -88, -101, 21, -27, 11, 79, 125, -113, 68, 110, 14, 103, -52, -51, -60, -88, -56, -88, -24, 114, -60, 41, -96, -125, -50, -128, 103, -30, -20, 55, 81, 81, 81, -82, 49, -64, 76, -20, -47, 107, -101, -103, 40, 36, -108, -108, -36, 76, 87, 90, -73, 101, -52, -18, -1, -111, -35, -2, 23, -93, 96, 119, -27, -74, 127, 124, 67, 0, 0, 0, 0, 73, 69, 78, 68, -82, 66, 96, -126]
      //  62. (00156): astore_1
      //  63. (00157): aload_0
      //  64. (00158): ldc 'roosterSpace.png'
      //  65. (00161): aload_1
      //  66. (00162): invokevirtual -1 3
      //  67. (00166): pop
      //  68. (00167): aload_0
      //  69. (00168): ldc 'img/roosterSpace.png'
      //  70. (00171): aload_1
      //  71. (00172): invokevirtual -1 3
      //  72. (00176): pop
      //  73. (00177): arrayinit 'byte' [-119, 80, 78, 71, 13, 10, 26, 10, 0, 0, 0, 13, 73, 72, 68, 82, 0, 0, 0, 25, 0, 0, 1, 44, 8, 3, 0, 0, 0, 1, -9, -24, -5, 0, 0, 2, -24, 80, 76, 84, 69, 24, 28, 24, 24, 28, 24, 24, 28, 24, 24, 28, 24, 24, 28, 24, 16, 20, 16, 8, 12, 8, 8, 12, 8, 8, 12, 8, 0, 4, 0, 0, 4, 0, 0, 4, 0, 0, 4, 0, 0, 4, 0, -108, -122, 33, -116, 77, 24, 123, 121, 33, 123, 117, 33, 123, 89, 33, 123, 89, 24, 115, 65, 16, 115, 60, 24, 82, 69, 16, 82, 60, 24, 41, 40, 33, 66, 69, 74, 41, 48, 49, 33, 36, 41, -9, -13, -9, -17, -17, -17, -50, -53, -50, -58, -66, -67, -67, -66, -67, -67, -70, -67, -67, -70, -75, -75, -74, -75, -100, -94, -91, -100, -98, -91, -108, -106, -108, -108, -106, -108, -116, -114, -108, -116, -114, -116, -116, -118, -116, -116, -118, -116, -116, -118, -116, -124, -118, -116, -124, -122, -124, -124, -126, -124, 123, -126, -124, 123, 125, -124, 123, 121, 123, 115, 113, 115, 107, 109, 107, 107, 109, 107, 107, 101, 99, 99, 101, 107, 99, 101, 99, 99, 101, 99, 99, 101, 99, 99, 97, 99, 90, 93, 90, 90, 93, 90, 90, 89, 90, 90, 89, 90, 90, 89, 90, 82, 85, 82, 82, 85, 82, 82, 81, 82, 82, 81, 82, 82, 81, 82, 74, 73, 74, 74, 73, 74, 74, 73, 74, 74, 73, 74, 66, 69, 66, 66, 65, 66, 66, 65, 66, 66, 65, 66, 66, 65, 66, 57, 60, 57, 57, 60, 57, 57, 56, 57, 57, 56, 57, 57, 56, 57, 49, 48, 49, 41, 44, 41, 41, 44, 41, 41, 44, 41, 41, 44, 41, 41, 40, 41, 41, 40, 41, 41, 40, 41, 41, 40, 41, 33, 36, 33, 33, 36, 33, 33, 36, 33, 33, 32, 33, 33, 32, 33, 24, 24, 24, 24, 24, 24, 8, 8, 8, 8, 8, 8, 8, 8, 8, 0, 0, 0, 0, 0, 0, 0, 0, 0, 0, 0, 0, 0, 0, 0, 82, 85, 74, 82, 85, 66, 66, 69, 57, 57, 65, 49, 49, 52, 41, 24, 28, 24, -58, -86, 49, -58, -102, 123, -58, 121, 24, -67, -102, -108, -75, -98, -108, -75, -98, 57, -75, -114, 123, -83, -122, 123, -83, -126, 115, -83, -126, 74, -83, 89, 49, -83, 81, 33, -91, -102, -116, -91, -110, 49, -91, -122, 49, -100, 77, 57, -108, -122, 49, -108, -122, 33, -108, 36, 8, -108, 32, 8, -116, -122, 123, -116, -126, 33, -116, 125, 57, -116, 125, 16, -116, 121, 16, -116, 113, 49, -116, 109, 24, -116, 105, 33, -116, 101, 90, -116, 101, 16, -116, 101, 8, -116, 101, 0, -116, 69, 0, -116, 65, 0, -116, 56, 16, -116, 56, 0, -116, 44, 16, -116, 44, 8, -124, 125, 74, -124, 121, 24, -124, 113, 24, -124, 93, 0, -124, 65, 24, -124, 56, 0, 123, 101, 57, 123, 65, 8, 115, 113, 99, 115, 109, 99, 115, 101, 99, 115, 101, 57, 115, 89, 57, 107, 97, 49, 107, 85, 41, 107, 73, 33, 99, 97, 74, 99, 89, 66, 99, 85, 41, 99, 73, 41, 99, 65, 33, 99, 65, 8, 90, 81, 66, 90, 81, 49, 90, 77, 24, 90, 73, 33, 90, 69, 8, 90, 56, 0, 82, 77, 57, 82, 73, 49, 82, 73, 41, 82, 69, 33, 82, 69, 24, 82, 69, 16, 82, 60, 16, 82, 52, 0, 74, 73, 66, 74, 69, 49, 74, 65, 41, 74, 60, 41, 66, 60, 49, 66, 60, 33, 66, 48, 16, 57, 56, 49, 57, 44, 24, 49, 48, 41, 49, 44, 49, 49, 44, 41, 41, 40, 33, 66, 69, 74, 57, 65, 66, 57, 56, 66, 49, 56, 57, 49, 52, 57, 41, 48, 49, -17, -17, -17, -25, -25, -25, -34, -37, -34, -42, -45, -42, -50, -49, -50, -58, -61, -58, -67, -66, -67, -75, -74, -75, -83, -82, -83, -91, -94, -91, -100, -102, -100, -108, -106, -108, -116, -114, -108, -116, -114, -116, -124, -118, -116, -124, -122, -124, -124, -126, -124, 123, 125, -124, 115, 121, 123, 115, 117, 123, 115, 109, 107, 107, 113, 115, 107, 109, 107, 107, 105, 107, 107, 105, 99, 99, 101, 99, 99, 97, 90, 82, 89, 90, 82, 89, 82, 82, 85, 90, 82, 81, 82, 82, 77, 82, 74, 81, 82, 74, 81, 74, 74, 77, 74, 66, 65, 66, 57, 60, 57, 41, 44, 41, 41, 40, 41, 33, 36, 33, 33, 32, 33, 74, -96, -42, 65, 0, 0, 0, 108, 116, 82, 78, 83, -35, -69, -103, 102, 85, -69, -103, 102, 51, 119, 102, 51, 34, 17, -18, -18, -18, -18, -18, -18, -18, -18, -18, -18, -18, -35, -35, -18, -120, -103, -18, -35, -35, -35, -35, -35, -18, -18, 102, 85, -35, 85, -35, -52, 68, -52, -35, 68, -35, -35, 68, 68, -18, -120, -120, -120, -18, -35, -52, 68, 119, 68, -18, -35, -69, -18, -35, -18, -35, -69, -18, -35, 68, 34, 34, -18, -35, -69, -120, -35, -52, -35, -69, -120, -69, -35, -86, -103, -120, -18, -35, -52, -69, -18, -120, 17, -35, 119, -103, 119, 68, 34, 17, -120, 102, 68, 34, 0, -85, -33, -63, 112, 0, 0, 8, 10, 73, 68, 65, 84, 88, -61, -19, -104, 123, 116, 28, 85, 29, -57, 27, -101, -74, -119, -109, 88, 124, 32, 90, 109, -44, -108, -90, 10, -76, -75, 54, 84, -84, -48, 64, -102, 100, -127, 44, 121, -76, -74, -51, -46, 37, 96, 75, 108, -77, 125, -120, 85, 124, -16, 16, 42, 24, -86, -63, -94, 34, 2, -46, -54, -53, 86, 90, 37, 40, 42, -122, 18, -102, 106, -24, -48, 36, -35, 64, 66, -102, -20, -116, -41, 25, -17, -20, -52, -20, -35, -101, 76, -29, -20, -20, -124, 127, -67, 51, 27, -109, 59, 115, 55, -25, -12, 28, 56, -24, 57, -51, -51, 31, 51, 39, -33, 115, 119, -17, -99, -5, -103, -17, 126, 127, -65, 89, 59, -90, 27, -77, -34, 91, 101, 118, 89, 121, -7, -114, -101, -81, -65, 121, 71, 121, 121, -39, 108, -113, -78, 94, -47, -76, -36, -51, 125, 55, -26, 106, 26, 92, -17, 81, 26, 18, 8, -121, 118, 62, -74, 51, 52, -118, -12, 6, -113, 82, 35, 0, 51, -11, -101, 61, -65, 78, -103, 64, -88, -15, 126, 26, 68, -106, -66, -1, -2, 59, -80, -107, -16, 125, -38, 122, 1, 69, -97, -7, -18, -93, -33, 124, 42, -102, 16, 125, -118, -124, 95, -3, -29, -13, 15, -1, -76, -11, 5, 36, -7, 20, -128, -114, 31, 61, -68, -73, -11, -98, 67, 24, -8, -25, 40, 96, -47, -89, -117, -117, -117, 69, -59, 63, 7, 42, 96, -16, -51, 55, -34, 28, 20, 85, -39, -1, 105, 45, 0, 8, 67, -126, 72, -82, -2, 57, -102, 106, -40, 111, -37, 6, -116, -5, 87, 45, 74, 112, -29, -115, -95, 13, 97, 5, -8, 86, -35, 56, 106, -104, 77, -28, -38, 100, -98, 29, 109, -12, 40, 115, 95, -73, -19, 8, -71, 70, 108, -101, -97, -21, 81, -72, -4, 109, -37, 11, -55, -75, 112, -5, -74, 124, -50, -93, 20, 114, 92, -60, -67, -119, 112, 92, -31, -1, -124, -112, -9, -114, -60, -118, -128, 75, 98, -96, -94, -36, 75, 98, 3, -62, -40, 37, 17, 99, -44, -32, 59, 5, -96, 16, 18, -51, 16, -12, -97, 66, -125, -86, -89, 28, 18, -69, 83, 9, -43, -57, 104, 76, -22, 113, 73, 76, -55, -79, 26, -33, 28, -29, -76, 75, -94, 101, 48, 115, -76, -50, -105, -1, 116, -16, -119, 95, -67, -92, 50, 115, -58, 58, -37, -37, 15, -4, -28, -66, -93, 99, 10, -13, 46, -4, -13, -117, -85, 86, -83, -70, 28, -8, -33, 5, -78, 54, 80, 84, -44, 95, 84, 36, -22, -2, -17, 17, -127, 56, 68, 24, 61, 35, 74, -94, -1, -3, -119, -53, 74, 28, -86, 80, 82, -3, 36, -110, -1, 87, -113, 127, -29, -108, -87, 40, -78, -1, 25, 104, -24, -85, 13, -101, 54, 53, -94, -72, -17, 123, -74, -98, 76, -89, 93, -34, -20, 52, -65, -43, -93, 52, 111, -101, 34, -79, -7, -68, 37, 113, 58, 79, 36, 36, 38, 39, 72, 76, -8, 72, -108, 100, 61, 100, 18, 18, 81, -117, -60, 56, -123, -31, 122, -94, 33, -7, -3, -115, 120, -94, -26, 122, 34, 98, 60, 81, 117, 61, -15, 105, 43, 46, -8, -50, 20, 26, 19, -98, 56, 10, -3, -116, -22, 127, 115, 61, -15, -88, -18, 103, 84, 67, -112, 120, -30, -89, -118, 37, -92, 49, -116, 10, -82, 39, 10, 12, -93, 100, -114, -21, -119, -20, -100, 24, -39, -112, -29, -119, 64, 100, -66, 39, -127, 93, 79, -60, -2, 57, 13, 40, -119, 93, 79, -60, 73, -33, 27, -36, 104, -104, -90, -21, -119, -90, 105, 52, -50, 120, -30, 59, 86, 34, 55, -103, 16, 66, 89, 5, -86, -88, -117, 72, -83, 106, -102, 84, -72, 91, -52, 22, -94, 40, 16, 65, 68, -108, 64, -34, -108, 66, -26, -120, 66, 76, 124, -31, -124, -43, -117, 49, -84, -102, 82, 34, -7, 27, -105, 14, -10, 15, 92, -4, 114, 123, 75, -94, 55, -102, 51, 47, 50, -87, 20, 70, -82, 92, 52, -48, 63, 116, -55, -13, 79, -34, 113, 96, 95, 91, -88, -103, 94, 91, -119, 32, 12, 75, -53, -26, 63, -14, -53, -69, -9, 60, 109, 21, -48, -54, -110, 82, -34, -62, 43, 30, 124, -24, -10, -3, 109, 29, 124, 33, -83, 92, 87, 19, 26, -25, 87, 127, -32, 112, 71, -113, 21, -91, 29, 41, -110, 83, 93, -118, 12, 3, -33, 118, 106, -100, -73, 82, 87, -44, 53, -47, -85, -106, -55, 86, -111, 97, -103, 38, 76, 42, 85, -12, 126, 12, 32, 75, 64, 1, 58, -48, 5, 4, -41, 82, -54, -100, 13, 1, 50, -126, -127, 96, 69, 109, 89, 125, 32, -52, 77, -19, -89, 121, -69, -13, -105, 25, -28, -82, 112, 106, 109, -123, -34, 49, -61, -37, -71, -110, -120, 32, 65, 80, -44, 5, 93, -44, 36, 84, 77, -109, -104, 81, -110, 18, 6, 26, 64, 65, -6, -28, -112, 44, 15, -117, -61, 71, -113, 91, -35, 29, 80, -85, -10, -110, 120, -90, -1, -83, 12, -119, 86, 78, 126, -63, -44, -55, 113, 14, -119, 103, 92, 18, 91, 119, 125, 34, 27, -119, 7, 9, -119, 79, 77, 75, -94, -55, -112, -8, 118, -122, -60, 30, -34, 75, -30, -102, 82, 3, -103, -6, -55, 113, -101, -25, -109, 107, 60, 36, -110, -3, 0, 44, -11, -102, 22, -62, 100, -89, -12, 126, 116, 73, 17, 52, -127, -68, 112, -94, 10, 116, -102, -47, 57, -75, -127, 96, 89, 109, 89, 109, 121, 109, 25, -127, -15, 28, 73, -116, -48, 99, -122, -60, 115, 84, -102, -86, 49, -63, 80, -44, -128, 34, 65, 40, 37, 41, 79, -52, 11, -70, -118, -86, 32, 85, -107, 65, -110, -14, -60, -68, -22, 36, -118, -119, -61, 98, 103, -89, 69, -46, 32, -94, 78, -82, 32, 127, -29, -118, -63, -127, -127, -59, 19, -98, -104, -17, -15, -60, -30, -1, -110, -72, 111, -89, -49, 19, 23, 79, 122, -30, -77, -45, -111, -72, -45, -52, -26, -119, -9, 29, -18, -24, 77, 121, 72, 44, -88, 91, -69, 70, 51, -79, -47, 126, -46, 78, 91, 35, -41, 80, 36, -26, 57, 59, 69, 50, -22, -74, 76, 67, -109, -23, 85, -25, 85, 33, 61, -90, -118, 113, -96, -54, 80, 6, -120, -14, -60, -68, 112, 61, 65, -80, 60, 88, 17, 36, -50, 88, 81, 63, 13, -119, -28, 50, 67, 98, -74, -100, -24, -116, 108, 57, 17, -69, 15, 101, -124, -51, -119, 16, -106, 124, 114, -31, -62, 18, 66, -94, 63, 39, 2, -95, -88, -1, -115, -2, -127, 24, 16, -39, -54, 117, 88, 32, 86, 38, -86, -66, -52, -73, -98, -28, -74, 68, -38, 78, -21, 108, 126, 83, -43, 127, 125, 124, -63, -126, 5, 1, 24, 103, 106, 25, -11, -56, 5, 31, -66, -16, -94, -117, 94, -123, 108, 45, -45, -2, -93, -97, 61, -14, -54, -117, 127, 101, 106, -103, -104, -106, 62, 114, -25, -93, 119, 30, -23, -46, -104, -52, 103, -12, -115, -35, -2, -61, -17, -87, -68, -63, -28, 68, -112, -22, -5, -19, -73, 126, 31, 77, 1, 54, -113, -102, -10, -41, -9, -19, 78, 119, -80, 57, 17, -29, 45, 118, -97, -67, -123, -55, -41, 36, 39, 118, 112, -73, -50, -69, -107, -21, 48, -49, -78, 57, -47, 77, -112, -25, 113, 78, -52, -67, -70, -78, -46, -67, -87, -84, -84, -52, -11, 63, 81, -29, 107, -50, -115, -63, -42, -50, -110, 84, -78, -112, -112, 8, 36, -74, 118, -106, 92, 18, 1, 83, -97, -58, -124, 88, -52, 33, 49, -58, 102, 127, 18, -74, 28, 18, 65, -106, 122, -31, 31, 46, -119, 108, -67, -96, -30, 93, 31, 116, 72, -4, 11, 102, 120, -45, 59, 127, -4, -60, -63, 87, 94, 108, 103, 106, 25, -59, 120, 61, 67, -94, -63, -44, -37, 106, -44, 37, 49, 26, 103, 122, 79, -119, 46, -34, 33, 49, -54, -12, -98, -96, 50, -110, 62, 113, -49, -18, -12, 8, 83, 59, 43, 58, 34, 36, -98, -38, -126, -4, -49, 96, 107, 58, 109, -69, 36, 102, -85, -99, -35, 95, -125, 72, -2, -7, 91, 59, 83, 36, 94, -99, -21, -17, 39, -22, 46, -119, 58, -37, 79, 76, 34, -41, 19, -11, 44, -3, -60, -116, 39, 10, 108, 63, 81, 17, 93, 18, 5, -107, -19, -52, 77, 120, -94, -28, -17, -26, -55, 45, 48, -29, -119, -112, -23, 0, -30, -105, 46, -8, 16, 33, -15, 54, 4, 24, 101, -62, 19, 25, 69, -58, 25, 18, 45, -52, 56, 121, 34, -99, -15, 68, -35, -1, 102, 65, -35, -30, 127, 71, 72, -76, 116, 102, -43, 50, 78, 119, -3, 96, -73, -115, -3, 111, 99, -93, 97, -104, -82, 39, -102, -122, -65, -97, -104, -74, 39, 72, -100, -82, -97, 24, -103, -87, -99, 89, -27, -38, -85, -106, 127, 97, -7, 101, 43, -105, -81, -68, 108, -27, -110, 47, 95, 117, 45, -107, 19, -85, -110, 18, -108, 37, 5, 104, 78, -19, -116, -87, -118, 37, 47, -128, 1, -7, 33, 69, 74, -36, 85, -126, 116, -82, 74, -88, -58, -18, 84, -76, -113, 100, -59, 24, 74, -46, 21, -53, -68, -100, -82, -114, -79, -47, 67, -83, -117, 7, 6, -118, 86, 108, -92, 114, -30, -114, -26, 80, -9, -39, 103, -66, -1, -32, 3, -97, 37, 21, 77, -15, -107, 17, 42, 87, 21, 88, -49, 125, -25, -82, -69, 126, 62, -1, 82, 105, 88, 88, 92, 66, -81, -70, -112, 111, -69, -9, 23, 123, -97, -4, -56, 50, -36, -59, -105, 46, -15, 58, 82, 31, -33, -42, 114, -20, -93, -85, -7, -15, 80, -51, 117, 116, -18, -83, -69, -58, -80, -6, -20, -41, -114, -115, 98, 83, 91, -77, -74, -82, -128, 90, 117, 18, -22, 102, -54, -22, 65, 114, -62, -39, 41, -75, -97, -75, 8, 64, 5, -22, -78, 38, -86, 49, -99, 78, -112, 92, -72, -66, 34, 83, 59, -105, -109, -62, -91, 62, -100, 71, -25, -60, -55, 49, -109, 19, -33, -107, -118, -91, 74, 117, -21, 18, 39, -83, 67, 104, -34, 20, -95, 72, 36, 10, -126, 8, 42, 68, 105, 49, 111, -31, -88, 51, -123, -93, 56, 101, 69, 123, -123, -104, 32, -110, 57, -100, -121, -60, -44, -104, 113, -88, -11, -30, -127, -2, -63, -91, 94, 18, 63, 54, 73, -30, -64, -94, -20, 36, 58, -47, 51, 27, -119, 23, 46, -61, -42, -71, -109, 120, 69, -22, 116, -33, -8, -33, -1, -128, 13, 3, -107, 86, -25, 80, -5, -87, 82, 49, 76, 117, 119, -19, 66, 78, -37, -118, 94, 53, -39, -113, 91, -53, -64, -72, 36, -55, -64, -96, 20, 46, 28, -88, 47, -85, 13, -112, 2, -38, 105, -26, 108, -104, -61, 101, 37, 113, -90, -117, -13, -18, -44, -50, 72, -46, 4, -89, -121, 67, -128, -124, -120, 38, -79, 26, 1, 93, 54, 20, -125, 104, -114, 66, -99, 92, 16, -87, -87, -108, 117, -30, -49, -61, -62, 16, -112, -109, 52, -119, -17, -97, -45, 101, 26, 35, -49, 62, -32, -112, 120, -23, -90, -19, 20, -119, 92, -38, 108, -37, -1, -19, -121, 30, -65, 100, -88, -1, -83, -49, 92, 30, -95, -42, 86, 112, -6, -71, 61, 119, -17, 125, 120, -2, 82, -103, 84, 72, 94, 18, 67, -69, 90, 15, 16, 18, 63, 111, -92, -19, 47, 125, -50, -93, -52, -18, -29, -51, -8, -79, -10, -43, -68, 29, -86, -71, -98, -34, 79, 16, 37, -94, -68, -3, -38, 113, -3, -33, 26, 86, -110, -77, -88, -3, 4, -109, 50, 78, -12, 24, 61, 50, 18, 53, -120, 60, 111, -106, 78, 126, 18, 16, 112, 122, 89, -118, -92, 81, -5, 41, 120, 95, 120, 93, 120, -35, -26, -70, -51, 55, -124, 111, -8, -54, -70, -16, 92, -86, 23, -64, 53, -45, -125, -5, 63, -15, -60, -1, 0, -127, 118, -43, 25, -102, -116, -107, 80, 0, 0, 0, 0, 73, 69, 78, 68, -82, 66, 96, -126]
      //  74. (00183): astore_1
      //  75. (00184): aload_0
      //  76. (00185): ldc 'roosterTank.png'
      //  77. (00188): aload_1
      //  78. (00189): invokevirtual -1 3
      //  79. (00193): pop
      //  80. (00194): aload_0
      //  81. (00195): ldc 'img/roosterTank.png'
      //  82. (00198): aload_1
      //  83. (00199): invokevirtual -1 3
      //  84. (00203): pop
      //  85. (00204): arrayinit 'byte' [-119, 80, 78, 71, 13, 10, 26, 10, 0, 0, 0, 13, 73, 72, 68, 82, 0, 0, 0, -119, 0, 0, 0, 18, 8, 3, 0, 0, 0, 88, 91, 13, 123, 0, 0, 2, -6, 80, 76, 84, 69, 90, 93, 82, 66, 81, 74, 49, 52, 24, 41, 52, 41, 41, 48, 41, 33, 73, 66, 33, 48, 8, 33, 44, 41, 24, 117, 107, 16, 44, 41, 16, 20, 16, 8, -106, -108, 8, 109, 107, 8, 77, 74, 8, 65, 57, 8, 60, 57, 8, 28, 24, 0, 16, 16, 0, 12, 8, 0, 8, 0, 0, 4, 0, -9, -82, -83, -17, -114, -116, -17, 109, 107, -25, 77, 74, -25, 73, 74, -25, 69, 66, -25, 40, 41, -50, 36, 33, -67, 36, 41, -67, 28, 24, -100, 81, 82, -108, 56, 57, 123, 85, 41, 107, 85, 82, 90, 81, 90, 90, 60, 57, 90, 20, 33, 82, 81, 66, 82, 73, 16, 82, 65, 66, 82, 20, 24, 74, 12, 16, 66, 65, 8, 66, 56, 16, 57, 56, 24, 57, 52, 41, 57, 48, 49, 57, 8, 8, 41, 36, 33, 41, 20, 24, 33, 32, 16, 24, 24, 0, 24, 16, 16, 24, 8, 8, 24, 4, 8, 24, 4, 0, 24, 4, 0, 16, 16, 0, 8, 8, 0, 8, 4, 0, 8, 0, 0, 82, -82, -75, 66, -66, -17, 66, 97, 99, 66, 89, 90, 57, -86, -42, 49, 113, -116, 49, 52, 57, 41, 105, 107, 41, 85, 123, 41, 81, 99, 41, 73, 82, 41, 73, 74, 41, 48, 49, 33, -110, -108, 33, 113, 115, 33, 81, 99, 33, 81, 82, 33, 77, 90, 24, -110, -108, 24, 73, 74, 16, 105, 107, 16, 93, 107, 16, 93, 99, 16, 32, 49, 8, -90, -83, 8, -106, -100, 8, -110, -108, 8, -114, -108, 8, 117, 123, 8, 97, 99, 8, 65, 66, 8, 16, 24, 0, -9, -1, 0, -9, -1, 0, -9, -1, 0, -13, -1, 0, -17, -9, 0, -29, -17, 0, -33, -25, 0, -37, -34, 0, -41, -34, 0, -66, -58, 0, -74, -67, 0, -102, -100, 0, -114, -108, 0, 0, 8, 107, 105, 107, 90, 97, 99, 82, 85, 90, 66, 69, 66, 66, 65, 66, 66, 65, 66, 57, 60, 57, 49, 48, 49, 41, 44, 41, 41, 40, 41, 33, 36, 33, 24, 24, 24, 0, 0, 0, 0, 0, 0, -108, -78, 90, -116, -82, 90, 99, 101, 82, 82, 97, 82, 74, 101, 49, 74, 89, 24, 66, 113, 107, 66, 109, 107, 66, 85, 82, 66, 77, 74, 66, 69, 57, 66, 69, 16, 49, 81, 74, 41, 93, 90, 33, -98, -116, 24, 28, 24, 16, -53, -75, 16, -98, -116, 16, -114, 123, 16, 89, 82, 16, 69, 66, 8, -33, -67, 8, 73, 66, 8, 65, 57, 0, -13, -50, -1, -41, 0, -17, 8, 41, -25, -57, 8, -50, -78, 8, -50, 20, 41, -67, -82, -124, -67, 16, 33, -75, -90, 123, -91, -110, 24, -100, 32, 49, -108, -122, 24, -108, 125, 16, -108, 28, 41, 123, 117, 107, 115, 109, 66, 115, 109, 16, 115, 65, 66, 107, 105, 41, 107, 101, 90, 107, 97, 82, 107, 77, 41, 107, 60, 57, 107, 24, 24, 99, 97, 66, 99, 85, 82, 99, 81, 57, 99, 56, 57, 90, 89, 74, 90, 89, 41, 90, 89, 16, 90, 85, 33, 90, 40, 24, 82, 81, 66, 82, 77, 57, 82, 77, 49, 82, 65, 66, 82, 60, 57, 82, 16, 16, 74, 69, 57, 74, 69, 16, 74, 16, 16, 66, 65, 16, 66, 12, 16, 66, 8, 8, 57, 56, 8, 57, 8, 8, -124, -122, -108, 115, 121, -124, 107, -106, -58, 90, 125, -108, 90, 113, 115, 90, 85, 99, 82, 81, 90, 82, 77, 90, 74, 89, 90, 74, 73, 82, 66, 93, 115, 66, 69, 99, 66, 69, 82, 66, 65, 74, 57, 117, -100, 57, 97, 107, 57, 77, 99, 57, 56, 66, 49, 77, 99, 49, 69, 90, 49, 52, 82, 49, 52, 66, 49, 48, 57, 41, 69, 107, 41, 44, 57, 33, 77, 107, 33, 73, 99, 24, 105, 107, 24, 77, 90, 24, 73, 90, 8, 65, 66, 8, 56, 57, -42, -45, -42, -58, -57, -58, -67, -66, -67, -83, -86, -83, -100, -102, -100, -108, -110, -108, -116, -118, -116, -124, -126, -116, 123, -126, -124, 123, 125, -124, 123, 125, 123, 115, 117, 115, 115, 113, 123, 115, 113, 107, 99, 101, 107, 99, 101, 99, 99, 93, 99, 90, 97, 99, 90, 93, 99, 90, 89, 82, 82, 77, 74, 74, 77, 82, 66, 73, 66, 66, 69, 66, 66, 60, 66, 57, 56, 57, 41, 40, 41, 33, 36, 33, 24, 24, 24, 116, -35, 112, -28, 0, 0, 0, 122, 116, 82, 78, 83, -69, -35, -86, 34, -35, -18, 102, -120, -18, -120, 51, -103, -69, -18, -52, -69, -103, 85, 85, 51, 34, -103, -103, -103, 17, -120, 85, 68, 17, 34, 17, 17, -86, -103, -18, -86, -18, -52, -35, -86, 119, -86, -18, -18, -103, -69, 34, -52, -69, -103, -120, 119, 119, 68, -103, -120, -120, 119, 68, 34, 85, 68, 17, 85, -52, -52, 68, -120, 51, 34, -103, -120, -18, 85, -120, 85, -69, -35, -35, -35, 51, 102, 102, -52, -69, 102, 102, -103, -103, 119, -86, 51, -18, -120, 68, 51, 17, 85, 102, 102, 102, 119, 68, 17, 102, -103, 51, 68, 51, -18, -69, 68, -52, 17, -18, 85, -18, -69, -103, -35, 34, 0, 73, -47, 41, -73, 0, 0, 5, -121, 73, 68, 65, 84, 72, -57, -83, 86, 107, 108, 20, 85, 20, 62, -9, -50, 107, 55, -75, 86, -85, -46, 20, 10, 90, 90, -79, -91, -76, 16, 17, -102, -112, 66, 8, 22, -91, 22, 90, 30, -58, 84, 34, -94, -88, -56, 15, 19, 98, -127, -66, -128, -38, 66, -23, 2, -46, 31, -112, 74, 9, 106, -30, 15, -46, 104, -94, 82, -34, 91, -40, 86, -27, 37, 6, 16, -38, 45, -81, 90, -118, 20, 72, 121, 72, 75, 91, 59, 59, 59, 115, 103, -82, 119, -90, -35, -35, 89, -84, 36, 36, 78, 50, -103, -69, -33, -100, 51, -9, -37, -17, -98, 23, 42, -122, -1, -1, -22, 28, 120, -60, 62, -106, 19, 31, 92, 125, -87, -61, -62, -34, -119, 107, 113, -50, 1, -128, -113, 67, 6, -12, 4, -128, -74, 126, -71, -24, -28, 0, -90, -38, 28, -113, 82, 0, -75, -14, 83, 44, 57, -62, 113, -117, 7, 53, -97, -88, -13, -79, -24, -124, -104, -112, 82, -100, -69, 55, 7, -27, -20, 125, 69, -97, 91, -104, 24, -124, 27, 55, 0, -121, -115, 106, -64, 58, -12, -105, -65, 22, 114, -44, 42, 78, 79, -127, -109, -43, 58, -89, -1, -90, -70, 86, -40, 121, 80, 10, -100, -12, 23, 96, 7, 2, 20, -44, 39, -20, 10, -78, -109, 121, 92, -71, -118, 68, 90, 107, 20, 60, 29, -49, -103, -2, 42, 26, -95, -50, -128, -28, -26, 117, 19, 67, 94, -98, -18, 38, -18, 39, -92, -110, -31, -19, 106, 121, -98, -19, 107, -98, -98, -86, -52, 6, -126, 116, -8, -99, -42, -26, -39, -11, 48, 56, -44, 47, -69, -112, 111, -51, 112, 75, 25, -48, -61, 89, -104, -12, 6, -104, -56, 71, -67, -34, 4, 98, 64, -87, 26, 25, -82, 73, 38, -39, -3, -55, 125, 24, 86, -97, 117, -119, 26, 54, -49, 76, -99, -8, 101, -126, 103, 93, -44, 6, 28, -126, -72, 123, -102, -17, -127, 49, 31, 24, -109, 14, -69, 30, -100, -32, -21, -37, -56, -42, -50, -86, -12, -39, -5, 96, 14, -35, 15, 115, -10, -51, 6, -120, 30, 52, -23, -62, -32, -89, -38, 40, -40, 74, 53, -17, -90, 115, 15, 20, 66, -116, -110, -55, 62, -76, -40, -82, 9, -20, 72, 124, 110, -37, -99, 59, 89, 87, -59, -22, 8, -5, -106, 59, 18, -11, 66, 28, 39, 93, -127, -73, -61, -125, 123, -121, 127, 122, 94, 107, -74, 84, 7, -21, -118, 67, -15, -127, -111, -46, 85, 5, 56, -127, -55, -15, -71, -119, 77, 98, -9, 52, 15, 100, 66, 85, -63, -43, -63, -16, -127, 34, 46, -10, 90, -86, -31, 106, -5, 126, 25, 113, -126, -62, 36, 19, 39, -7, 25, -107, 0, -109, 70, -104, 122, 123, -49, 84, 72, -88, -72, -63, 119, 127, -25, 12, 110, 119, 19, 98, 14, -126, -124, 60, -62, 47, 125, 81, -121, 67, -80, -119, 31, 2, 49, -74, -106, -33, 12, -109, 26, -100, 65, 65, 120, -91, -85, 50, -39, 3, 51, 0, 33, 47, -116, 99, 96, -45, -8, 38, 72, 67, -48, -108, 118, 33, 21, -103, 70, -41, -80, -79, 54, -6, -106, -88, 104, 119, 85, -108, 85, 73, 20, 66, 117, 29, 56, 79, 1, -30, 22, -101, 76, 118, 82, 31, 100, -17, 47, 99, -25, -53, -27, -1, -31, -4, -37, -113, 75, 40, 123, -99, -66, -109, -58, -53, -92, -94, 79, 23, -7, 55, -67, 29, 90, -12, -109, -87, 11, 52, 19, 102, -26, -15, 126, 109, -75, 31, 112, -28, -87, -68, -3, 32, -26, -69, 78, 90, -26, -99, -108, -86, -73, -21, -22, 64, 116, -60, -15, -20, -52, -109, -96, -123, -16, -124, 45, 82, 46, 4, -24, -89, -96, -13, 14, 33, 109, 17, 113, -88, -79, -75, 6, -109, -49, -71, 123, 119, -114, 120, 119, 36, 32, 126, 60, -32, 37, -88, 120, -69, -20, 50, 28, 3, -90, -118, -15, 106, -108, 124, 16, -7, 115, 87, 18, -104, 124, 96, -107, 50, 24, 108, -100, 16, 1, 40, 74, -106, -95, 44, 14, -72, -97, -35, 55, 7, 113, -116, -124, -88, -106, 49, 79, -55, -66, -60, 82, 2, -36, 40, -24, -19, -2, 97, -81, 48, -105, -65, -62, 91, 113, -55, -78, -117, 88, 102, 73, 94, 67, 10, 68, -28, -104, 102, -88, -120, 65, -104, -6, -83, -104, 61, 61, -13, 45, -83, -121, -113, 6, -60, 77, 0, -12, 1, 15, 75, -67, 84, 8, -86, 110, -82, -78, -22, -52, -35, 15, 111, -68, 31, -118, 122, 18, 8, 108, 78, 79, -47, 40, 13, -64, 88, 5, 17, -87, -112, -56, 36, 97, -74, -35, -69, -108, 121, 87, 46, 91, -71, -62, -127, 67, 39, -125, -87, 35, -113, 20, -37, 57, -109, 24, -69, 47, -128, -2, -19, -80, 89, -70, 18, 99, -67, 58, 81, 127, 29, 4, -38, -15, 60, 70, 86, 74, -79, -45, 57, -34, -94, 100, -69, -53, 8, 70, 114, 97, -77, 36, -55, 73, 76, 110, -10, -123, 41, -57, 125, -122, -113, -108, -80, -51, -8, 63, 87, -20, -127, -7, -92, -71, 76, 51, 97, -24, -83, 125, 65, -122, 2, 67, 19, 34, -82, -78, -49, -117, -7, -18, 47, 76, -13, 120, -16, -9, -19, -44, 15, -52, 57, 50, -113, -99, 70, 114, 115, 2, -59, -48, 6, -55, -105, 83, -80, 55, 9, 75, 94, -124, -84, 112, 29, 103, 112, 11, -97, -91, 6, 106, -65, -66, -112, -3, -22, -37, 10, 55, 12, -3, 9, 3, 73, 99, 1, -65, 23, -120, -40, 122, 62, 35, -18, -77, 101, -37, -106, 86, 116, 72, 15, -34, 89, 16, 20, -93, 62, 37, -26, -11, -27, -39, -98, -116, -54, 122, 45, 33, -67, 40, 20, -79, 53, -80, -28, -103, -38, 75, -62, 109, 110, 11, 20, 69, 20, 5, 50, -57, 121, -13, -101, 31, 13, 12, 98, -82, 110, 16, -118, 91, 95, -62, -90, 58, 120, -16, 104, 90, 64, 26, 119, -106, -125, -46, -111, -24, -106, -112, 92, 107, -128, 33, -120, -69, 28, -46, -24, -26, 17, -120, -105, 94, 4, -4, -82, 61, -117, -3, -45, 27, 27, -18, -68, -47, -58, 111, 15, -49, 98, 127, 82, -95, 30, -17, 121, -71, 119, -120, 44, -26, 70, 79, 112, 5, -78, -40, 42, 38, -46, -67, -14, -34, 107, -39, 108, 27, -32, -104, 6, -74, -70, -60, 97, -127, 81, 66, 77, 0, -91, 79, -5, -112, -65, 29, 70, -33, 58, 125, 54, 25, 12, -125, 113, -28, 39, -12, 3, 125, -33, -58, -60, -35, 115, -90, 11, 98, -36, 89, -105, -108, -23, 5, -74, 29, -35, 25, -27, 71, 0, 103, 121, 91, -3, -43, -39, 16, -114, 31, 52, 90, -117, 54, -91, -98, -33, 84, 16, -84, 39, 22, 23, 5, 84, -128, 84, -124, -86, 86, -70, -118, -63, 5, -123, 27, -39, 38, 85, 0, -39, 37, -106, -39, -40, -117, -44, -39, 47, -116, 117, 65, -37, 8, 53, -126, 35, 77, 105, -24, 122, -106, -122, 22, -123, 85, -5, 83, -87, 91, -84, 106, -33, -76, -34, 94, -19, 123, -50, 1, 28, 99, -16, -95, 110, 87, 120, -75, 63, -41, 8, 58, -99, 9, 100, 115, 101, -79, -83, -9, 49, 46, -69, 126, 85, -51, -96, -8, -102, 4, 106, -103, -83, -97, 34, -52, 82, 69, 103, 21, 87, 109, -52, 91, -55, 68, 99, 6, -88, -124, -1, -22, 67, 123, -115, -83, 97, 29, 16, 81, -76, -121, 69, 95, 110, 81, -88, 3, 54, -72, 0, 97, -61, -4, 34, -70, -73, -56, -42, -23, 106, 86, 65, 58, 103, 101, -41, 49, 8, 117, -64, 1, 46, -100, -36, -65, 65, 113, 69, -79, 50, -125, -2, -43, -3, 80, -80, 3, 42, -104, 67, -47, -52, -77, -40, 23, 25, -34, 1, -39, 84, 0, 116, 109, 25, -54, 101, 83, 1, -2, 40, -12, 47, -114, 51, -2, -21, -14, 69, -119, 37, 120, 6, 122, 104, 42, 88, -77, -38, -100, 10, 46, 38, 79, 11, 27, 77, 40, 48, 97, 122, 4, 52, 4, -113, 71, -52, 45, -88, -8, 33, -11, -122, -76, -6, 15, 120, 104, -68, -13, 17, 30, -113, -104, 86, -2, 1, 9, -80, 98, -8, -64, 68, 50, 113, 0, 0, 0, 0, 73, 69, 78, 68, -82, 66, 96, -126]
      //  86. (00210): astore_1
      //  87. (00211): aload_0
      //  88. (00212): ldc 'ships_1.png'
      //  89. (00215): aload_1
      //  90. (00216): invokevirtual -1 3
      //  91. (00220): pop
      //  92. (00221): aload_0
      //  93. (00222): ldc 'img/ships_1.png'
      //  94. (00225): aload_1
      //  95. (00226): invokevirtual -1 3
      //  96. (00230): pop
      //  97. (00231): arrayinit 'byte' [-119, 80, 78, 71, 13, 10, 26, 10, 0, 0, 0, 13, 73, 72, 68, 82, 0, 0, 0, -16, 0, 0, 0, -96, 8, 3, 0, 0, 0, 5, 5, 17, 87, 0, 0, 1, 122, 80, 76, 84, 69, -34, -33, -58, -34, -33, -83, -58, -57, -91, -83, -82, -116, -100, -98, -124, 82, 85, 66, 74, 77, 66, -1, -9, -42, -1, -13, -50, -1, -13, -67, -1, -13, -91, -1, -17, -75, -1, -21, -91, -1, -25, -116, -1, -29, 90, -9, -17, -42, -9, -21, -58, -9, -29, 123, -9, -37, 99, -9, -41, 74, -9, -41, 33, -9, -49, 8, -9, -53, 0, -17, -21, -67, -17, -29, -83, -17, -49, 49, -17, -49, 33, -17, -53, -116, -17, -53, 16, -17, -57, 8, -17, -61, 0, -25, -29, -67, -34, -37, -58, -34, -37, -75, -34, -41, -83, -34, -61, 107, -34, -61, 49, -42, -45, -75, -42, -49, -91, -42, -66, 74, -42, -90, 99, -50, -53, -75, -50, -57, -108, -50, -74, -124, -50, -82, 8, -58, -122, 66, -67, -70, -100, -67, -90, 115, -67, -90, 66, -67, -114, 82, -67, 121, 57, -75, -78, -100, -83, -106, 107, -83, -110, 16, -83, 113, 49, -83, 105, 41, -100, -122, 82, -100, 101, 49, -100, 93, 41, -100, 85, 16, -116, -118, 115, -116, 113, 74, -116, 85, 33, -124, 113, 16, -124, 73, 24, 123, 121, 99, 123, 60, 16, 115, 97, 57, 115, 60, 24, 107, 105, 82, 107, 48, 16, 99, 85, 16, 90, 36, 8, 74, 65, 16, 66, 20, 0, 57, 52, 24, 57, 8, 0, 49, 44, 33, 41, 40, 8, 24, 24, 16, -108, -102, -91, -116, -110, -100, -124, -118, -108, -1, -1, -1, -1, -1, -9, -1, -5, -25, -9, -9, -9, -9, -13, -17, -9, -13, -25, -17, -21, -17, -25, -29, -25, -34, -33, -42, -34, -37, -34, -42, -41, -42, -42, -45, -58, -50, -49, -50, -58, -57, -58, -67, -70, -67, -83, -82, -83, -83, -86, -100, -91, -90, -91, -91, -94, -91, -100, -94, -83, -100, -102, -100, -116, -114, -116, -124, -122, -124, -124, -126, -124, 123, 125, 123, 115, 117, 115, 115, 113, 115, 107, 109, 107, 99, 101, 99, 99, 97, 99, 90, 93, 90, 82, 85, 82, 82, 81, 82, 74, 77, 74, 66, 69, 66, 66, 65, 66, 57, 60, 57, 57, 56, 57, 49, 48, 49, 41, 44, 41, 33, 36, 33, 33, 32, 33, 8, 8, 8, 65, -61, 19, -26, 0, 0, 32, 0, 73, 68, 65, 84, 104, -34, -91, 123, 7, 67, 26, -37, -42, -10, 96, 75, 83, 79, -44, -68, -119, -102, 40, 7, 11, 22, -116, -102, 68, 12, -58, -34, -80, 70, 110, -114, 73, -50, -43, -88, -108, -64, -91, 12, 85, 58, -62, 127, -1, -98, -75, -42, -98, 97, 72, -52, -71, -7, -34, 119, 15, -30, 56, 32, -52, -77, -97, -43, -9, -38, 90, -79, -112, -53, -27, 10, -7, 124, -95, 84, 42, 22, -15, -125, 63, -13, 124, -28, 114, -39, 116, 38, -117, -89, 68, 44, 22, -117, 70, -93, -15, 100, -74, 80, -82, 84, -86, -43, 42, 63, -47, -81, 114, 9, 71, -91, 92, -63, 83, -123, 31, 116, 1, 31, 83, 44, 118, 21, 58, -23, 81, -20, -94, -49, -92, -105, 49, -28, -75, -50, -82, -50, -50, -82, 124, 87, 39, -67, -94, -2, -97, 46, -29, -51, -7, -50, -50, 124, 103, -66, -85, -40, -14, 126, 122, 115, -89, -68, 91, -122, 124, 120, 103, 118, 59, -95, 39, 83, -23, -12, 62, -18, 115, 63, -99, -46, -11, -19, 84, 122, 63, -115, -111, -55, -48, -81, -3, 44, 93, -57, -23, -74, -98, -96, -5, -113, -59, 18, -87, 108, 46, 95, 44, 87, -75, 124, -2, 22, -81, -35, -34, 22, 10, 69, 28, 52, -14, 57, 92, -95, -117, -39, 12, -3, 127, 74, -113, 3, 110, 44, -98, 72, 102, -14, -91, -118, 66, -38, -60, -117, -93, 66, 15, 57, -24, 22, -127, -88, 51, -41, -119, -1, -57, 115, 22, 55, -36, -43, -87, 110, -74, -56, -81, -28, -10, 115, -5, -72, -51, -50, 91, 65, 81, 86, -109, -112, -37, -49, -18, -17, -29, 7, -1, -64, 87, -43, -5, -7, -19, -99, -4, 110, 30, 120, 107, 54, -41, -39, -71, -65, -99, 88, 91, -45, -41, -74, -127, 115, 63, -75, -83, -81, 37, -42, -12, -19, -19, 109, -6, -39, 78, -47, 99, 63, -67, 15, -80, -37, 58, -67, 18, -21, -120, 118, -60, -42, -110, -23, 116, 54, 87, 40, -108, 1, -104, -56, -52, -127, 98, -126, 12, -76, -22, 2, 1, 38, -60, -87, -92, 30, -113, 125, 2, 96, 61, -91, 0, -41, 106, 0, 86, 85, 20, -48, 3, -96, -123, 103, -70, 123, 16, 2, 64, -5, -5, -37, -5, -8, 114, 58, -39, -57, -3, -31, 110, -117, 93, -116, 106, -97, 46, 111, -53, 75, 57, -94, -82, 64, -77, -109, 53, 47, -29, 58, -67, -67, 80, 84, -17, -33, -34, 87, 87, 49, 21, 89, 28, -4, -39, -72, 6, 24, 29, 107, -79, 53, 26, -119, 53, -29, 12, 67, 7, 122, -58, 13, -12, -12, 55, -34, -42, 65, -128, -29, -6, 118, 58, 11, 86, 11, 26, -56, 100, -128, -73, -62, 111, 94, -79, 123, 75, 120, 9, 49, 68, 34, -50, 18, -83, -89, -78, 0, -84, 16, -77, 16, 51, 13, 12, -102, 40, 86, -4, -26, 59, -7, -26, -7, -37, -15, 108, 64, 99, -82, -44, 11, 29, 114, 111, -37, 16, -68, 44, 11, 30, -18, -114, 46, 99, -56, 101, 122, -69, -102, 28, -123, 67, 77, 17, -29, -89, -113, -19, -24, 104, -89, -47, 33, 35, -38, 97, 14, -29, -61, -43, -25, -31, 45, -19, -33, -33, -75, 71, 58, 58, 18, -112, 5, 34, 86, 43, 48, -38, 44, 96, -117, 64, 43, 118, 9, 112, 6, -120, -45, -32, 23, 3, 20, 3, 112, 65, -76, -85, 90, -85, -106, 75, 74, -20, 74, -126, -73, 92, 102, -55, -122, 42, 50, 44, 124, -83, 121, 7, 6, 104, -71, 125, -70, -47, 119, -13, -13, 124, -77, -12, 74, -102, -63, -46, -99, -31, 42, 70, 59, 95, -91, 119, -89, 121, 110, 4, 88, 123, -121, -52, -97, 76, 0, 1, -95, -9, -66, -93, -125, 95, -58, -13, 59, -100, -65, 3, 60, 19, 122, 59, 127, 21, 125, 42, -82, -29, 3, -30, 16, 117, -40, 36, -83, -104, -49, -47, 60, 3, 59, 40, 46, 21, 89, -98, 1, 84, 33, 6, -61, -92, -63, -48, 97, -46, -6, 66, -111, -103, 5, -32, 74, -119, -11, -78, -40, -124, -52, 26, 12, -83, -37, -33, -58, -35, -52, -50, -74, 57, -99, 99, 78, 103, 91, -37, -68, -127, -116, 111, -65, -3, -35, -84, 107, 122, 122, -38, 53, -21, 116, -52, -52, -13, 11, 10, -44, -68, -45, 57, 75, 47, -68, 116, -76, 49, 100, -99, 89, -20, -104, 119, -50, -50, 78, -29, 63, 92, -29, 109, -17, 120, -14, -8, -77, 103, -99, 99, 54, -101, -51, 110, -77, 59, 108, 14, -121, -61, 57, -33, -122, 11, 78, 92, 25, -61, 55, -30, 31, 102, 1, 116, 126, 22, -33, 63, 54, -119, -73, 56, 28, 99, 51, 109, -104, 23, -4, -73, -98, -36, -50, -28, 52, -80, 114, 107, 32, 38, 29, -68, -67, 85, -120, 1, 25, 4, -89, 18, -92, -63, -124, 56, -111, 36, -64, 76, 44, -92, 26, -1, 86, 44, -119, -23, 20, -95, 102, 5, -122, 60, -89, -73, 23, 94, -65, 81, -125, 32, 56, -75, 49, -126, -42, -63, -64, 102, -89, 95, -65, -107, -15, -38, -11, -44, 78, -12, 116, 116, 124, 111, 127, -41, -26, 116, -47, -11, -27, -73, -53, -53, -81, -89, -27, -19, 60, 11, 99, -82, -41, -53, -53, -17, 105, 44, -65, 118, 57, -119, 74, 124, -30, -37, -41, 50, -34, -48, 3, -57, -14, -20, -53, -15, -15, 105, -11, -79, -53, 120, 44, -73, -49, -66, -60, 88, 54, -58, 91, -49, -101, 55, 11, -8, -48, 24, -76, 37, 75, -128, 113, -97, -128, 120, 11, 107, 85, 4, 79, -84, -59, -118, -12, 92, 54, -107, 76, -112, 2, -121, 9, 48, 116, -72, -88, 32, 86, -119, 98, 50, -21, 10, 48, 115, 92, 42, 117, -27, 97, 101, -42, 22, -34, 47, -45, 23, -45, -41, -29, -37, -106, -33, -4, 113, -2, 7, -33, -20, -4, -68, -21, -83, 101, -68, -66, -4, -30, 104, -125, -64, -75, -75, 77, 58, 95, 55, 47, 47, -65, 125, 121, 35, 98, -33, 102, 123, -67, -36, 68, -15, -2, -75, 109, 118, 126, 126, 122, -6, -11, 123, 53, 62, -48, 65, -93, -19, -27, -12, -8, -21, -43, 15, 106, 108, 124, -40, 112, -115, -11, -113, -9, 79, -81, 110, 108, 108, 109, 108, -15, -40, -37, -38, -39, 90, -126, -28, 108, 103, -78, -99, 4, 24, 119, 14, -71, -122, 107, -126, -97, -86, -108, 25, 62, 63, -64, 49, -87, 112, 52, -126, 3, 58, 76, 102, 29, -118, 78, -96, -95, -56, -27, 2, -2, -81, 104, 8, 53, 99, -122, 6, 3, 111, -57, 82, 115, 110, -7, 120, -13, -17, -49, -97, -57, 102, 33, 100, -77, 10, -23, 107, -63, -9, -6, -33, -25, 26, -124, 126, 102, -52, -10, -6, -19, 107, -66, -84, 112, 59, -20, 109, 109, -50, -55, -55, -63, 55, -53, -22, -3, -4, 57, -17, 95, 59, 103, -99, 0, 108, 124, -8, 123, -31, -2, -3, -54, -20, -8, -37, -23, -41, 10, 60, 67, 118, 57, -57, 33, 9, 27, 64, -68, -95, 16, 3, -13, -50, 2, 0, -17, -25, 10, 26, -18, 89, 108, 21, 11, 113, -127, 20, -109, 17, 11, -32, 12, 1, 6, -63, 97, 6, -100, 23, 63, -51, -120, -53, -48, -8, 66, 73, 72, 54, -4, 44, 19, -36, -66, -16, -127, -18, 103, -27, -3, -21, -9, -22, -50, 92, -25, -97, -65, -38, -100, 78, -37, 27, -102, -125, -73, 31, 86, -33, -17, -68, 103, -30, -90, -49, 63, -37, -57, 28, 54, -5, 52, 3, 91, -39, 90, -35, -110, -21, 111, 30, 13, -114, -39, -20, -10, 113, -95, 119, 103, 103, 117, -107, -91, -3, -3, 27, -89, -45, -62, 48, -125, 5, -50, 13, -25, -12, -5, -73, 10, -18, 6, 99, 116, 57, 33, -31, -53, -85, 12, 116, -11, -19, -5, -9, -8, -75, -77, -75, -77, 1, -64, -39, -50, -110, 70, 32, -14, 121, 113, 67, -92, -56, 32, -80, -112, 55, -20, 86, 54, 77, 34, -51, 12, -57, -11, 52, -76, 92, 14, -114, 12, -120, 97, 121, 18, -56, -104, -73, -36, 126, 10, 102, 101, -31, -61, -54, -54, -54, -14, -54, -31, -114, -41, -69, -127, -33, -53, 43, -81, -65, 124, -7, -4, -44, 57, 54, -53, 19, -80, 114, 120, 124, 120, -24, -107, -87, 120, -14, -7, -113, 65, -121, -35, -10, -106, 101, -63, -117, 127, 56, 92, 97, 77, -98, -18, -74, 59, 94, -40, -90, -23, -3, 111, 119, 78, 15, 15, 15, 87, -63, 39, 30, -50, -79, 105, -47, -33, -73, 43, -17, 87, -128, -111, -25, -25, -3, -28, 52, -28, 123, -125, -114, 85, 32, 7, 64, -41, 24, -51, -118, 48, -21, -11, -66, 127, -67, -70, 7, -126, -9, 118, -120, 97, 0, -26, -96, 67, -124, 56, -53, -74, 42, 95, 16, -64, -103, 44, -21, -80, 78, 12, -121, 35, -120, 44, 25, 48, -123, 37, -123, -126, 8, 112, -111, 101, -102, 100, 28, 63, 28, -94, -111, 68, -65, 91, -40, 0, -32, -107, 15, -121, -57, 59, 59, -34, -115, 101, 58, 127, -39, -41, -13, -56, 54, 6, -26, 87, -106, -105, 63, -100, 30, -17, 76, -69, 86, 24, -5, 116, 95, -73, -61, 110, 127, 41, -110, 112, 124, -24, 25, -13, 108, -56, 76, 76, 15, -38, 95, 12, -118, -124, 28, 122, 103, 93, 94, -17, 50, 0, -66, -1, -48, -26, -100, 94, 5, 20, -32, 18, 66, 119, 14, -67, -104, -44, 49, -41, 42, 3, -58, -16, -30, -62, -31, 70, -101, -13, -11, -22, -58, -118, 2, -68, -70, -118, -57, 14, -122, 119, -119, 0, 35, -16, 48, 12, -78, -128, 20, 73, -50, -103, 97, 7, 27, -83, 72, 56, 18, 75, -24, -103, 28, -61, -123, -13, -49, 19, -85, 34, -37, 18, -113, 74, -52, -110, -125, -54, -81, 117, -52, 47, 108, -80, 116, 29, -98, 30, 111, -72, 60, 31, 62, -84, 124, -8, 0, 78, 122, -58, 108, 111, -120, -7, -107, -115, -29, -29, 29, -101, -99, -50, 86, -106, 87, -33, 2, -103, -51, -75, -62, 114, 112, 120, 56, -85, -115, -83, -128, 58, 112, -73, -22, -60, 60, -68, 93, -95, -65, -114, 23, 52, -5, 10, -90, 16, 31, -76, 53, 63, -74, 68, -97, -64, -97, 73, -61, -69, -121, -79, -32, -104, -34, 48, -124, -103, 47, -76, 59, -57, 94, 111, 109, 125, 32, 91, -75, -73, -13, -10, 45, -18, -29, 16, -4, -18, 121, 61, -96, 56, -41, -91, 25, 78, -120, -95, -110, -25, -107, 63, -24, 119, 38, -99, -44, -95, -61, 17, 1, -100, 2, -32, -37, -3, -91, -123, -15, -15, -15, -123, 125, 102, -40, 68, 42, -65, 49, 23, 41, 114, -62, 11, 91, 44, 95, -121, -57, -57, -34, -105, 75, 12, 30, 106, 56, 61, 104, -13, -48, -7, -54, 22, 0, -37, 109, 12, 120, 101, 99, 107, -11, -91, -61, -74, -80, -54, 18, 113, 124, 56, 107, 119, 46, -45, -92, -68, -33, -16, -70, -20, -48, 108, 2, -74, -126, -85, 118, -49, 123, 18, -31, -9, 59, 46, -14, -20, 109, -109, -82, 45, 1, -72, -27, 113, 76, -38, -32, -117, -89, -39, 56, -111, 125, 106, 119, -62, -1, 99, 0, -16, -58, 14, -45, -70, 48, 13, 5, -94, -109, -99, -61, -11, 118, 80, 76, -128, 111, 17, 104, 41, 113, 6, -30, 12, -59, 87, 25, 26, 89, -28, 13, 108, -77, 34, -31, 16, 0, -109, 72, -17, 79, 13, 12, 15, 15, -12, 15, -116, 47, 117, 18, -61, -7, -68, 32, -51, 43, 67, -112, -39, 78, 8, 96, 26, -57, -57, -89, 4, 24, -29, -125, 23, 90, 104, 27, -12, -48, 60, 124, 0, -32, 13, -5, -32, 10, 79, -60, -106, 119, 7, 112, -34, 16, 101, 43, 27, -112, 93, -37, -40, -78, -40, 30, -17, -126, 77, -26, 7, -109, -27, 114, 56, -34, -84, -110, -82, -66, 93, 109, 111, -93, -128, -62, -71, -80, -91, 8, -11, 56, 40, -36, 112, 76, 111, 41, 107, 76, 51, 66, 99, -20, -11, -34, -42, -58, 30, -45, -70, -16, 114, -53, -69, -75, -31, -35, -125, -20, 19, 96, -72, 37, 51, -114, -52, 8, -73, 10, 49, -27, 73, 105, -15, -62, -31, 104, 8, -128, 41, 121, -40, -97, 26, 26, -24, 123, -12, -7, -13, -125, 30, -126, -52, -119, 6, 35, -123, 67, 99, -119, -50, 64, -123, -37, -37, -106, -24, -5, 21, 96, -49, -106, -88, -42, -31, -58, -96, 109, 89, -18, -14, -8, -12, -61, 11, 27, -35, 49, -127, 7, 28, -37, 27, 22, -120, -115, 99, -17, -20, -104, 115, 101, -125, -1, 56, 94, 114, -40, 87, 118, 24, -42, -86, -53, 97, 95, 63, 61, 62, 62, -122, -79, 91, -96, 64, 113, -42, -23, -38, 17, 23, -69, -29, 113, 80, -56, 69, -128, -59, -37, -18, -51, 11, 96, -25, -12, 14, 92, 47, 0, 123, 9, -16, -50, -42, 7, -64, -11, 10, -61, 57, -115, 12, -76, 112, -101, -58, 65, -47, 115, -122, -23, 6, -34, 52, 37, 74, -47, 48, 8, 14, -63, 45, 37, -12, -108, 103, -72, -5, -4, -4, -4, -21, -41, -13, -13, 7, 125, 3, -29, -98, 125, -56, 6, 39, 87, -8, 77, -122, 15, 42, 0, -101, -27, 92, -38, -29, -23, 62, 20, -64, -72, -103, 13, -40, -39, 13, -101, -29, 3, -125, -33, 3, -61, 79, -20, -116, 125, 3, 70, 103, -42, -18, 88, 86, 18, -31, 5, 123, 43, 106, 82, -106, -100, -74, 117, -81, -100, 79, -37, 38, 93, 11, 46, 26, 11, 28, 56, -49, -73, 41, -128, 0, 76, 4, -61, -83, -79, -97, -35, -125, -32, -74, 43, -122, -89, 119, 118, -74, -120, -43, -99, -61, -123, -105, -85, 91, 111, -33, 26, -128, -41, 82, -5, 26, 83, -61, 86, 42, -109, 66, 66, -99, -50, 26, -90, 11, 97, -91, -98, -120, -109, 64, -121, -125, 33, -118, 60, -30, 107, 19, 125, -25, -25, -105, -95, 76, 62, 25, 60, 63, 127, 8, -56, 75, -5, 10, 49, 75, 9, -3, 3, 0, -73, 1, 48, 32, -17, 49, -61, -21, 59, 116, 103, -32, 7, 12, -13, 93, 2, -16, -23, 7, -69, -115, 117, 14, -25, 94, 48, -68, -50, 18, -79, -59, 12, 127, -32, -21, 91, -57, -98, -79, 49, -49, -95, -64, -38, 112, -39, -99, -114, -55, -79, -55, 25, 14, -53, 9, -80, 107, 71, -8, -36, 89, 119, -116, 33, 126, 118, -72, 86, -73, 72, 124, 49, 68, -92, 109, -74, 105, 102, -105, 80, 46, 116, -61, 117, 127, 32, 107, 126, -24, -7, 78, -79, 22, -7, 97, -26, 72, 114, 95, 28, -62, 48, 32, 100, -110, 58, 57, -31, 48, 8, 14, 69, 40, -98, 94, 24, 122, 112, -18, 47, 55, 106, -107, 90, -93, 16, 60, -1, -52, -112, 57, 64, 99, -109, 14, -64, -37, -119, 88, -57, -69, -103, -91, 61, -36, -52, 30, 68, -9, 116, 103, 122, -125, 110, 3, 24, -113, 87, 108, 99, 27, 116, -99, 38, 98, 99, -48, -79, -63, 82, -80, 3, -64, 48, 96, 34, 17, 0, 60, -23, 20, -116, 123, -57, 30, -25, -52, -126, 87, 5, 73, 59, 111, -58, 38, -57, 108, 99, 109, -100, 109, 80, 64, -18, -126, 69, -38, 3, -95, 94, -113, 13, -23, -62, -104, 109, 122, -125, -47, 2, -30, -4, 36, -15, 107, 27, -100, -122, 64, 43, -64, 15, 17, 104, -29, 55, -76, 10, -13, -107, -40, -50, 106, 82, -19, -56, 51, 65, 41, -72, -35, -92, 14, -56, -52, 113, 70, 39, -64, 97, 34, 24, 126, 24, -86, 12, -126, -81, -85, -75, -48, -27, -41, -53, 112, -75, 113, 27, 56, 63, 127, 4, -13, -75, -74, 47, -74, 14, -112, 83, -64, -117, 76, 96, -119, -99, -61, -98, -9, 3, -18, -98, 78, 87, 86, -113, 79, 15, -33, 56, -100, 4, 30, 51, 113, 122, -70, 97, 31, -37, -110, 115, 102, 120, 69, 73, -124, 119, -106, -34, -61, -25, -89, -98, 73, -25, -4, -50, -22, 22, -65, 105, -49, -69, -31, 2, -78, 89, 3, 48, 49, -52, -124, 122, -41, 29, 34, -64, 0, -52, -16, -68, 11, -77, 52, 6, 109, -45, -85, 123, 114, -27, -48, 99, 123, 57, -3, 1, 42, 117, 120, -68, 59, 79, 58, -100, -41, 40, -118, -50, 81, 52, 125, -101, 77, -61, -19, -54, -111, 98, 101, -90, 64, 90, 8, 70, -14, 16, -3, -49, -44, -64, -105, -13, -76, -17, -6, -100, -58, 69, -76, -22, -53, -8, -49, 63, 63, 25, 0, 100, -102, 28, 88, -72, 84, 114, 45, 22, 109, 111, 39, -64, 116, -20, -111, 93, 90, -95, 72, 120, 117, 103, -21, -3, -20, 88, -37, -106, -52, 3, 49, 60, 102, -100, 123, 93, 54, -121, 72, -63, 30, -36, -46, -104, 83, -82, 3, 48, -128, 120, -68, -85, -14, 23, -56, 66, -112, -43, 102, 100, 81, -13, -82, 29, -126, -125, -57, -6, 24, -36, -108, 19, 110, 73, -24, -108, 113, -72, 11, -122, -33, 11, -87, -121, -121, 124, 5, -113, -99, -91, -39, -7, 14, -99, 34, 45, -106, 71, 78, -122, 113, 6, -83, 77, 64, -84, 117, 61, 41, 70, 26, 54, 58, -92, 0, -121, -37, 39, 122, -50, 3, -115, -24, -7, 87, 127, 52, 120, 113, -2, -7, 34, 86, -9, -91, -127, -2, 9, -79, 76, 83, 5, 101, 72, 37, -120, -128, -91, 67, -7, -26, -83, 55, -77, 47, -89, -105, 97, -68, 14, 87, -33, 2, -53, 44, 77, 3, 30, 96, 120, -48, -71, -25, 21, -64, -121, -45, -114, -79, 93, 117, 78, 58, 44, -95, -125, -9, -44, 51, 3, 44, 123, -121, -64, -54, -109, -121, 15, 115, -39, 36, -101, 108, 39, -64, 74, 94, -41, 103, 8, -16, -52, -12, -122, -127, -107, 49, 110, -40, -63, -80, -105, 79, -23, -62, 22, -36, -6, 30, 38, -80, 13, 4, 119, 118, 86, 52, -114, -78, 8, 50, 98, -90, 124, 78, 16, 51, -55, 112, -62, 72, -2, -61, -31, -80, 34, 120, 28, 4, -25, -86, 23, -25, -127, 100, 58, 21, -126, -95, 62, -65, 74, -44, 125, -87, -21, -49, -97, -69, -55, 47, -89, -40, -113, 109, 67, -90, -37, 60, 50, -83, 123, -72, -7, 13, -113, 11, -96, -89, -55, 121, -30, -2, -27, -90, 96, -76, 108, 78, 62, -33, 59, 60, -10, 46, 76, -114, -87, -37, 5, -61, 52, 41, 60, 78, 61, 99, -56, -23, 39, -73, -114, 119, 118, 76, 44, 111, -58, -128, 56, 74, 21, 0, -105, -70, 120, -72, 78, 113, 8, 68, 122, 85, -80, 10, -58, 99, 98, -8, -125, -6, 3, 65, -121, 76, -67, -45, 57, -65, -128, -56, -78, -4, -47, -120, -76, -112, -6, 113, 98, 76, -106, 10, 14, -120, 106, 119, 84, -52, -118, 48, -65, -111, 104, 44, 66, 4, 7, 27, -111, -13, -81, 65, 72, 112, -12, -126, 5, -5, 74, -9, -7, 18, 87, -25, 4, 121, 97, -115, -86, 5, -16, -61, -33, -37, -42, -28, -85, 14, -95, 89, 120, -34, 91, -97, 125, -46, -13, 16, -54, 54, -69, 119, -56, -62, 69, 34, -19, -12, -54, -92, -64, -75, 58, -100, 91, 34, 17, 16, -17, 54, 5, -8, -16, -108, 61, -84, -35, -66, 116, 74, 25, -123, 8, -27, -31, -78, -109, -124, 26, 70, -62, -75, -91, -48, -83, 83, -28, 5, -81, -69, -91, -48, 29, 66, 56, 118, -68, 43, -38, -32, 107, -29, -54, -79, 119, -21, -3, 107, 104, -47, -95, -41, 51, -37, -127, 56, -85, -14, 81, -125, -13, 85, 49, 7, 7, -120, -120, -121, -109, 113, 100, 70, 105, -48, 75, 78, 56, 68, 38, 26, 62, 41, 74, 26, -100, 47, 95, -100, 95, 4, 82, -123, 108, -8, -14, 92, -58, -75, -18, -69, -117, 95, -98, 127, 1, 100, -41, 54, 24, 78, 16, -61, -57, -14, 93, -56, 18, -74, -24, 55, 92, 67, -9, 23, 7, 1, 86, -41, -63, -80, 113, 63, -121, 11, 99, 51, -58, -11, -61, -39, -74, -7, 61, -111, -61, 83, 15, -7, 87, 32, 118, 121, -113, 119, 12, 52, -57, 111, -38, -88, 38, -9, 14, 86, 90, 93, 88, 31, 107, 115, 18, -61, 38, -32, -83, -43, -43, -43, -83, 55, 118, -37, -21, 29, -2, 64, 58, 96, -51, 87, -127, -8, -8, 116, -73, 99, 13, -128, 107, 90, -122, 44, 115, -102, 74, -18, 57, -114, -119, 65, 50, 9, 115, -102, 77, 52, 1, 38, 39, 28, -117, -75, 15, 17, -63, 97, -124, 29, -2, -120, 30, 11, 24, -128, 1, 57, -19, -85, -59, 4, -14, -62, 26, -121, -106, 107, 10, 48, 98, 105, -41, 30, 127, -15, -37, -23, -15, 39, -50, 54, -81, 92, 39, 29, -98, 53, 9, 88, 112, 58, 77, -64, 96, 88, 93, 63, 69, -92, -123, -15, -62, -2, -62, -79, 126, -20, 53, -32, 28, -50, 66, -88, -33, -111, 72, 27, -128, 103, 8, -16, 36, 1, 22, 116, -34, -67, -82, -67, 117, -89, 0, -90, -40, -20, -8, -40, -13, -6, -16, -44, -53, -25, -89, 75, 0, 124, 84, -43, -14, -108, 2, -22, 108, -104, 41, 27, 38, -114, -31, -111, -111, 7, -77, 79, 10, -119, -59, -118, -57, -90, 6, 62, -97, 23, -53, -92, -70, -105, -2, 96, -32, -22, -21, 121, 115, -8, -77, -115, 26, 100, -4, 75, -49, 64, -65, -85, -125, 25, 86, -29, -12, -48, -75, 43, 49, -31, -31, -31, -21, -79, 54, 47, -97, -30, -14, -58, 96, 27, -35, 2, -33, -94, 107, -58, -71, 119, 108, 48, -20, -28, -9, -32, -20, -44, 99, 119, 32, 83, 118, -68, -80, 107, 118, 76, -38, -114, -94, 107, -119, 42, -107, 20, 105, 49, -106, -29, -45, 117, -50, 21, 16, 90, 26, -16, -26, 17, 121, -63, 103, -37, -34, 122, 15, -43, 45, 44, -68, 57, 52, -18, 102, 29, 70, -85, 84, -43, -64, 41, -46, 124, -60, 84, -56, 14, -88, 52, 95, -72, -27, 120, 58, -59, 26, 28, 34, -126, 41, 25, -18, 24, -18, -2, 28, 106, -124, 8, -33, -41, -117, -53, -65, 13, -68, -97, 49, -16, 28, -72, 109, 84, 25, 114, 127, -1, -20, 124, -101, -25, 84, 125, 3, 69, 90, -22, -4, 120, -61, -26, 52, -65, 25, 58, 108, -100, 123, 23, 28, 99, 123, -22, -4, 16, 126, 88, -35, -8, -23, -110, -35, 110, 27, -76, 15, -38, 112, -40, 97, -43, 86, -7, 99, 78, 119, 39, 103, -87, 8, 6, -111, -26, 121, 60, 93, -97, 116, -50, 76, 58, -19, -45, 59, 94, -11, 17, -13, -74, 49, -124, 40, 78, -37, 91, 115, -50, -105, -90, -51, -81, -35, 37, 43, 125, -94, 21, 69, -116, -87, -4, 76, 69, 13, 94, 84, 34, -105, -60, -119, 82, 16, 35, 68, 81, 37, 8, -2, 90, 42, 88, 104, -3, -52, 88, -65, 124, -2, -4, 5, -57, -7, -105, 64, 103, -93, 18, -7, 55, -78, -118, -66, 30, -37, 90, 19, -16, 108, 19, -16, -32, -104, 5, -16, -116, 58, 63, 60, 116, -39, 39, 77, -64, 78, -69, -61, 32, 6, -128, -105, 60, -45, 11, 11, 11, -45, -21, 56, -35, 18, -62, 78, -9, -32, -115, 65, -87, 107, -43, -32, -52, 65, -58, -36, -47, 4, -20, -94, -12, -55, 57, 54, 118, 63, 96, -74, 90, 90, 65, -22, 84, -73, -23, 100, 12, -112, -109, 25, 9, -85, 41, 19, -42, 99, 97, -16, 27, -128, 10, -57, -105, -122, -70, -49, -93, -115, -32, 103, 11, 96, -127, -4, -123, -97, -16, -4, -17, -7, 66, -93, -8, -18, -33, -97, 31, -10, 116, 47, 25, 32, 77, -122, 33, 113, 8, 39, -9, -116, -119, 64, -92, 101, 50, -20, 122, -15, 98, -9, -44, 0, -4, -62, 102, 74, -30, 11, -69, -25, 84, 104, 93, 122, 97, 119, 25, -17, -42, 28, -114, 73, -121, -61, -75, 97, 0, 126, 74, -102, -114, -28, -31, 7, -122, 45, -128, -41, -90, -115, -41, 78, -9, -37, -41, 56, -16, -96, 108, -106, 106, 55, -39, 76, -110, -28, 58, -59, -7, -65, -84, 41, -63, 41, -127, -30, 104, 76, -97, 26, 56, -65, -88, -35, 90, -55, 21, -84, 95, 4, -18, 23, -116, -49, -1, 126, 87, -86, -17, 59, -65, 60, 120, 120, -113, 72, 83, 122, 104, -17, 60, -66, 15, -16, -45, -89, 10, -16, -23, -95, -13, 105, 11, -61, -22, 50, 0, -49, 30, -86, 119, -40, -112, 69, 56, -20, 77, -122, 97, -42, -20, -10, -89, 86, -111, -90, -12, 105, -52, -10, -10, -16, 39, -122, 79, 79, 119, 41, -14, 40, 105, 57, -107, -35, -27, -87, -36, 65, 48, -103, 100, 82, -29, 116, -126, 10, -16, -108, 11, 47, 13, 61, 57, -113, 53, 2, 6, -75, -25, -118, 88, 70, 107, 25, 127, -76, 119, -106, -42, 108, 15, -106, 126, 6, -20, 37, -64, 38, -61, 91, 47, -100, -121, 106, 34, -64, -80, -67, -55, -80, 57, 17, -89, 11, 22, -64, -102, -35, -23, 21, -78, -67, 55, -114, 49, 98, 120, 71, 77, -64, -6, 31, 118, -69, -93, -123, 97, -86, 9, 2, -15, -21, -97, 0, -97, 30, 19, 96, -82, 105, 73, -7, -118, -42, -105, 36, -13, -41, -45, 25, 85, 18, 0, -29, -68, 82, 26, -101, -24, 63, -65, -88, -26, -104, -36, -13, 47, -84, -75, -94, -69, 86, -76, 15, 48, -66, 60, 108, -33, -34, -98, 55, -18, -44, 42, -46, -121, 91, 54, -109, -55, -45, -83, 39, 99, -122, -38, 122, -99, 118, 109, -35, 100, -72, -87, -61, 46, -69, -74, 96, 0, 118, -68, -128, -25, -30, -45, 19, -104, -32, 25, 2, 108, 48, -4, -62, 1, 51, -2, -62, 96, -8, -12, 120, -42, 78, -120, 109, 38, -61, -89, -89, 29, 77, -122, -41, 9, 112, 89, 83, 116, -102, -123, 29, -94, 86, -106, -106, 50, 108, -68, 49, -106, -122, 30, -99, -57, 124, 126, -109, -38, 31, -47, 62, 16, -76, -12, -12, -32, -47, 108, -57, -70, -123, -31, 109, -125, -55, 13, -101, -35, 16, -17, -45, 45, -69, -45, 4, 108, 123, 97, 80, 73, 53, 45, -101, -9, -44, -80, 62, 118, -105, 2, -20, -47, -20, -77, 31, 88, 58, 78, -67, -114, -103, -55, -103, -79, -55, 38, -61, 26, -83, 29, -67, 104, -118, -12, 2, -83, -79, -68, -100, 28, -76, 50, -52, 31, 121, 42, 58, -68, 45, 101, 90, 94, -21, 39, -25, -117, 1, 126, 121, 29, -99, -89, 1, -34, 24, -58, 123, 109, -86, -1, -4, -78, -106, 61, 63, 55, -87, 109, -31, -106, -112, 50, -40, -121, 116, 60, 124, -16, -44, -13, -109, -47, -126, 72, 111, 13, 106, -19, 114, -2, -2, -51, -12, 67, -105, -127, 17, -13, -32, 80, 127, -20, -68, 127, 105, 119, 41, 36, -34, 49, -69, -35, 112, 93, 43, -56, -25, -59, 74, -99, 118, 58, 39, -99, -109, 51, -114, 5, 19, -16, -117, 73, 24, 49, -83, 9, 120, 111, -85, 19, -71, -121, -57, -10, -38, 123, 15, -61, -69, 82, -60, -109, -126, 14, 5, -62, -100, 12, -21, 58, -3, -94, -46, 7, -71, 38, 94, 103, 113, 13, 61, 60, -113, -5, 110, -50, -101, -44, 126, 110, -27, -10, -127, -126, -5, 84, 14, -45, 74, 31, 91, 117, 24, 46, 85, -26, 122, -29, -31, -105, 105, -81, 113, 25, -58, -55, -18, -40, 16, -6, 92, -35, -90, 69, 93, 119, -40, 28, -10, 13, 81, -12, -107, -23, -105, 111, 12, -128, -109, 51, 109, 51, 78, -46, -31, 83, -59, 48, 8, -98, -76, -8, -31, 83, 30, -71, 65, -118, -76, 78, -103, 86, 48, 124, 124, -56, 111, 39, -122, -111, -68, 107, 74, -94, -59, 17, 33, 124, -114, 35, -90, 68, -32, -123, 39, 94, 9, -121, -99, 70, -34, -1, -51, -105, 58, 87, 80, 63, 91, -87, -3, -46, 68, 75, 120, 49, 30, 61, 124, -72, 100, -120, -15, -31, -114, -59, 74, -37, -20, -102, -117, 29, -51, -23, 9, 85, 64, 72, 103, 55, -68, 91, -50, 73, -8, -47, 89, 101, -62, -10, -28, -58, -16, -18, 89, -121, 99, 12, 68, -54, -5, -68, 123, 10, -33, -23, -4, 12, -78, -93, -103, 25, -59, 48, -76, -46, -15, 3, -61, -116, -15, 116, -41, -79, -68, -93, 60, -9, -23, 2, -107, 59, 40, -82, 39, -122, 59, -74, -73, -77, 26, 23, -33, -40, 58, -53, 82, 63, 121, -29, 68, -110, 117, -105, -102, 89, -62, -95, -15, -95, 7, -25, 73, -33, -73, 31, -116, -44, -49, -36, 62, -60, -49, -93, 71, 79, 31, 61, 90, -110, 121, 70, 18, -80, -43, -77, -50, -89, -84, -61, 16, -34, -91, -29, 83, -66, 35, -66, -107, -67, -23, -41, 31, 92, -48, 73, -56, -88, -21, 80, 93, -29, -97, -99, -61, -91, 73, 92, 118, 78, 46, -17, 28, -54, 37, -11, 79, -98, 25, 2, -36, 54, -125, -116, 66, -66, 34, 125, -29, -104, -7, 115, 82, -125, -107, 62, -75, -114, -36, -32, -54, -114, -15, -106, 14, -68, -120, 100, -124, -58, 126, 123, -57, -102, -66, -83, 81, 113, -121, 18, -120, 4, 1, -116, -46, 42, 18, 45, -115, -54, -70, 63, -83, -108, -74, 79, -11, -99, -33, -8, -12, -49, -97, 91, 4, -7, -53, 79, 104, 31, 2, 42, -113, -89, 92, 0, -40, -95, -119, -35, 121, -23, -15, 82, 57, 17, -89, 31, -58, 38, -99, 99, 14, 4, -123, 114, 31, -57, -34, -9, -45, -81, -33, -52, 2, 87, -37, 76, -37, -28, -92, 107, -29, -16, 88, 93, 95, 89, -34, 89, 114, -48, 101, -52, -124, 103, 117, 67, -35, 56, -90, -52, -69, 52, -39, -42, 22, -100, 15, -74, -51, 44, 28, -86, 18, -61, -6, -51, -28, -115, -29, -26, -37, -12, 14, -43, -38, -67, -12, 69, 84, 48, -16, -82, -40, 62, -20, 120, 85, -50, -71, 48, -67, -93, 114, -55, -29, 117, 100, -45, -79, -104, -106, 19, 113, 78, 48, 92, -54, -9, 105, 33, 41, -90, 8, -58, -96, -54, 93, -74, -82, 125, -66, -121, 91, 11, -40, -121, 12, -107, -113, -57, 79, 92, 111, 121, 41, 97, 111, 107, -53, -27, 122, 67, -21, 73, 43, 123, 123, 43, 78, -88, 31, -56, -100, 125, -61, 75, 37, -53, -17, 87, 55, -106, 110, 110, 38, 103, 64, 26, -96, 77, -114, 77, -65, 93, -90, 117, -122, 55, -29, -29, 11, -77, 124, 121, -122, 16, -69, -34, -68, 89, 88, -16, 120, 86, 62, 124, 120, -1, 102, 22, 111, 13, 2, 113, 91, 112, 97, -113, 86, -87, 86, -34, 127, 112, -35, -4, 121, -93, 105, -38, -62, -42, -42, 10, 127, -51, -78, -84, -32, -52, 58, -16, -123, 27, -76, 28, -77, -14, -58, 54, -67, -75, -57, 101, -32, -107, 55, -17, -34, 125, 7, -99, 26, -25, 74, -52, 47, -83, 18, 74, 5, 43, 44, -126, 29, -113, 39, 18, 107, -56, -5, 103, 26, -79, -49, -9, -95, 85, 106, -85, -72, -59, -13, 19, 28, -113, -99, -125, 47, -98, 96, -40, -97, -32, 47, -37, 124, 71, -5, -84, -19, 73, 119, 79, 79, -49, -96, 64, 112, 104, -74, 89, -41, -62, -101, -91, 37, -41, -92, -26, -104, -103, 49, -112, -3, 57, 57, -39, -26, 66, -24, -20, -102, 117, 104, 6, 94, 92, -66, -71, 113, -50, -66, 116, -66, 116, -71, 72, -10, 49, -26, -63, 112, 80, 62, 7, -42, 10, 104, 111, -66, 105, -38, 55, 28, 26, -4, -15, -28, 88, -101, 12, 122, 121, -46, 49, -29, 24, -101, 25, -61, 119, -112, 43, -125, 108, -76, -51, 3, 112, 123, 36, -94, -119, -86, -58, -72, -111, 35, 28, 86, -128, 41, 3, 6, 90, 24, -81, -59, -95, 47, -25, -39, -38, 31, 63, -85, -19, 3, 83, 109, -123, 91, -64, 123, 50, 104, -21, 126, 52, -40, -31, 124, -4, -60, -10, -8, -55, -29, 39, -125, 120, 122, -20, 92, -38, 94, -101, -19, 126, -36, -35, -41, -33, 103, 115, -46, -83, 78, 66, -23, 28, -96, -27, -26, -49, -55, -101, 27, 2, 17, -16, 3, 23, 36, -13, 79, -66, -84, -31, 76, -82, -49, -32, -14, 12, 93, -58, -64, -81, 25, -70, 24, 12, 4, 103, -38, 2, -12, -54, -97, -8, -128, 111, 55, -33, 0, -106, -15, -46, 123, -72, -107, -93, -3, 29, -11, -79, -76, -79, 70, 24, 7, -95, -99, 15, 2, 111, 24, -100, 106, 80, 91, -116, 48, -83, 121, 71, 8, 111, 88, 0, 83, 23, 11, -36, -109, 16, -36, 113, -97, 36, 63, 37, -109, -84, 4, -7, 17, 113, 58, -8, -60, -71, -65, -10, 120, 118, 123, -16, 113, -5, -20, -29, -18, -57, 106, 116, -49, 122, 58, -73, 93, 61, -113, -111, 58, -10, -39, -24, 78, 5, -126, -90, -31, -28, -58, -49, 71, -32, 38, 64, 87, 33, -99, 14, -66, -118, 11, 126, 63, -51, 67, -128, -34, -115, -103, -7, 19, -77, -32, 119, -6, 3, 51, 56, 2, -8, -95, -9, 107, -33, -16, 48, 6, 62, 109, 102, 102, -34, -24, -32, 105, -1, -2, 110, 94, 64, -13, -93, -115, 4, 3, 112, -65, 71, 112, -124, 53, -126, 42, 64, -43, 47, -125, -30, 56, 28, 84, 10, 4, 127, -55, -125, -32, 86, -109, -4, 80, 28, -112, 112, 75, -44, 2, -20, -32, -109, 39, -113, 23, 42, -59, -10, -105, -37, 47, -99, -37, 61, 78, 64, -90, -47, -45, 13, -88, -82, -35, -109, -3, -123, -98, -98, -66, -2, -127, 62, -37, -28, -97, -62, 7, 9, -30, -73, -101, 107, 25, 114, -49, -22, -6, -51, -11, -97, -41, 106, 38, 110, 4, 48, 31, 55, 60, 15, 51, -104, 30, -71, 78, -12, 54, 7, -124, -31, 123, 52, 70, -3, 105, 120, -118, 117, 68, -66, 127, 15, -67, 11, -111, 2, -56, -15, -18, 93, -24, 123, -8, -5, 119, 66, -88, -123, -102, 80, 25, 108, 16, 9, 18, -43, -19, 32, -46, 122, 114, 27, 4, -49, -125, -32, 31, -84, -44, 83, -61, 36, 19, -36, 65, -126, -5, -28, 73, 55, -114, -39, -82, -30, -2, -38, 45, -124, -72, 7, 98, -36, 51, -40, 99, -116, -66, -91, -50, -77, -35, -123, -66, -98, -66, -127, -127, -98, 65, -19, -37, -27, -43, -73, 43, -6, -63, 65, -113, 111, -4, 124, 121, -59, -65, -7, -17, -21, -21, 43, 28, -33, -82, -83, -120, -82, -1, -12, -45, -36, -16, -45, -115, -52, -47, 85, -13, 31, 110, -126, -33, 59, -88, -1, 48, -71, -99, -36, -42, 19, 107, -47, 14, -40, -93, -17, 52, -128, 27, 15, -32, -59, -127, 71, 56, -92, -123, -101, -125, -15, -54, -96, -43, -77, 56, 8, 30, 120, -16, -96, 88, -7, -29, 62, -1, 67, 106, -5, 68, -80, 2, -19, -96, -16, -103, -26, 66, 96, 113, 123, 105, -1, 101, 19, 45, -114, -98, -2, -91, 19, -33, -63, 66, 31, 72, 30, -24, -79, -1, 113, 69, -57, -59, -43, -27, -73, 75, 26, 87, -4, -116, 63, -28, 34, -2, 110, 30, -33, 46, 5, 20, -50, 104, 2, -116, -119, 80, -105, -8, 45, -41, -105, -104, -126, -64, -9, 104, 60, 41, -3, -91, -37, 73, -10, -80, -79, 14, -79, 75, 80, -37, -17, -124, -20, -99, 0, 11, 104, -76, -38, 109, -123, 27, 10, 66, 77, 2, -124, 56, -98, -16, 76, 116, 127, -2, -34, 104, 103, -72, 10, 45, 41, 44, -85, -83, -110, 100, 19, 44, -58, 96, -73, 43, 87, 42, 72, 43, -60, -102, 1, -42, 24, -3, -98, -109, -58, -63, 98, 31, 72, 30, -24, -77, -1, 33, 24, 47, 47, 44, -49, -105, 127, -88, 31, -11, 39, -65, 114, 101, -98, 126, -69, 104, -103, -122, 75, -103, 46, 62, -5, 6, -68, -79, 120, 42, -99, 74, 75, 8, -91, 115, -104, -104, 80, -95, 83, 52, 66, -72, -128, 9, -122, 1, 2, -94, 25, -118, 75, -94, 12, 35, 24, 80, 35, 72, 75, -62, -117, 3, 95, -2, 40, 23, -98, 54, -35, -49, -45, -90, -1, 25, -4, 1, 45, -21, 107, -113, 107, -65, 88, -32, -114, -98, -50, -15, 38, 86, 88, 104, 88, -84, -66, 113, -49, -103, -17, 96, -118, 72, 6, -53, 23, -105, 23, 24, -105, -105, 127, -29, -72, -32, -125, -50, 21, -38, 11, 126, -51, 2, -4, -78, -11, -113, -42, -15, -19, -54, 31, -118, -59, -110, 25, 90, -3, -28, 85, 19, 58, -74, -115, -48, -15, 123, 40, 16, -16, -109, 108, 40, 105, -48, 12, -84, 2, -43, 47, 3, -128, -127, -72, 125, -88, -5, 115, 71, 99, 94, 57, 32, -85, -111, 18, 65, -74, -110, 107, 106, -20, 18, -9, -82, 21, -53, 75, 22, -80, 50, 122, 123, -89, -42, 125, -115, -35, -87, -34, -2, -127, -95, -127, -98, 23, -116, 21, -57, 5, -3, 92, 94, -4, -83, 14, -116, -65, 121, 6, -16, -4, 119, -13, 61, 60, 7, 23, -58, 5, -53, 75, 64, 124, 29, -120, 80, -21, 43, -40, 77, -87, -91, 49, 30, -44, -113, 19, 10, -6, -55, 32, 16, -46, 43, 54, 1, 126, -83, -55, -85, -97, 13, 2, 105, -55, 53, 35, 14, 79, 13, 124, 121, 81, -19, 100, 43, 101, 65, 43, -44, 14, 90, -72, -75, -104, -89, -98, 30, 15, -75, 97, 22, 75, -75, -3, 126, 19, -83, 21, -14, 38, 32, 47, -10, 14, 12, 12, -11, -9, -68, -72, 48, 81, 90, -113, -5, 79, -1, -66, -1, -51, 52, 93, -105, -41, -95, 88, 34, -103, 1, 96, -54, -8, 24, 43, -99, 38, 1, -105, -56, -67, 38, 23, 71, 120, -56, 24, -121, -62, -102, -33, 24, -41, 10, 46, -88, 39, -56, -63, -96, 107, -72, -5, 11, 19, -4, -16, -111, 5, 45, -115, -57, 77, -80, 68, -83, 5, -17, -8, 118, -71, 82, -85, 20, -54, -107, -86, -121, -48, -10, 89, -48, 14, -16, 65, -112, 125, -101, 83, 64, 60, -44, -33, -3, -12, -1, -126, -9, -30, 43, 29, -112, -125, -85, 0, -9, 54, -25, 88, -125, 83, 10, 112, 50, 17, -125, -24, 6, 24, 101, 56, -52, 29, -18, 113, -50, 2, -75, -85, 43, 38, -107, 127, -127, 121, -79, 8, 56, -9, 7, 64, -80, -3, 99, -105, 37, -110, 26, 20, -77, 108, -27, -74, -37, -62, 45, 89, -88, -3, 42, -75, -98, 66, -113, 59, -57, 77, -92, 38, 90, 53, 22, 15, 76, -56, 79, -2, 16, 32, 116, -17, -14, -37, -126, -20, -85, 58, -91, -33, 95, 45, 72, -65, 42, -88, 114, 92, 92, 48, -63, 105, 46, 88, 40, -64, -44, -100, 66, 1, 85, 52, -6, -119, 34, 70, 61, -107, -110, -59, 36, 26, -102, -88, -127, -43, 63, -112, 57, -68, -14, -33, -52, 14, 117, 63, 88, 107, -52, 63, 52, 35, 41, 22, -28, 39, -9, 83, 75, 96, -15, -40, -82, -106, 75, -46, -42, -97, -33, 95, 106, -91, 22, 72, 21, -28, 94, 64, 110, -100, 109, 78, 0, 49, 88, -2, -93, 9, 65, -31, 54, -49, -66, -2, -35, -14, -73, 5, -24, -123, -96, -3, 74, -49, -105, 126, 104, -80, -98, 105, 2, 38, -63, -122, -71, 66, -32, 20, 79, -22, -76, -122, 116, -101, -69, -67, -67, -91, 125, 28, -44, 55, -85, 1, -27, -33, -58, 4, 27, 86, 0, -40, -81, 111, 6, -6, 31, -40, -22, -5, -113, -116, -80, 113, -48, -118, -106, -88, -19, 110, -15, -76, 108, -96, 60, 68, 110, -95, 84, -82, -42, 43, -98, 37, -49, -49, -36, -14, 0, -52, -127, 103, 6, -28, -31, -95, 62, -126, -84, 110, -32, -21, -123, -80, -55, -80, -66, 126, -3, -127, 75, 117, 52, -97, 24, -15, -59, 37, 73, 116, 50, 119, -53, 85, 12, -122, -53, -75, 27, 66, -50, -67, 87, 89, 105, 79, -56, -86, -94, -99, 22, -127, -92, 95, 19, -24, -65, 89, 35, 68, -92, 32, -43, 78, 38, 120, -10, -111, 10, 27, 57, -108, -6, -55, 36, -73, -64, 5, -34, 90, -123, 26, 84, -85, -66, -6, -99, -89, 9, -42, -118, 119, 8, 7, 32, -29, -31, 62, 106, -100, -71, -121, -122, -122, -121, 89, -80, 77, 78, 77, -116, 68, -17, -33, 63, -95, -75, -30, -3, -54, 120, -1, 38, -64, -119, 84, -114, 84, -104, 40, 22, -52, 105, -8, 40, 90, 19, -108, 1, -4, 73, 78, 10, 49, 13, 26, 47, -77, -124, -125, -2, 43, -13, 51, 104, -106, 47, -81, 6, -6, 31, -114, -7, -10, -107, -30, 118, 119, -33, 107, -110, 45, 113, 5, -58, 66, -91, 86, -83, -110, -4, 84, -21, -43, 90, 9, -90, -8, 39, 110, -23, 48, -58, -64, 51, -122, 60, -15, 108, 120, 120, -96, -17, -123, -128, 84, -88, 47, 12, 80, -65, -127, -8, -21, -59, -27, 117, 52, 6, -122, -103, 62, -106, 105, 122, 74, -13, 98, 47, 23, 51, 36, 19, -92, 124, -105, -126, 101, 93, -85, -35, -43, -86, -91, 124, 58, 30, 1, -49, -14, 17, 12, 121, 112, -88, -5, -31, -82, -49, -7, -120, 77, -14, -32, -67, -36, 42, -67, 53, -68, -19, 120, 87, -83, 90, -69, 43, 65, 77, 96, -89, 43, -107, -59, -34, 86, -76, 6, 92, 5, 121, 120, 104, -24, -39, -80, -5, -92, 113, -28, 30, 30, 126, -11, 10, -86, 108, -30, 83, 76, 55, -27, -10, -97, -15, 94, 92, 92, -123, 16, 102, 73, -97, 89, -38, 16, -24, 120, -108, 50, 64, 78, -3, 66, 60, 40, 1, 36, -44, 49, -51, 71, -93, 94, 43, -27, -12, 104, -48, 127, -95, 62, -26, -21, 31, 3, 3, 79, -99, -66, 125, 100, 119, 22, -109, -36, -13, 11, 110, -39, -1, -116, 119, -14, -18, -83, 90, -91, 88, -95, 45, 77, -27, -59, -2, 95, 80, -85, -16, 66, -106, -121, 1, -7, -84, -79, 57, -9, -20, -43, -56, -80, -51, -126, -48, -54, -16, -33, 63, 105, -15, -113, -120, -1, -66, -126, -43, 74, -25, 20, -63, -44, -86, -111, 72, 80, 106, 31, 106, -122, 83, 1, -61, 61, 33, -118, -42, 120, -21, -43, 93, 13, -50, 51, -105, -116, 6, 13, -106, 123, -104, -32, -105, 79, 90, -104, 29, 108, -47, 90, -109, 92, 113, -75, -21, 85, 25, -75, 26, 102, -81, 92, -19, -100, -6, 21, -73, -116, -106, 17, 99, 60, -101, 59, 104, 108, 14, -65, 26, 125, -43, 127, -47, -60, -5, -9, -123, -94, -5, 55, 24, 102, -65, 20, -116, 113, -40, -111, -31, 90, -92, 30, -109, 117, 94, 35, 112, -92, -64, -61, 0, -115, 20, 65, -83, 30, 114, -73, 67, 38, 25, 11, 5, -82, -24, -109, -2, 61, -48, -1, 104, -42, -73, -3, -8, -97, 76, -78, -128, 21, -72, 125, -3, 75, -43, -26, -88, -35, 117, -18, 46, -102, 88, -121, 90, -39, 53, -79, 14, -109, 44, -29, 113, 118, 54, -14, 106, 100, 116, -24, 41, 33, 54, -99, -50, -41, -65, -59, 72, -101, 56, 47, 126, -119, 24, 81, -10, 117, 56, -107, -47, 105, -3, -128, 2, 104, 42, -75, -126, 88, -107, 73, 94, 55, 49, 7, 105, -83, 59, -86, 21, 84, -41, 55, -11, 105, -91, 18, -120, -58, -82, 46, -103, -32, 39, -69, -11, -105, -113, 127, 80, 91, 43, -79, 42, -116, 82, -31, -59, 98, -71, -54, -5, -13, 4, -80, 111, -41, 66, -19, -64, -3, 104, 95, -47, 65, 99, -77, -31, -2, -97, -111, -71, 69, -19, 23, 58, -5, 15, 12, 43, -56, -80, -80, 1, 61, -91, -109, -79, -46, -71, -97, 61, 20, -72, 54, -79, 82, -126, 36, -128, 121, -91, 59, -82, 107, -78, -27, -112, 55, -31, -47, -82, -84, 8, 57, -87, 63, 64, -80, -85, -31, 121, -36, 26, 37, 91, -55, -3, 49, 108, -20, -92, -3, 91, 21, 37, -45, 85, -33, -55, -44, -49, -44, -74, 114, 43, 96, 105, -72, 27, -101, -81, 70, -26, -58, -17, -75, 82, -9, -52, -63, -59, -113, 12, -61, 110, 93, 5, -30, 122, 34, 41, -42, 42, 18, 13, 7, 40, 122, -26, 0, 58, -32, 15, 72, 46, 4, -68, -110, -31, -89, 52, -39, -117, -60, 59, 60, -13, -71, -76, 30, -61, -37, -81, 64, 112, 119, -25, -35, -53, 31, -20, 84, -33, -53, 22, 43, 101, 9, 27, 65, 48, -17, 7, 5, 102, -64, -83, 2, -15, -18, -113, 118, -54, -118, -42, 10, -9, -43, 115, 98, 120, -44, 61, 118, 33, -111, -98, 69, -122, -15, 7, 37, 72, 77, -12, -110, 11, 95, 52, -15, 26, -79, -42, 85, 48, 70, -28, -63, -43, -46, 10, -81, 104, 111, -96, 105, -82, -60, 98, -119, -111, -114, 105, 106, 39, 18, 111, -99, 44, 8, -30, -103, -95, -2, -57, 11, 32, -72, -119, -11, -27, -8, -126, 103, -67, -77, 115, 125, -41, 51, -34, -33, 18, 35, 115, 112, -47, 59, 69, 4, -45, 30, 83, 0, -82, 19, -59, -11, -113, -117, -49, 90, 77, -14, 125, 88, 95, -115, -48, 113, 118, 52, 50, 58, -73, -8, -11, 26, -23, 89, 32, -20, -73, 104, 45, 34, 123, 100, -58, 22, -106, -81, -3, 87, -56, 125, 47, -66, -2, -128, 24, 12, 7, 121, 91, 70, 44, 17, -89, -26, 110, -50, -5, -4, 42, 65, 34, -59, -91, -125, 109, 52, -41, -76, 10, -51, -99, 71, -91, 98, 1, 82, 29, 11, -115, 15, 117, -9, 116, 125, -20, 51, -47, -70, 60, -99, 39, 117, -8, 46, 28, 119, -107, -35, -123, 38, -67, 70, -108, -20, -87, -16, -2, 97, -34, -119, -23, 83, 90, -36, 74, -19, -112, 97, -91, 44, -128, 1, 22, -61, -35, 112, -113, -114, -70, 111, 0, 56, 16, 10, 2, -80, 69, 87, -81, -101, -116, 127, 85, 12, -29, 113, 97, -107, 125, -47, -31, -53, 80, 52, -60, 36, 70, 0, 43, -56, 74, -53, 58, -85, -100, -110, -111, -31, 51, -47, 90, 81, -19, 54, -109, -3, 26, -71, 76, 42, -47, 33, 4, 119, 43, 35, -11, 114, -1, -93, -81, -34, 32, -72, -11, 122, -19, -82, -114, 48, 121, -68, -73, 37, 72, -18, 93, -20, -94, -83, -60, 77, -64, -92, -59, -118, -30, 95, -56, -79, 96, -91, 49, 122, 118, 52, -6, 124, 110, 1, 22, 25, 104, -128, -48, -126, -27, 111, -119, 10, 44, -38, 124, -63, 1, -10, -113, -38, 126, 113, -7, 13, 48, 21, -101, -31, -80, 89, -106, 99, -84, 108, -85, -81, -82, 120, 6, 66, -95, 8, -84, 52, -73, 120, 23, 104, 31, 14, 65, -90, 78, -113, -87, -95, -98, -98, -93, -109, 62, -61, 70, -83, 3, -83, -49, -41, -16, -47, 115, -19, -82, 10, -56, 93, -117, 3, 83, -51, -72, -79, 119, 106, 87, -31, 101, -117, 5, -76, 53, 95, -51, 119, 54, -47, 34, -55, -61, -83, -52, 26, 120, 71, 73, -125, 71, 70, -35, 90, -45, 66, 93, 52, 25, -2, -55, 122, 53, 77, 85, -13, 21, -118, -125, -81, 35, -118, -52, -96, 81, -101, -109, 50, 22, 37, -7, 92, -38, 65, -10, 39, 117, -70, 104, 76, 83, -85, -2, -68, 73, -117, 77, -11, -38, 68, -1, -29, -91, -58, -126, -78, -56, 61, 75, -112, -27, 70, 3, -4, 54, -18, -22, 4, 7, 36, -5, 78, -96, -50, -51, -64, 98, -67, -52, -22, 11, -3, 5, -44, 120, -22, 116, 43, 0, 0, 32, 0, 73, 68, 65, 84, 42, -67, 9, -13, 115, 50, 113, -81, 73, -74, -94, 29, 25, 29, 121, 62, 119, 118, -12, 124, 116, 110, -31, -21, 61, 54, -7, 94, -85, -35, -126, 88, -123, -63, -112, 12, 49, 84, 4, -40, -84, 88, 49, -61, -124, 87, -86, 97, 44, -44, -92, -24, 26, 47, -126, -21, -68, 6, -98, -27, -116, 113, 81, 8, 86, 99, -4, 8, -36, 50, -67, 117, -124, 80, 117, -58, 92, -81, -106, 48, 51, 84, -88, 33, 95, -21, 41, 85, -108, 52, 3, 48, 38, 6, 81, 27, 105, -5, -36, -77, 127, 22, -27, -111, 81, 12, -125, -32, -81, 102, -78, 102, 70, -110, -65, -58, -5, 3, -21, -100, 47, -123, -40, 48, 51, -81, -86, -106, -61, 12, 95, -109, 25, -96, -110, 24, 11, 53, -65, -96, -42, -106, 100, 101, -123, -6, -46, -42, -121, -5, 123, -106, 26, -117, 61, -30, 126, -58, 59, 27, 24, 53, 86, -30, 58, 5, -35, -92, -54, -43, 74, 17, 90, -80, 79, 28, 79, 44, -18, 18, -73, 21, -27, -128, 73, -32, 73, 4, 124, -115, -6, -36, 80, 51, -74, 16, -80, 24, -81, 90, -32, -114, -114, 42, -126, -51, -104, 74, -14, -91, 11, 35, -56, 82, 122, 75, 114, -53, 105, 2, -67, -46, 58, -72, -102, -119, -20, 33, 20, 16, -108, -54, 33, -87, 50, 29, 1, -2, -58, -91, 81, 36, -8, 126, 63, -65, 71, -42, -106, 72, -12, -93, -108, 86, -90, -77, 32, -72, -1, -84, 75, -32, 18, -65, 24, 71, -99, 10, 42, -79, -36, -16, -127, -25, 34, -19, -37, 89, 95, -12, -20, 118, 49, -44, 10, 73, 51, -113, -86, 88, -13, 59, 18, -23, 95, -120, -78, 1, 86, 8, -98, 27, -103, 115, 127, -77, 22, 93, -51, -70, -77, 26, 82, 85, 108, 14, -14, 56, 42, -120, 50, -83, 111, 76, -113, 114, 102, 20, 84, 33, -91, -118, -81, -108, 2, -77, 14, 95, 11, -36, 80, 88, 51, 106, -16, -46, 22, -99, -16, 12, -11, -9, 120, 26, -117, 42, 39, -24, 108, -36, 53, 58, 75, 85, -104, 105, -78, 91, 36, -41, 96, -48, -41, 40, -25, 97, -92, -54, 21, 49, 81, 85, -47, 94, 98, -8, 14, 74, 92, -25, -71, 105, -20, -34, 39, -57, 45, 104, -119, 96, -33, 1, 8, -10, -56, 114, 22, -81, 7, 68, 112, 19, -31, -88, 49, 98, 42, 88, -8, 97, -56, -126, 2, 12, 51, -59, 83, -44, 11, -86, -89, -94, -68, -122, 64, -120, -91, 44, -53, -91, 92, -75, -96, -15, 77, -54, -80, 1, -75, -14, 16, 50, 22, 88, 104, 6, -62, -111, -87, -95, -66, -15, -6, -127, 42, -80, -18, -98, 45, 29, -99, 76, -19, 54, 36, -123, 100, -110, 33, -80, 13, 31, -103, 40, -58, -88, -98, -107, 113, 102, 27, 78, 111, -60, 123, 54, -1, 59, -36, -47, 81, 34, 120, 116, 115, -97, -9, 1, -86, 29, -128, 57, 85, 107, -53, 26, 69, 55, -29, 47, -18, 33, -109, -94, 6, -105, -84, 40, 102, 38, -71, 37, 87, -108, -54, 37, 66, -112, 80, 41, 84, 18, -83, -100, 112, -3, 77, -123, 126, 46, 58, 43, -72, 108, -50, -76, -96, -54, 26, 69, 62, 102, -121, -5, -5, -42, 125, 83, 18, 89, -84, 127, -100, -22, 63, 90, -17, -11, -80, 48, 43, -3, 37, -1, -92, 84, 22, -65, 106, 85, -95, 88, -96, -109, 9, -89, 55, 54, -18, 124, -66, 57, 67, 109, 127, 5, -106, 8, 110, -128, 96, -9, 65, 94, 54, 108, -2, 48, -14, -4, 80, 39, 100, 76, 121, -53, 47, 109, 8, -27, -82, -56, -104, -47, -77, 64, -119, 125, -70, -104, -119, -59, -12, 92, 33, -123, -128, 43, 112, 69, -31, -25, 5, -93, 101, 110, 21, -36, -112, 72, 64, 80, 51, -126, 17, -46, 21, -1, -51, -44, 64, -33, -72, -17, 64, -16, 46, -42, 23, 123, -5, 15, -42, 7, 22, 107, 68, 112, -125, -71, -93, 95, 53, -79, -55, 66, 111, -99, -28, -71, -103, 10, -45, -100, -32, 45, -115, -125, 31, -43, -10, 103, -72, -93, -49, 15, 124, 68, 112, 87, -79, -16, -13, 33, 15, -53, 60, 48, 102, 1, 76, -119, 62, -81, 48, 40, -31, -114, 70, 83, -7, -76, -98, -125, -77, -56, -59, 34, 97, -28, 62, -54, 38, 80, 121, -35, 72, -122, -125, -94, -75, -128, -83, 93, -5, 101, -75, 1, 97, -22, -43, -11, -53, -95, 94, 34, 88, 2, -57, -82, 93, -60, 22, 39, -66, -87, -87, 19, -126, -64, -79, 22, -85, 113, -91, 70, -122, -39, -56, 4, -85, -107, -6, -99, 50, -46, 53, -102, 19, 18, -7, -58, -35, -36, -85, 127, -28, 86, 17, -68, 73, 4, 23, 56, -54, -29, -3, -26, -22, 40, 24, 27, 56, -13, -110, -70, -26, 101, -69, -97, -120, 53, 11, 54, 37, 70, -70, -47, 116, 20, -115, -22, -7, 66, 17, -46, 85, 43, 0, 112, -112, -115, -107, -103, 31, 54, -21, 29, 108, 40, 96, -76, 100, 46, 100, 54, 102, -96, -63, 83, -66, -35, 94, -50, 8, 22, 79, -90, 122, 7, -90, -50, -50, -90, 6, 118, 27, 13, -79, 88, -124, -70, -50, 86, 74, -15, -118, 92, -95, -126, -72, -22, 14, -44, -118, 21, -9, -111, 77, 107, -8, 54, -17, 49, -55, 63, -115, -125, 51, -104, 104, 34, -104, -22, 15, 28, -38, -26, 121, 75, 54, 82, -13, 28, 71, -69, 121, 46, -80, 26, -3, -112, -68, -114, -110, 52, 87, -113, -46, -23, -52, 45, 111, 85, -49, 39, 99, 57, 118, -123, -11, 90, 73, -89, 92, -55, 79, 2, -85, 116, -76, 25, 67, -77, 39, 34, 29, 22, 81, 23, -5, 62, 62, -44, -37, -65, -37, -104, 18, -64, -69, -21, -120, 44, -90, 62, 30, -64, -39, -78, 115, 98, -27, -28, -64, -125, 51, 95, -94, -71, 90, -71, 3, -18, -6, -99, -49, 80, 113, 58, 105, 52, 0, -60, -118, -10, 31, 9, 62, -62, 109, 22, 75, -92, 11, 80, -107, -94, -124, -72, -64, -63, 90, 84, 19, -118, 111, -7, -32, 29, -114, 28, 6, 3, 37, -66, -69, 92, -87, 113, -60, -21, 43, 37, 98, -59, 42, -26, -4, 14, -1, -97, -114, 33, 27, -106, 5, -91, 0, -29, 53, -19, 85, 40, -84, -36, -106, 70, 62, 89, -100, 114, 112, 126, 106, -88, -97, 8, -26, 40, 121, -22, -128, -125, -57, 3, 42, 94, 76, 117, -35, 73, 60, 13, 3, -116, 120, 75, 12, 51, 3, -82, 114, -88, 89, -89, 66, 86, -19, -114, 117, 24, 83, 115, -16, -22, 87, 106, 107, 29, 71, 68, -16, 65, -93, -63, -97, -52, 67, 92, 1, -57, 105, 124, -91, 90, -88, 53, 84, 16, 47, 126, -126, 77, -124, -116, 106, -82, -128, 121, 47, 85, 74, -123, 116, 56, 24, 79, -60, 68, -74, 97, -76, 84, 8, 125, -19, 55, 50, -1, 22, -95, 6, -61, 70, 65, 0, -25, -82, 103, 48, 82, -66, 9, 9, 25, 23, -41, -27, -41, 34, 37, 61, -21, 117, -90, -114, 111, -59, -57, -90, 89, 12, 87, 69, 34, -115, -69, 59, 60, -86, -16, -62, 80, -32, 70, -29, -28, -65, -125, -59, 112, -125, -32, -25, -18, -77, -58, 79, -125, -51, -59, -35, -99, -81, 81, 77, -124, 110, 121, 26, 37, -74, 41, -55, 46, -12, -100, 116, -123, -58, -93, -86, -9, 8, 90, 27, 8, 6, -116, 16, -124, 104, 12, -16, -54, 96, 19, -84, 9, 56, 66, -51, 73, 26, -121, 97, -4, -9, -69, 33, 40, 110, 99, 83, -16, 14, 76, -87, 42, -51, 51, 90, 40, 112, 99, -86, 125, 13, 35, -38, 2, -99, -64, 92, -87, -107, -23, 62, -8, 18, -60, -70, -58, -36, 55, -32, -110, -36, -93, -65, 51, -114, -50, 70, 65, -16, -57, -86, -78, -15, 84, 127, 40, -105, 74, 2, -119, 48, -63, 18, -121, 3, 81, -18, -2, -116, 27, -4, 69, -92, -47, 40, -92, 58, 22, 40, 112, -96, 40, -123, -102, 21, 40, 25, -96, 45, 88, 9, -102, 0, -65, 33, -77, -51, 58, 45, 123, 38, 122, -77, 102, 86, 5, -112, -9, 67, -126, -49, -90, 122, -17, -87, -65, 77, 116, -78, -84, -118, 100, 113, 10, -31, 99, -127, -90, -96, -110, -76, -81, -58, 17, 88, -83, -126, 55, -43, 14, -26, -98, -1, 6, 94, -55, -5, -105, 8, 68, 88, 34, 31, -53, -115, 73, -29, -108, -84, 113, 82, -65, 88, 34, -114, -20, -122, -116, 21, 119, 54, 75, 110, -105, -114, -57, 18, 105, 24, -73, 114, 37, -105, -56, 86, 88, -101, -64, 69, 53, -81, 83, -51, -110, 76, 116, 32, -48, -70, -60, -81, 10, 32, -102, 25, 88, -74, 79, 12, 53, 9, 86, 88, 77, -60, -101, 62, -61, 49, -7, 40, -100, -82, -42, 68, -82, 57, -98, -124, 43, -82, -110, 117, -10, 85, 32, -48, 7, -101, 115, 35, -65, 67, -16, 9, 17, -68, 73, -20, -88, 38, 19, -90, 45, -54, -123, -74, 12, -19, -124, -124, -11, -46, 99, -73, 85, 49, 71, 119, 53, 83, 123, 89, -47, 49, -86, -59, 124, -71, -58, 107, 8, -103, 104, -110, -70, 74, 74, 5, 118, -43, 58, 85, 105, -51, -39, -77, 52, 52, 48, 72, 36, 15, -36, 80, 74, 7, 68, 120, -32, -24, -116, -41, 109, 25, -23, -128, -91, 38, -11, -52, -29, 51, -84, 75, -67, -10, -15, -52, -57, 49, -12, -99, -118, 41, -17, 56, -86, -28, 120, -61, -73, 57, -6, -4, -73, 4, 26, 4, 63, 31, -35, 60, -110, -16, -76, -58, -23, 22, -123, 49, 119, 76, -108, 82, -26, 122, 34, 92, 50, -12, -102, 45, 87, -67, 110, 40, 52, -92, 63, 111, 108, -65, 73, -124, 77, -23, -91, 74, 108, -116, 87, 29, -116, 64, 67, 69, 29, 84, -30, -45, -55, -87, 37, 117, 45, 110, 116, -51, 14, 13, -11, -30, 54, 126, 94, 23, -95, 68, -2, -103, -5, -20, -18, -29, 73, -99, 98, -118, 122, 109, 119, 110, -18, -120, -75, -104, 30, 119, 116, -109, 119, 108, -83, 112, 87, 7, -93, -65, 57, -50, 78, -32, -105, 14, 84, -86, 45, 62, -115, -83, 48, -4, -34, -99, -78, 83, -107, -37, 112, -128, -88, -69, -51, -25, -88, 95, -123, 23, 21, 18, 9, -23, -53, -119, 70, -62, 42, -27, 53, -56, 12, -119, 62, -45, 78, 36, 90, 11, 15, 27, 29, 88, 82, -114, 78, -92, 50, -7, 34, 66, 49, 88, 30, -115, 90, 93, -24, 67, -90, -122, -119, -32, -119, -127, 123, -106, -128, 104, -52, 45, -50, 109, -42, -31, 40, 62, -6, 26, -18, 87, -81, -36, 84, -100, 100, 114, -18, 84, -44, 1, 107, -123, -23, 112, -113, -116, -2, 46, -63, -56, -5, -69, 58, 37, 84, -28, -83, -23, 9, 93, 101, -26, 24, -1, 34, -119, 35, 15, 19, 106, 118, 83, -87, 64, -119, -101, 125, 35, 106, 61, 48, -54, -59, 89, -60, -43, -87, 12, -19, 34, 44, -105, -39, 93, -106, 115, 105, -34, -39, -82, -22, -107, -76, -79, 46, -103, -55, 21, 74, 84, -98, -16, -7, 8, 48, 53, -46, 26, 4, -1, -86, 110, -114, -57, 65, -93, -18, -98, 115, -5, -114, 70, 104, -71, -128, 40, 46, 83, -62, 127, 103, -60, -40, -11, -33, 38, 120, 4, 121, 63, 8, -10, 80, 14, 11, 80, 33, -71, -77, -96, 84, 83, 9, 86, 84, -106, -6, 34, -47, -124, -79, 29, 33, -109, -53, 113, -80, 73, 17, 118, 89, 18, 83, -106, 4, -6, -55, -22, 5, 62, 81, 74, 14, -15, 40, -27, -46, -16, 91, -46, 26, -84, -118, -46, 96, -98, -54, 27, -123, -94, -106, -112, -104, 116, 124, 120, 96, -24, -28, -28, 31, -105, 9, -26, 54, -111, -13, -51, 29, 80, -104, 60, 58, 119, 84, -91, 96, -25, 78, 34, 74, 54, 104, 28, 97, -3, 22, 96, 41, -20, 108, 110, 111, -61, -7, 80, 83, 2, 109, -108, -110, -80, -71, 64, 86, -73, 34, -90, -95, 94, -47, 99, 21, 85, 61, -84, 75, 108, -85, -30, -113, -122, -40, 45, 2, 87, -83, -108, 11, -79, -112, -50, -82, 25, -42, -100, 26, -46, 16, 100, 39, 37, -46, -114, -56, -26, 88, 35, -13, 37, 61, 78, 103, 52, 122, 45, 22, 107, 31, -122, -77, 109, -72, -1, 113, 81, 100, 24, -39, -113, -103, 0, -71, 37, -80, 52, 111, -127, -36, -42, -26, -13, -33, -43, 96, 34, -8, 64, -59, -33, 62, -79, 83, 10, -111, 37, 2, -87, 69, 67, 37, -118, 117, -22, -110, 116, 87, -56, 75, -33, -46, -18, 42, -22, 104, -25, 69, 66, -23, -77, -5, 33, -62, 80, -3, -34, 9, 93, -75, -88, -47, 18, 12, 57, -23, 44, -15, 91, -86, 104, -36, -3, 31, -101, 26, 30, -102, 56, 59, 106, 85, -37, -5, -106, 9, -52, 32, 121, -114, 2, -22, -102, 4, 96, 116, 115, -120, 57, 62, -2, 23, -126, 57, -36, -92, 39, -55, -5, -49, -52, 120, 81, 4, -111, -93, -73, 74, -91, 92, -92, 5, -127, 2, -76, 59, 25, 12, -60, 1, 44, -95, -126, 14, -87, -52, 4, -115, -78, -77, 17, 84, -48, -17, 48, 53, 66, 83, 23, 75, -110, 55, 32, 81, -3, -87, 88, -86, 24, 62, -28, -82, -54, -97, 92, -106, -100, -114, -74, 0, -92, -110, 75, 67, -61, 3, -112, -77, 103, -106, -107, -37, 87, -65, 40, 37, -85, -100, -64, -51, -117, 72, -52, -56, 1, -84, 45, -119, -32, -63, 63, -72, 36, 1, 43, 99, -18, 12, -17, 116, -17, -26, 100, -59, -98, 87, -124, -12, -124, 105, -80, -102, -31, 20, -75, 89, 25, -2, 37, -52, 47, 112, -37, 66, -126, -8, 74, 75, -12, -111, -91, 82, 107, 34, -106, 45, 80, 43, 13, -100, -107, 37, 111, 19, 109, -106, -104, -76, 88, -32, -73, -14, -58, 29, -83, -120, 84, 51, -69, 72, 4, 31, 16, -65, -61, -1, -116, -42, 12, -110, 55, -21, -56, -124, -17, 26, -48, -36, -109, -71, -47, 3, 114, 76, -66, -118, 123, -50, 72, -124, 126, 66, 107, 25, 92, -71, 27, 117, 127, 15, 69, -91, 83, 59, 34, 86, 87, 109, -88, -119, -57, 121, 81, -116, -37, 82, -62, -63, -12, 45, -41, 1, 40, 61, -86, -103, 117, 51, -55, 33, -108, 120, -44, -18, -112, 19, -26, 72, 40, 74, 69, -78, -44, -108, 77, -53, 70, -62, 116, 115, -25, -118, 10, 53, 56, 28, -43, -56, -119, -81, -61, -45, 50, -63, 63, -93, -3, 65, -110, -51, -79, 75, 6, -125, 114, -33, -93, 57, 64, -72, -93, -81, -82, 84, 119, -25, -98, -113, 0, -84, -37, 109, 69, 60, -46, 58, -88, -80, 51, 2, -126, -63, 77, 54, -117, -84, 62, 79, 9, -95, 89, -40, -90, -128, 92, 42, -122, 72, 30, -94, -31, -86, 53, -85, 80, -63, 22, 7, 61, 16, 80, 67, -91, -11, 80, -128, 5, -98, 5, 35, 26, 54, 122, -125, -43, 118, -107, 8, -75, -89, 113, -125, 127, -100, -75, 58, 69, 61, 30, 53, 55, 19, -4, -20, -25, -70, -7, -81, 107, 82, 32, -75, 90, -35, 116, -97, 29, -79, -30, 82, 22, 80, -56, -105, -85, -99, -18, -51, -125, -125, 38, -36, 22, 106, -43, -44, -67, 58, -16, 33, -40, -34, -108, -40, -87, -47, 98, -91, 26, 102, -51, -97, -87, 43, -124, 66, -123, 42, 117, -70, -27, 11, -118, 50, -39, 93, -107, 48, 89, 83, -47, 71, 80, 34, 16, -23, 92, 49, -111, 65, 99, -78, -94, -49, 20, -108, 33, -93, 102, 23, 80, -45, 48, 115, 7, 67, 68, 48, 45, 21, -68, -6, 13, 110, -107, 72, -5, -18, 10, -101, 77, -31, 29, 113, -69, -9, -55, 75, -106, -85, 8, -60, 70, -108, -50, 90, -32, -46, -89, -55, 64, -34, 15, -127, 62, 48, -61, -60, 50, 32, -107, -117, -78, 32, 15, -13, -101, -31, -10, 42, -10, -108, 72, -27, 67, 70, 111, -118, 57, -92, -96, 27, -119, 124, 98, 79, 77, 33, 21, 72, 101, 127, 77, 118, 24, -102, 92, -82, 26, 78, -70, 94, 87, 113, 120, 77, -44, -8, -106, 68, 61, -81, 65, 60, -26, -128, -12, -28, -24, -107, 117, -76, 112, 123, 111, -84, 116, 4, 96, -106, -119, -128, 45, 114, 119, -26, -13, -59, 46, 55, 76, -41, -100, 123, 14, 15, 11, -75, -106, 65, 4, -49, -71, -93, 9, -107, -11, -87, 26, -77, 21, -104, -71, -122, 13, -13, 27, 97, 83, 21, -27, 13, 39, 100, -87, -78, -68, 2, 86, 20, 119, -115, 9, 43, 23, -118, -71, 88, 36, 73, 38, -85, 90, 45, 85, 8, 95, 93, 66, -45, 10, -83, -15, 23, -72, 78, 66, -115, -59, -26, -58, 44, -83, 80, -40, 69, 28, 5, -59, 26, 30, -74, 50, -5, 95, 107, 82, 115, -9, 4, 80, -69, -48, -86, 93, -73, 103, -73, -77, -48, -71, -71, 62, -9, 35, -38, 97, 69, -16, -85, 17, 119, 59, -89, 70, 17, 101, -89, 56, 3, 100, 57, 76, -90, -88, 87, -16, -106, -125, -86, 82, 46, 24, 82, 33, 20, 39, 75, 108, -88, -22, 70, -119, 92, 28, 56, -7, -78, -37, 104, 56, 33, 105, 35, -73, 13, -89, 83, 105, 54, -4, -78, 15, 64, 77, 104, -76, 25, -117, 106, -43, 10, -30, -89, 97, 55, 23, 86, 127, 101, -110, -17, 119, 52, -9, -15, -18, -18, 44, -108, 74, 93, 110, -104, -83, 87, 86, -80, -51, 101, -45, -125, 51, 34, 56, -108, 45, -14, -38, 69, 69, 25, 42, 1, 96, 56, 117, 53, 74, 65, 54, 90, 82, -30, 17, 39, 83, -87, 24, 53, 2, 105, -10, -25, -19, -96, 36, 18, 1, 99, 117, 56, -46, 68, -121, -56, 4, -45, -104, 76, 38, 19, -28, -53, 56, -12, -128, 34, -61, 104, 33, -125, 125, 53, 114, 116, 54, -9, -93, -42, -114, -116, -2, 127, 13, -46, -36, -111, 87, 115, -18, -35, 98, -41, 28, 43, -123, -127, -41, -78, 74, 12, 73, -38, -4, -97, 17, -9, 76, -88, -8, 99, 89, 71, -42, -92, 72, -19, -56, 119, -106, -53, -64, -107, 10, 4, -45, 34, -114, 122, 115, 103, 100, -60, 92, 0, 54, -46, 33, 85, 116, -90, -59, -79, 104, 76, 112, 81, -75, -113, 5, -97, -69, 57, 88, -78, -13, 114, 9, -111, 86, -67, 126, -28, 126, 78, -51, 67, 7, -93, -81, 126, -113, -37, 127, -114, 45, -128, -57, 61, 49, 98, 96, 85, 104, -87, -45, -112, 35, -102, -93, -77, -47, 87, 115, -117, 87, -127, 20, 89, -72, 91, -93, -74, -82, -40, 50, -99, 102, 88, -46, 59, -93, 35, -59, 52, 86, -90, 18, 112, -49, 14, 73, 49, -2, 49, 30, -118, 102, -91, 63, -8, 54, -81, 44, 22, -107, -41, 36, 28, 45, -105, 25, 47, -23, -79, 106, 47, -43, -54, -91, 35, -40, -105, 87, -93, 7, -115, 35, 55, -13, 59, -6, -65, -127, 107, -79, -56, 76, -82, -96, 125, 70, -125, -63, -54, 120, 70, 45, 74, -93, -18, -10, -128, 63, 96, 105, 52, 97, -82, 66, -58, 95, -68, -104, 38, -86, 13, -62, 96, 123, 105, -75, -23, 86, 42, -41, -27, 102, -95, 64, -91, -91, -128, -105, -117, -60, 10, 37, -82, -120, 81, -72, -59, -99, 42, 82, -5, -112, -60, 83, 60, 89, -62, -40, -31, 18, -47, -16, -114, -125, -51, 81, 64, 117, -97, 53, 14, -36, 35, -49, 71, 71, -1, 47, 104, -101, 122, 59, 76, -99, -108, -101, 71, 71, 7, -61, -106, -4, -6, -24, -116, -110, -82, 40, 84, -114, -118, 57, -80, 83, -46, -45, -84, 108, 47, -33, 119, 69, -43, -115, -22, -11, 66, 52, 89, -13, -75, -56, -67, 17, 123, 75, 120, -52, 102, 56, -105, -43, 67, -95, 56, -17, 13, -27, -51, -95, -51, 109, -79, 28, -75, 97, 36, -40, 27, -60, -71, 44, -106, 66, -32, 65, 73, -27, -47, 1, -100, -55, -56, -36, -26, 25, -30, -90, -25, -1, 123, -80, 35, 45, 70, -22, -39, -36, 9, -35, -26, -39, -112, 106, -110, 30, -32, 124, 108, 120, -60, -67, 31, 11, -123, 51, 92, -9, -13, 73, 72, 117, -1, -16, 21, 66, -47, -102, 68, -113, 108, -83, -54, 5, 41, -45, 82, 4, -50, -59, 15, -50, -29, 67, 82, -124, 20, -79, -113, -120, -83, 34, 70, 101, 117, 66, 26, -1, 65, 52, -103, 111, -98, -42, -110, -58, -27, -19, -77, -77, -125, -71, -47, -25, -49, -25, 54, -111, -60, -49, -3, 62, -53, 63, 70, 82, 38, -75, -124, -41, 77, 75, 46, -80, -41, 70, 23, -30, 0, 8, 62, 1, -63, -69, 93, -87, 120, -68, -48, 116, 47, 34, -104, 106, -35, -107, 58, -28, 96, -120, 111, 41, -64, -41, -125, 72, 116, -45, -110, 47, -59, 99, -15, -26, -6, 48, 49, 9, 68, 92, -94, -118, -47, -34, -107, 96, 56, -90, -45, 30, -17, 100, 70, -68, 52, 55, 38, -15, 110, 34, 37, -31, 38, -24, 116, 86, -109, -78, -16, -55, -57, 19, -126, 60, 34, -112, -97, -1, -66, -115, -6, -127, 90, -26, -42, 61, 1, 117, 93, 68, -104, 77, 53, -3, -34, 94, -77, -5, 5, 4, 63, 27, -39, -36, -81, -108, -14, -79, 24, -103, 28, 78, -105, 100, -51, 72, -6, 96, -55, 28, 39, 18, 102, -26, 20, 50, -105, -58, -103, 55, 105, -21, 87, 86, 88, -43, 63, 48, -46, 72, -120, -61, 41, -18, -114, -67, -107, 2, 2, -93, 44, 22, -116, -11, 70, 86, 101, -35, -120, 60, 52, 86, 119, -52, 107, -7, -24, 104, -109, 33, 31, -80, -93, 122, -2, -5, 112, 45, 106, 75, 6, 121, -30, -84, -79, -7, 108, 104, 0, 57, -29, 4, 53, 53, 13, -71, -41, -43, 46, -128, -95, -77, 19, -8, 37, -49, -10, 93, -67, 18, -14, -121, 35, -20, 40, 69, -51, 120, -81, 50, -128, 38, -30, -58, -33, -12, 20, 13, -124, 57, 44, -106, -115, 87, -100, 108, -16, -46, -102, -84, -81, -91, -91, -82, 7, -114, 41, 33, -90, 84, 56, 35, -67, -16, -22, 5, -43, -84, 67, 19, 104, -24, 51, -49, -93, 48, 44, -21, -97, 31, 13, -56, -112, -59, -71, -25, -65, -53, -19, -120, -23, -128, -40, 34, 15, 15, -99, 53, 78, -96, -80, -112, 20, 90, -116, 59, -126, -118, 46, 82, 35, -37, -64, -128, 7, 4, -65, 114, 127, -41, -117, 57, 61, 16, -96, 2, 52, -105, 36, 84, 116, -44, 50, 50, 28, 84, -57, -125, 81, 93, -54, -18, -58, 10, 98, -122, 125, -78, 110, -20, 49, 76, 80, -64, 45, 49, -88, -39, -12, 110, -56, 3, 65, -28, -24, -115, 65, -57, -108, 110, -61, -99, 105, 117, 94, 35, -95, -18, 27, 40, -45, -39, 9, 32, -113, 80, 1, -11, -20, 87, 44, 91, 29, -112, -59, 34, 67, 111, 39, -114, 14, 38, -98, 13, 13, 13, 108, 18, -60, 9, 6, -36, 59, 69, -26, 103, -73, -105, -5, -10, -50, -114, -98, 13, -49, -19, -90, -78, -55, -32, -75, 63, -102, -108, 37, 4, -39, 112, 34, 96, 4, 90, 54, -93, -104, 76, -59, -62, 9, -75, -53, 44, -83, -70, -5, -109, -58, -98, 13, 99, 121, 56, -52, 48, -87, -7, 78, -92, 63, 30, 79, -24, -51, -83, 29, 106, 83, 30, -26, -122, -33, -50, 67, -41, -32, -45, -56, -83, 25, -82, -19, 76, 88, 118, 51, -28, -33, -127, 43, -79, -123, 27, 25, -26, 43, 42, 107, -15, -6, 20, -83, 95, -100, 53, -50, -72, -115, 96, -4, -84, -15, -111, -41, -41, 55, 27, -117, -49, 38, 16, 122, -26, -11, -21, 75, 127, 76, 82, 1, 54, -94, 89, -58, -104, -109, 0, -119, 15, -18, 110, -56, -24, -119, 116, -42, 28, -58, 26, -79, -20, 91, 17, 117, -113, 71, -125, 126, 63, 67, 5, -16, 104, 50, 35, -94, -111, 50, 68, -39, -44, -112, 56, -101, -68, 40, 111, -125, 8, 107, -92, -64, -107, 82, 69, -11, -1, 98, -100, 28, 33, -19, 67, -118, 78, 123, 78, 126, -123, -74, -55, -19, 43, -40, -28, 9, 36, -105, -115, 9, 82, 91, 24, 102, -9, 64, 47, 100, -70, -73, 119, -73, -47, -16, -12, -11, -10, -11, -11, -32, 100, -79, 15, 20, -41, 15, -120, 96, 100, 106, -23, -32, 117, 48, -102, 20, -25, -101, -105, 117, 95, 73, -35, -116, 14, 22, -7, 51, 99, 108, 55, -54, 48, 94, 74, 111, -115, -91, -15, 76, 58, 41, 61, 0, -47, 0, -57, 48, 76, 114, 40, 6, -45, 36, 123, 89, 34, -26, -10, -32, 80, 75, -3, -117, 86, 94, -76, 82, -21, 32, -4, 39, -120, -67, -98, 35, -59, 109, -123, 108, -62, 109, 53, 82, 19, 72, 7, 8, -80, -101, -84, 48, 119, 117, 45, -30, -81, -87, 62, -16, -36, -96, -51, 75, 30, 76, -62, 120, 95, 95, -17, 122, 99, 113, -24, -43, 102, 23, 60, -22, -83, 14, -39, -53, -15, -46, -73, -72, -116, -106, 86, -99, 108, 70, 73, 117, -122, -49, 126, 24, -122, 105, 79, -55, 70, -46, 68, 76, 22, 25, -72, 123, -57, 31, 50, -5, 115, -116, 109, -108, -36, -29, 69, -3, 13, -68, -31, -104, -73, -35, 105, -46, 73, 91, 50, 2, 109, -86, -75, 124, -4, 120, 6, -56, -93, -76, 62, 111, 66, 110, -62, 53, 68, 25, 122, -5, 108, 120, 8, 88, -59, 68, 29, -63, 14, 55, 26, 39, -60, -14, 71, 34, -73, -49, -45, -112, 106, 117, -29, 104, -68, -89, -65, 111, -22, -20, -32, -39, -77, -71, 93, -18, -25, 0, 123, 89, 9, -25, -83, 48, -107, 26, 27, -50, 42, -83, 92, -106, -20, -83, 83, 118, -73, -23, -71, 12, 89, 85, -99, 91, -95, -128, -97, -31, -47, -58, 113, -58, 101, -39, -106, -119, -95, -74, 127, 81, 51, -82, 38, -77, 123, -101, -67, 85, -3, 4, 72, 40, 106, 53, -122, 60, 74, 44, 35, -8, 114, 91, -16, 90, 114, -126, -71, 77, -40, -88, 103, -28, -124, 0, -11, -88, -47, -128, 11, -126, -30, -9, 47, -14, 26, -9, 65, 95, 95, -33, -46, 71, -126, 124, -76, 64, -51, -12, 125, -69, -115, -119, -127, -119, -51, 44, 53, 112, -36, -118, 115, 52, -40, 82, 123, 125, -107, 65, -46, 19, 10, -110, -46, 65, 107, 47, 90, 84, -87, -95, -79, -32, -55, 123, -110, -88, 8, 72, 37, -64, -96, -97, 118, 77, -86, -115, -56, -83, -3, -74, -36, 88, 111, 108, 78, -42, -102, -114, 47, 65, 38, 14, 115, 79, 5, -64, 82, -79, -21, -24, -128, 89, -90, 120, 19, 33, 118, 11, 94, -10, -73, 16, -36, -122, -101, 44, 20, -36, 109, 47, -92, -39, -45, -37, -21, 97, 117, 37, 106, 27, -29, -44, -115, 59, -66, -32, 122, -7, -104, -37, -82, -57, 125, 7, 3, -61, 115, -37, 25, -18, -62, 97, -105, 98, -96, 49, 75, 30, 6, 10, 115, 4, 101, -47, -128, -41, -21, -101, -85, 102, 106, 27, 67, 115, 15, -80, 52, 6, 71, 104, 111, -76, -76, 43, -103, -37, -85, -101, -101, -84, 47, -102, -5, -52, -75, -106, 122, 81, 52, -98, 76, 27, -10, -78, -77, 64, 33, -74, 9, 121, -76, 21, -18, -48, -77, 1, -22, 87, -40, 60, 106, 28, -63, -35, -10, 79, 17, -87, -67, -29, 112, 65, 96, -13, 37, -20, -44, 18, 53, -45, 63, -18, 121, -84, -74, 75, -20, -6, -90, -122, 38, -36, 107, -118, -71, 68, -92, -75, 80, 101, -10, -22, -53, -6, -110, 90, 48, 83, -57, 39, -6, -119, -74, -114, -120, -79, -88, -52, -51, -107, -36, 14, 29, -108, 46, 60, 115, -117, -84, 58, 84, -1, -26, 55, -43, -61, 121, 117, -91, 53, 59, 55, 41, 36, -107, 60, 83, -42, 37, -54, 21, -60, -101, 6, 100, 36, 82, -1, 67, -38, -85, -32, -46, -24, -99, 32, -123, 5, -53, -76, -9, -5, -88, -31, -21, -17, -21, -125, 76, -45, 70, -97, -98, -15, -82, 69, -34, 32, 98, -20, -71, 29, -121, -36, 15, -51, -83, 37, 19, -46, -89, -100, -119, 71, -56, -103, 124, -30, 44, 38, 30, -109, -91, 91, -119, 48, -59, -23, -78, -71, -54, 90, 71, -114, 121, -56, -26, -78, -58, -122, 81, 54, -41, 105, 106, -10, 8, 7, -82, 47, 46, -91, -89, -61, 47, -83, -89, 102, -121, -22, -73, -53, 107, 106, 62, -4, -42, -20, 79, -11, 107, 70, 19, -21, 117, 32, 20, -119, -87, 120, -107, -105, -32, 75, 8, -25, 75, -73, 7, 8, -79, 71, 85, 86, -95, -8, 85, -67, 1, 20, 55, -110, 88, -81, -9, 2, 113, -33, 58, 73, 51, 25, 42, 23, 115, -6, -72, 123, -80, -57, -40, -59, -121, 63, 65, 48, 105, 112, 78, 90, -78, 10, -59, 60, 57, 95, -15, 70, 100, -69, -72, 47, -87, -96, -98, 45, -67, -121, -123, -42, 118, -68, 98, 30, -121, -100, 21, -91, 121, -83, -64, -2, 58, 30, -94, -90, -70, -21, -128, -79, -4, 77, 77, 30, -86, 7, -73, -39, 116, 27, -112, 86, -106, -96, 6, -69, -10, -115, -23, 13, 81, -122, -102, -44, 37, 60, 39, -68, -43, 74, 49, -101, -54, 66, -105, -25, -88, 117, -99, 33, 15, -73, -32, 101, 51, 69, 86, -104, 26, -85, 33, -51, 96, -46, 119, -74, -64, -60, 118, -9, 116, 55, 55, 104, 18, -63, -120, -87, -9, 121, -93, 0, 28, 1, -17, 25, -94, -12, -105, -5, -78, 40, 13, 46, 25, 110, -62, 116, -115, -58, 89, -13, 111, 89, 31, -110, -56, -65, 44, -69, 104, -54, 92, -65, -55, 101, 18, 33, -23, 69, -109, 40, -109, -70, 40, 66, -86, -79, -89, -71, -75, -123, 43, 38, -48, 5, 77, -92, -103, -10, 49, 69, 37, 35, -31, -75, 88, -38, 49, 73, -99, 112, 48, -36, -92, -53, -110, 72, 53, -112, 68, 62, 27, 110, -62, -19, 39, -43, 69, -46, -21, -93, 118, -14, -109, 70, -67, -81, -89, -25, 37, -93, 5, 74, -13, 32, -122, 15, -22, 3, 32, -72, 84, -27, -51, 92, -78, 100, 70, -11, 11, -18, -38, 41, -45, 111, 5, 81, -112, 96, 74, 32, 91, 69, 69, 50, -91, 69, 37, -60, -127, -78, 114, 84, -91, -94, 7, -81, -117, -43, 84, -117, 54, -34, -103, -49, -22, 81, -43, -10, -49, 125, -33, 108, -41, -87, -101, 71, -86, -13, 81, -117, 5, -120, -59, -92, 79, -117, -51, -100, -44, -20, -71, -98, 13, -33, 84, 46, -26, 104, 79, 0, 4, -83, 80, -112, 68, -22, 57, 18, -87, -77, 77, 10, -105, -121, 4, 110, 63, -52, -14, 89, -1, 18, 34, -54, -125, -105, 61, -98, 35, -78, 83, 44, -59, -12, -12, 68, 13, -6, 107, 1, 98, 15, -126, -71, 70, -63, 53, 24, 38, -105, -100, 63, 62, 92, -70, -81, 84, 76, -103, -53, 87, -22, -75, 114, 54, 87, -13, -43, -14, 18, 52, -109, 73, 79, -25, 74, 8, -11, 115, -73, 85, -97, -81, -86, -62, 65, -34, 32, 122, -57, -117, 76, 119, -43, 114, 49, -101, -92, 110, 98, 30, 82, 4, -120, 113, 37, 63, 100, -20, -48, 2, 48, -22, 48, -96, -63, 125, 90, -46, -63, -124, 119, 73, -3, 62, -49, -9, -110, 75, -89, 85, -20, 7, -43, 58, 66, 86, 49, -14, 63, -110, 72, 77, 8, -65, -124, -8, -92, -79, 14, -105, 115, -46, -16, 1, 108, -9, -29, 30, 99, -21, -19, -29, -63, 39, -26, 1, -122, -113, -50, -120, 96, 90, -15, 98, 47, 124, 43, -101, -44, -13, -91, 114, 33, -99, 66, 62, -101, 73, -57, -28, -106, -30, -120, -64, -78, -66, 70, 37, 22, 46, 52, 124, -7, -112, -79, -36, 27, 8, 69, 83, 53, 95, 53, 17, -51, -7, -22, 85, -39, 72, 71, -112, 107, -78, -73, -126, -6, 120, 72, -9, 18, -79, 8, 119, 57, -124, -51, 10, 52, -100, -74, -79, -14, 72, -58, 73, -25, -123, 74, 93, 11, 89, -105, 100, -72, 118, 75, -10, 32, -105, -42, 83, -44, 56, 65, 27, 18, 83, -68, 72, -45, 121, 68, -27, -36, 87, -100, 72, 77, 40, -126, -95, -72, -112, -26, -57, 125, -82, 62, 54, -56, 74, 103, -97, -68, 32, 106, 31, -15, 1, -118, 105, 15, -44, -64, -112, 123, 13, -90, 87, -105, 96, -126, 82, -4, 68, 92, 71, 108, 28, -113, -63, 98, -57, -30, 92, 79, -58, 93, -122, 2, -63, 68, -83, 81, 9, 7, -78, -66, -6, 109, 64, -38, 94, -3, -2, -85, -21, 80, -68, 82, -81, -60, 2, -23, -38, 93, 33, -111, -29, 114, 70, -71, 36, 109, 15, -36, 14, 80, -85, -15, -98, -70, 40, 123, -87, -96, 10, 69, -116, 5, 101, -39, -63, 21, -115, -117, -1, 73, -91, 52, -93, -16, 73, -67, 7, 89, -15, -64, 57, -92, 102, -47, -104, 78, 107, -53, -71, 76, -110, 107, 99, -128, -97, -38, 61, -40, 36, 67, 13, -56, 31, 55, 7, 122, -127, 24, -31, 19, 111, 111, -22, -23, 22, -59, 37, 73, 30, 84, 96, 95, 60, -30, -15, -94, -5, 69, -49, -47, 9, 8, -10, -80, 3, -118, -58, -116, -59, 46, -62, -114, 88, 24, -33, -117, 11, -122, -126, -59, -125, -127, 24, 0, 71, -4, 89, -97, 15, -128, 41, -128, -72, -70, 6, -32, 96, -84, 116, 87, -118, 5, 83, -75, -69, 92, 84, -105, -27, -18, -110, -120, 53, 119, -105, -44, -18, 42, 92, -51, 83, -51, 0, 65, -43, -42, 38, 11, -51, -116, 90, 26, -64, -88, 25, 32, -83, 73, 77, -127, 76, 51, 123, -69, 108, 38, -107, -124, 107, -125, -117, -46, -23, 74, -102, 69, 37, 20, 22, 25, -39, -34, 117, -49, -67, 122, 54, -116, 16, -5, -60, -35, 15, 103, -76, -69, 62, -34, 35, -18, 86, -103, 41, 66, 59, 40, 80, 31, 61, -59, 1, -118, 31, 47, 33, 59, 30, 114, -65, 51, 98, 41, -22, 100, -111, -51, -22, -106, 82, -70, 116, -112, 5, -111, -3, -60, -86, -115, 114, 56, -112, 97, -122, 17, 50, 93, 94, 82, 22, 0, -64, 53, 6, 92, -69, -115, 38, -72, 102, 91, -108, -6, 38, 9, 117, -125, 122, 34, -72, 126, -103, -116, -123, -91, -97, 35, 36, -11, 107, 99, -99, 69, 85, 126, -119, -73, 100, 74, -109, -68, -101, -96, -110, 55, -89, -78, 88, -124, 119, -72, 0, 47, -119, 51, 28, 59, -83, -60, 71, 98, 92, 93, -104, 95, 3, -28, -31, 103, 67, -18, -109, -58, -55, 98, 127, 31, 7, 25, 24, 108, -88, -40, 70, -67, 120, -94, -96, 2, -20, 67, 16, 12, 29, 62, 57, -23, 31, -104, 88, 48, -9, -14, -46, -61, 127, 109, -124, -123, -22, -110, -118, 124, -30, 0, 92, -13, -107, 0, -72, -82, 24, 110, 1, -100, -82, -34, -27, -29, 41, -78, -92, -52, 49, 108, -11, 29, 23, 62, 9, 48, 44, 31, 114, 18, -36, 60, 19, -85, -106, 90, 84, 126, 17, -73, 84, -1, 116, 77, -27, -94, 82, 100, -96, -51, 4, 36, 91, -70, -108, -54, -78, 105, 8, 28, 9, 10, 21, -115, 18, -79, 48, -120, -104, 1, -28, 87, 22, -56, 108, -103, 7, -55, 42, -109, -119, 18, 102, 31, 61, 124, -120, -121, 48, -84, 8, -10, 95, -1, -58, 8, 32, 5, 32, -122, 35, -60, 112, -114, 24, -2, 122, 121, -63, -128, -29, 12, 56, 3, 101, -91, -128, -53, -88, 97, 83, 47, 47, -105, 61, -17, -86, -86, 54, -103, 77, -85, 5, 12, -82, -109, -59, 19, -26, 80, 85, 79, 32, -42, -92, -74, -105, 85, 13, 98, -36, -10, -109, 98, -19, -91, -108, -122, 8, -114, -112, -99, 68, 16, 22, -113, 113, 123, -3, -73, -101, -75, 77, -9, -85, 103, 3, 19, -108, 72, 45, 50, 98, 49, 85, 79, 20, 92, -96, 125, -6, -112, 14, -100, 60, 122, 108, -5, 120, 68, 4, 115, -36, 115, 101, 57, -84, -89, -58, 75, -2, 40, 1, -10, -107, -94, 6, -61, 0, 124, -43, 4, 28, 2, -61, -107, 2, -35, 24, -64, 21, -91, -79, -82, 38, 85, -34, 74, 73, 86, 27, 104, 11, -120, 53, -31, 106, 2, 86, -87, 10, -36, 82, 94, 21, 25, 84, 45, 80, 109, 67, 36, -34, 105, -51, 29, -128, -87, -89, 13, 89, 5, 76, -117, 106, 83, -67, 10, 16, -53, -128, -20, 57, 107, 116, 77, -119, -13, 21, -35, 37, 114, 5, 42, -58, 83, -32, 125, -14, -56, 67, 4, 47, -50, -4, 4, -8, 30, -68, -41, 1, 2, 92, -15, 85, 34, -127, 116, -67, -98, 11, 50, -61, 16, -23, 75, -65, 9, -72, 86, 45, -56, -86, 24, -55, 116, -39, -40, 88, 114, 87, -83, -16, 2, -46, -83, -108, 100, -115, 114, 101, -36, -70, 12, 97, -86, -76, -90, -48, -3, 52, 104, -78, -46, 44, -30, 112, 103, -111, 24, 87, -7, 67, 12, 24, -9, 48, -77, -67, -23, 30, 126, 54, 48, -76, -114, -84, 98, 92, 116, -104, 9, 38, 114, 25, 43, -61, 126, 10, -126, -49, 58, -5, 7, 22, 23, -108, -52, 90, -24, -67, 110, -35, 114, 102, 101, -72, 28, 37, -64, 89, 98, -8, -17, 11, 126, 103, -120, 0, -57, -61, 25, 2, -52, 27, 35, 100, 105, -112, -41, 91, 42, 84, -108, -85, 20, -71, 55, -121, 41, -78, 44, 14, 27, 77, -42, 50, -92, -5, -125, 117, -72, 25, -23, 52, -85, 45, 92, 15, 75, 82, 48, 0, 35, 71, 69, 100, 14, 92, 2, -68, -17, -53, 31, 12, -91, -70, 54, 23, -121, -111, 48, 1, 114, -25, 56, 114, 5, 98, -104, -75, 87, 24, 126, 64, 39, -96, -104, 8, 30, 112, 75, -117, -6, 47, 52, 87, 118, 16, -75, -120, 52, -76, -107, 0, -53, 78, 43, 76, 112, 48, 81, -82, 85, 16, 120, 0, 112, 81, -10, -69, -112, 18, 83, 127, 58, -59, 50, -107, 90, -91, 82, 36, -59, -52, 24, -119, -74, 17, 119, 40, -57, 36, -98, 65, 37, -39, -102, -119, -11, -74, 5, 108, -58, 88, 113, -114, 82, 123, 76, 72, -107, 6, 67, -92, -59, -108, -118, -123, 82, -59, -50, -82, -51, -71, -31, -127, -34, -87, -51, -70, 111, 127, -68, -5, -79, -24, -80, -56, -13, -125, -89, -12, 0, -34, -79, -77, -50, -66, -127, -119, -10, 107, -61, 42, -33, -125, -42, -17, 55, -103, -9, 71, 76, -64, -62, 48, -5, 97, 98, 24, -128, -85, -23, 20, -123, -44, -100, 35, 21, 10, 37, -23, 60, -125, -18, 102, 82, 121, -60, 93, 37, 110, 17, 81, -21, -56, 4, -9, -109, -12, -89, -122, 77, 15, 24, 50, 1, -101, -75, 66, 99, 95, -112, 81, 124, 81, 43, -20, -92, -61, -100, 91, 112, -71, -116, -73, -28, 50, -32, 82, -89, -66, -65, 57, 55, 68, 27, -90, 125, -66, -35, -105, -113, -119, -30, -121, -84, -61, 15, 30, -46, 65, 58, -68, -18, -101, -22, 29, 122, 115, -93, -118, 19, 126, 69, -88, 60, -119, 71, -6, 9, 112, 69, 0, -33, 101, 77, 63, 124, -23, 39, -64, -128, 74, 70, -86, 40, 105, 99, 81, 84, -104, 0, 39, -45, -7, 18, 117, -97, -27, 115, -103, -108, -47, -111, -5, 73, 73, 114, 88, -55, 113, 115, -124, 52, -93, -120, -42, -36, 31, -44, -84, 10, -58, -29, 74, -112, 3, -44, -13, 26, -27, 12, -124, 110, -49, 31, -116, 2, 112, 65, -113, -22, -99, 20, 89, 51, -28, 109, 64, 6, -57, 74, -121, 31, 60, 32, -68, 78, -33, 110, 127, -1, 92, -69, 114, -69, -2, 123, 71, -96, -119, -40, 31, 53, 1, -33, -43, -124, 97, -74, -46, 0, 92, -86, -43, -54, 68, 112, 77, -27, 80, -78, -107, -121, 68, 58, 11, 23, 90, 40, 83, 114, -121, -84, 41, 45, -69, -43, 56, -94, -117, 90, -77, 36, -77, 126, 18, -47, 44, 5, 80, -93, 76, 72, 75, 54, -84, 12, 28, 108, -56, 46, 32, 90, -65, -127, 39, 14, -7, -87, -22, -23, 15, 71, 82, 72, 5, -12, 104, 50, -101, -34, 117, 79, 12, -11, 2, 114, -29, 108, -69, -25, -123, 18, -22, 7, 15, 103, 38, 95, 16, -63, -115, 113, -104, 104, 115, 87, 77, -96, 5, 102, -13, -60, 48, 96, -54, 74, 23, 72, -121, -17, 50, 65, -38, 65, -56, -127, -121, 1, -104, 26, -111, -118, 12, -72, 40, 109, 59, -80, 86, -91, 92, -118, 122, -95, 43, -46, 99, -120, -44, -104, -6, 74, -91, -114, -108, -80, -108, -31, -101, -58, 90, 83, 2, 108, -44, 15, 25, -85, -78, 115, -110, 72, 95, 95, -31, 75, -3, 33, 106, -66, 101, 79, 76, 119, 22, -118, -92, -63, 112, 50, -102, -54, 101, -94, -111, 109, -9, -60, 64, 111, -17, -30, 110, -29, -50, 51, -56, 118, -21, -31, -117, 119, -70, -34, 97, 127, 52, 11, -126, 7, 22, -25, 13, -45, -124, 52, -12, -38, 12, -72, 84, -68, 37, -46, -83, 68, 58, 16, -7, 68, -128, -117, -47, 16, 24, -50, 4, -88, 28, 119, -55, 59, -26, 4, 112, -91, 70, -101, -49, 76, -122, 89, -92, 43, -107, 66, 38, 91, 80, 116, 35, -3, -52, 103, 40, -12, 79, 18, 8, 1, -110, -76, 28, -46, -14, 96, 84, -123, 45, -12, 54, -101, 72, -96, -67, 98, 107, -126, 49, -60, 35, 73, -16, -51, -82, 36, 16, -122, 72, 23, 10, 122, 44, 125, -101, -114, 6, -82, -125, -21, 4, -71, 127, -86, -77, -15, 113, -55, 70, -47, -121, 61, -111, -53, -90, -100, -113, 119, -21, -29, -67, 19, -117, 55, 22, 115, -4, -117, -95, 24, 38, -111, -114, 27, 12, -89, 3, -76, 43, 86, 24, 14, 3, 48, -16, -48, 2, 88, -87, -55, 48, 85, 2, 74, 21, -22, -80, 44, -107, -43, -66, 109, -46, 105, 74, 75, -88, -79, 32, -99, -71, 119, 104, 102, -47, -33, 40, -117, -91, 36, 111, 76, -112, 24, 16, -61, -76, 127, 47, 28, 79, -47, -106, 78, -86, -105, -111, -82, 17, 96, 124, 105, 50, 70, 12, 7, -4, -105, 87, -33, 5, -14, 34, -78, -118, -91, -18, -89, -113, -58, -42, -14, -123, 109, -89, -53, -73, -34, 11, -126, -81, -102, -11, -91, -21, 127, 66, 12, -122, -111, -60, 35, 17, -4, -119, -31, 64, 88, 7, -61, -107, 31, 25, 38, 25, 46, 33, 49, 44, -106, -31, -110, 121, -117, 32, 35, -50, -91, -30, -15, 100, -122, -22, -20, -39, 123, -62, -117, -100, 38, 75, 0, -73, -90, 67, 74, -101, 108, -53, 122, 36, 48, -121, -93, -56, 93, 17, 103, 34, -113, -16, -53, 110, -21, 96, 52, -115, 111, 77, -59, 5, -16, 21, 110, 43, -70, -18, -98, -22, -19, -19, 91, 44, 55, -54, 11, -74, -63, -123, -3, -3, -114, -39, -82, 51, 104, -16, 102, -12, -57, 61, -19, -1, -64, 112, -60, 4, 92, -85, -91, 73, -121, 47, 47, -65, -47, 68, 0, 48, 109, 87, 102, -122, -117, 5, -77, 29, -92, 44, 41, 67, -127, 43, 32, -44, -72, -61, -75, -94, -62, 109, -102, 118, 2, -15, -2, 99, 99, 111, 42, -17, 93, -92, 61, -56, -7, -68, 86, 108, 110, -48, -51, 53, -41, -17, 56, -97, 72, 39, 37, -121, 77, -92, 40, -74, 70, 34, 17, -123, 68, 95, -47, 14, -88, 80, 36, 37, -128, -77, -103, 24, 24, -2, 118, 117, 125, 19, -20, 88, 95, -100, 64, -110, -68, -120, -84, 98, -55, -43, -79, -76, 116, -44, -16, -128, -32, -109, -100, 9, -22, -97, 98, 75, 9, 89, -103, 97, -120, 52, -75, -128, -92, -119, 97, -110, 104, 97, -104, -10, 58, -42, -22, 86, -122, -87, 65, -102, -10, -97, -126, -31, -118, -108, -73, 106, 92, 67, 34, -110, -23, 114, -98, -85, 71, -56, -98, -87, 24, 74, 120, -124, 111, -75, -104, 102, 108, 82, 46, 24, -101, 120, -87, 27, 51, -61, -71, 4, 117, 14, 97, 106, 110, -111, 123, -123, 2, 87, -33, 104, -33, 38, 56, 79, -30, -117, -45, 12, 56, -56, -85, 58, 84, 41, 90, -37, 93, 28, 2, -28, -91, -109, -58, -57, -93, -78, -81, 14, -117, 53, -79, 89, -85, 5, 126, 32, -14, -105, 120, -81, 3, -62, 112, 33, 26, -54, 34, -50, 16, -122, 127, 0, 92, -27, 46, 51, 1, 92, 34, -117, -91, -89, 115, 5, 56, 44, -14, 88, -44, 37, 82, 33, -60, 96, 62, 71, -120, 121, 111, -18, 109, -50, -36, 103, -51, -66, 72, 51, -22, -120, 37, -22, -31, 42, 27, -101, -65, -85, 50, 79, 41, 73, -100, 104, 78, 115, 89, 29, -10, 73, 109, -68, -123, 14, 67, 34, 0, 56, -109, -119, -61, 112, -109, 25, 15, -122, -126, -33, -93, -69, -128, -36, -37, -37, -17, 57, -6, 120, -76, -66, -40, 15, -105, 84, -82, 87, -93, 22, 72, -41, -9, -25, 74, 45, 12, -41, -103, 97, 0, 110, 50, 28, 73, 82, -111, 28, -39, 111, -99, 67, 75, -110, 76, -123, 56, 15, 8, 20, 100, 26, 125, -77, 68, -78, -127, 56, 107, 70, -115, -78, -88, -52, -21, -115, 73, -83, 86, 51, -73, -76, -101, -115, -73, -48, 7, 88, 63, 94, 114, -55, -15, 124, 34, -78, -71, 77, 17, -105, -86, -42, 27, -115, 38, 33, 38, -23, 68, 50, 11, -64, 1, -10, 84, -44, 105, 17, -51, 118, 2, -24, 16, 45, 69, -116, -9, -10, 14, 12, 77, -48, 110, -97, -12, 125, 97, 101, 51, 77, 50, -30, 47, -1, 53, 51, -100, 40, 51, -32, 106, 53, 21, -68, -90, -94, 22, -67, 30, -120, -22, 69, -87, 83, -42, 40, 61, -52, 114, 103, 57, 7, -104, -56, 26, 114, -112, -23, 10, 55, 118, 9, 102, 50, -35, 69, 14, 52, -45, 45, -19, 30, 70, -110, -88, -111, 36, -44, -116, 65, -35, 15, -36, -55, 92, 41, -25, 111, 105, -95, -128, -96, -14, 100, 22, -77, 9, 114, 81, -86, -74, 29, 37, -122, 111, -45, 9, 98, 24, -106, -5, -110, -41, 118, -126, -31, 88, -74, 84, -14, -107, 54, 23, -91, -84, 57, 52, -76, -7, 17, -97, -108, 87, 11, 32, -2, 123, 17, 95, 55, 43, 33, 2, -104, 25, -122, 72, 3, -16, -59, -27, 5, -65, 41, 24, 73, -87, -20, 23, -95, 69, 54, -99, 50, -101, 121, 10, 48, -34, 85, 18, -15, -86, 52, 62, -119, 88, 27, -67, -122, 41, -3, -25, 101, -43, 88, 84, 19, -96, 100, -28, -92, -103, -17, -114, 27, -63, -88, 68, 94, -80, -84, 25, -105, 11, 41, -22, 47, 80, 120, -111, 46, 38, 97, -41, 50, -80, -122, -23, 4, -71, 42, 74, 39, 48, 13, -79, 108, 37, -17, -85, 65, -100, -25, 104, 71, -22, -36, 102, -55, 7, -53, 89, -8, -113, 42, -21, -36, -117, -9, -38, -84, -11, 80, -92, 21, 14, 19, -32, 88, -60, 100, -8, 27, -51, 5, 5, -78, -104, 118, -92, -1, -32, 83, 45, 60, -54, -102, 1, -91, 74, -124, -81, -56, -9, -88, 86, 35, 36, -111, -32, -22, 77, 44, -6, -45, 16, -122, 101, -1, -124, 12, -86, -23, -105, -91, -79, -79, 57, 10, -60, -92, -38, 25, 68, -47, 54, 24, -43, 0, 0, 6, 122, 73, 68, 65, 84, 12, -57, 116, 46, 33, 81, -23, 53, -52, -102, 77, 34, 29, 33, -64, -44, 101, -10, -15, 104, -41, -67, -71, -39, -39, 85, -86, 67, 6, -13, 127, 25, -128, -27, -57, 111, 6, 87, 77, -64, 50, 29, 1, -8, 64, -99, 24, -114, 102, 107, 21, 1, -52, 47, -63, 9, 22, 97, -128, 74, -8, -80, 116, -36, 88, 92, -27, -6, 115, 92, -49, -46, -82, 82, 17, 112, 114, 67, -86, -121, -126, -10, 96, 114, 45, -34, 76, 29, -52, 96, 90, -85, 84, -54, -46, -89, 85, 49, -42, 107, -120, 79, -24, -121, -15, 39, -55, 115, 30, 120, -125, -51, -67, -42, -63, 104, 60, 73, 93, 24, -55, 52, 82, 50, 46, -4, -16, 114, 37, 1, -82, 20, -18, -56, -102, -106, 11, 93, 16, -127, 2, 85, -41, 114, -55, 64, 75, -15, -50, -52, -128, -83, -128, -91, -90, 5, -111, -42, 43, -75, 66, 44, -102, -83, 90, 0, -5, -125, 49, 120, 125, -24, 42, 108, -111, 110, 46, -76, -86, 101, -108, 68, 58, 119, -101, 83, 61, 32, -87, -76, -22, -7, 65, 30, -97, 80, -51, 30, 33, -93, -119, -43, -24, 105, -46, -60, 5, -25, -51, 37, 57, -18, -42, 99, 51, 88, -28, 22, 12, -40, 68, -8, -32, 88, 115, 79, 46, -19, 38, 66, 96, -51, 37, 47, 0, 78, 64, -44, -55, 55, -77, -96, 3, 112, -106, 55, 81, 87, -24, 46, -78, -71, 82, -75, 72, 27, -82, 84, 44, 109, 101, -38, 64, -84, 36, -6, 90, 49, 28, -42, 43, 119, -7, 24, 82, -3, 114, 58, 120, 69, 1, 13, -105, 111, -93, 25, 0, 78, 101, -118, -91, -37, 68, 56, -40, -78, 17, 13, -33, 25, 75, -24, 45, -75, 28, 35, 87, -32, 52, 62, 100, -82, 55, -53, -46, 10, -116, -106, 90, 113, 53, -6, 103, 100, -3, -118, -37, 31, 16, -101, 113, -111, 8, 49, 37, 53, 81, -104, 123, -35, 48, -94, 9, -86, 90, 115, 63, -115, 30, 33, -122, 121, -107, 50, 26, -53, -108, 43, -39, 18, 53, 77, 84, 111, -71, -37, 38, 87, 46, 32, 96, -7, -113, 25, 77, 43, -39, -11, -73, 58, 36, -77, 76, -117, -108, 29, 12, -25, 33, -46, -107, 50, 49, -4, -19, 74, -84, 36, 0, -25, 97, 48, 48, -11, 0, 108, 36, 31, -110, -128, 73, 79, 41, -89, -66, -110, -5, -46, 73, -124, -117, 29, -47, -26, 102, -98, -88, 81, -92, -43, 117, 45, -87, 86, -93, -71, 7, 42, 99, -74, 77, 113, 125, 40, -87, 42, 38, 17, -53, -98, 107, -59, 112, 2, 102, -110, -36, 116, -118, -102, -91, -92, -19, 0, -77, -99, 41, -107, -88, -90, -120, -40, 39, -49, -43, 37, -70, -47, -12, 95, -1, 106, -30, 50, -28, -73, 25, 96, 91, -53, -76, -48, -31, 120, -23, 14, -128, -45, -27, 82, 50, -28, -25, -107, 125, 10, -27, 67, -55, 92, 62, 29, -117, -45, -38, 76, 56, -48, 106, -3, 100, -9, 119, 48, -44, -78, 65, 68, 104, -115, -122, -115, -19, 0, 4, 53, -111, -108, -83, -86, -102, 116, -37, -58, 19, 82, -97, 53, -102, 76, 100, -73, -90, 50, 115, -68, 10, -41, -76, 88, 52, -89, 72, -63, -120, 93, 61, -107, -126, -107, 86, -21, -113, -72, 10, -64, 121, -23, -46, -51, -89, -2, -62, 72, 102, 65, -16, 95, -97, 2, -65, -120, -98, 127, -120, -78, -63, 112, 48, -102, -81, -26, -96, -55, -123, 98, 42, 116, -51, 97, 29, 53, 98, 5, -93, -8, -100, 104, 20, -7, -102, -108, -118, -101, 2, 115, 45, 34, -96, -106, 46, -116, -59, 111, 99, 15, -109, -126, 42, 72, 37, -44, -54, 105, 81, -39, 6, -57, 107, -118, 73, -93, -107, -58, -36, -118, -83, 118, 46, 91, 118, -40, -80, 16, -123, -95, 56, -112, 116, -28, 97, -87, -72, -79, -54, -121, 47, -48, -77, -120, -35, -13, -68, -32, 74, -128, 63, 125, -6, 43, -99, 77, -29, 119, -16, -6, 87, 41, 98, -53, -97, 72, -62, 66, -31, 76, 41, 23, 13, -60, 114, 121, 61, -52, -15, 12, -90, -40, 15, -62, 18, -103, 116, -108, -90, -103, 1, -117, 79, 55, 76, -2, -75, -47, -104, -91, 76, 2, 79, 62, -117, 49, -83, -104, 73, -17, 34, 55, -95, 115, -93, 82, 78, 51, -20, -75, -71, -91, 38, 110, -39, 123, 32, 6, -50, -40, -46, 28, 50, -60, 5, -128, -15, 81, -100, 106, 35, -64, 86, 91, 18, -16, -33, -87, 28, 45, -17, 115, -78, 114, -101, -6, -12, -23, 63, -1, -6, -108, 76, -89, -128, -5, 63, 77, -91, -5, -11, 0, -107, 97, -40, -32, 4, 37, 96, 33, 29, -2, -35, -49, -34, 46, -60, -45, 25, -114, 83, 36, 31, -114, 18, 96, -77, -127, -89, -91, -103, -25, -38, 32, -41, -78, -42, -51, -21, -98, 70, 75, -93, -22, -107, -80, 0, 110, 105, -109, -111, -110, -97, -71, 19, -95, -119, -102, -80, 81, -32, -111, 74, -48, 2, 20, 45, 61, -119, 87, -116, -21, 9, 61, 75, -27, -76, -22, 45, 68, -103, -104, -3, -49, 127, -2, -13, -81, -65, -120, -32, 79, -97, 90, 77, -85, -47, 125, 100, 28, 70, 19, 6, 108, 110, 56, 24, 73, 38, -93, 48, 83, -32, -46, 47, 1, 43, 47, -127, 34, -118, -117, -123, 41, -122, -25, 94, 6, 107, -21, 82, -64, -46, -58, -95, 22, -70, 73, 88, 105, -33, -114, -78, -63, -108, 20, -107, 36, -65, -62, 67, 51, 107, 94, 70, -12, -11, -119, 15, -42, -8, -26, 84, 24, -69, 51, -61, -54, -58, -57, -11, 20, -124, 65, -89, -107, -58, 40, 111, -81, 73, -112, -55, -53, -13, 98, 64, -119, -108, 87, 79, -1, -11, 9, -120, -1, 34, -126, 63, 125, 10, 91, -9, -4, 54, -105, 12, 91, 118, 58, -45, 92, -46, 10, 118, 12, 102, 48, 16, -118, 82, 115, -99, -22, -38, 16, -117, 72, 21, -60, 96, 56, 124, -49, -36, 25, -58, 69, -106, 69, -51, -123, 110, -34, 32, -35, 18, 63, 81, -102, -92, -59, -29, -58, 86, 114, 89, -124, -47, 77, 71, 22, 51, 58, -42, -102, -35, -43, -94, -16, 120, -123, -22, 34, 80, -29, 76, 42, 33, 94, 48, -63, 73, 85, 81, 18, -45, 36, -108, -9, -81, 100, -118, 0, 127, 74, 50, 96, 75, -3, 80, -43, -72, -51, -35, -49, -68, 102, 74, -122, -97, 20, -120, -26, 52, 74, 62, -112, -6, 69, -125, -36, 54, 26, 97, -109, 73, -1, 69, 78, 53, 28, 50, -51, -16, -49, -125, -41, -67, 117, -75, 117, -119, 123, 10, 121, -53, -86, -111, 73, 85, 57, 49, -44, -40, 41, 113, 43, 121, -86, -91, 9, 80, 85, -66, 76, -101, -99, 76, -16, 26, -74, -38, 51, -57, -42, 28, 31, -100, 78, 114, 92, -109, -52, -64, 109, 23, -40, 1, 35, -87, -55, 18, -60, -65, -110, 34, -45, 2, -104, -4, 64, 44, 33, 125, -68, -76, -82, 103, 93, -69, -27, 125, -121, 81, -18, 67, 49, 118, -51, -79, 20, 1, 100, 4, 19, -82, -2, 50, -33, 111, 110, -83, -117, -2, 88, -123, -27, 69, 111, 22, -28, -68, -79, 67, 92, 118, 79, -13, 10, -93, -38, -126, -82, 25, 11, -31, -51, 98, -98, -38, 127, 45, -51, -52, 18, -114, -56, 74, -109, 10, -36, -46, -58, -117, -100, 112, -54, 54, -19, -37, 34, 53, -78, -107, 37, 107, 41, 50, -58, -65, -12, 127, 17, 96, -99, -1, 72, -90, 51, 42, 93, -125, 67, -44, -51, 68, -90, -71, 0, 20, -125, 122, -16, -108, 24, -46, -60, 63, 100, 102, 117, 89, -2, 108, -18, 15, 48, 22, 126, 101, -107, 80, 79, -88, 54, 70, -66, 68, -85, -57, 106, 43, 38, -19, -16, -29, 61, 51, 106, 123, 110, 77, 16, 107, -51, -70, -113, -118, -83, 24, 103, 94, 105, 59, -9, 83, 113, 49, 68, 106, 7, -73, 20, 105, -26, -43, 122, -121, -4, -54, 83, 111, 108, -111, 122, -117, -86, 21, -55, 53, 43, -70, 80, 108, -111, 105, -67, 96, -76, 70, 115, -97, -76, 49, -127, 73, -34, -103, -62, 3, 98, 40, -23, 43, 95, 74, -86, 62, -45, 52, -11, 95, 88, 68, -115, -27, 49, -87, 75, -126, 72, -76, 112, -119, 89, -42, 12, -109, -100, 63, 21, -88, -61, -116, -14, 99, 115, 107, 114, -67, 33, 107, -56, -68, 85, -83, -94, 113, -17, 112, 65, -31, -94, -56, 89, 122, 40, -54, -86, 59, 72, 74, 32, -46, 88, 85, 40, 90, -5, -59, -24, -119, -1, 75, 45, -40, -78, 56, 75, -70, -107, 102, 86, 117, -106, 105, -99, 1, -1, -91, 114, 17, 110, 89, 42, -105, 84, -108, -82, 36, -120, 87, 61, 114, -14, 73, 34, 58, 70, 87, 120, -106, 107, 45, 106, -76, -44, 32, 41, -10, -67, -51, -101, 29, 123, -108, 33, 113, 92, 65, 29, 117, -36, 23, 96, -35, 1, 5, -122, -17, -116, 66, -121, -90, 10, -70, 124, 55, -36, 32, 71, -54, 110, -28, -118, 117, 57, -116, -115, 69, -14, 63, -4, -52, 115, 81, -26, -34, 50, -66, -87, 124, -79, -94, -16, -30, -43, -4, -49, 50, 93, -88, -43, 85, -95, -51, -88, -88, -46, -1, 82, -122, 34, 73, 74, -127, -69, -47, 56, 53, -29, 43, -78, -29, -120, -22, 115, -43, -118, -75, 75, -49, -46, -81, 103, 77, 95, -87, -86, -61, 57, 16, -107, 123, -22, 63, -20, -3, -30, -82, -120, 59, 49, 90, -43, -1, 7, 120, 2, -26, 103, 73, -35, -55, -7, 0, 0, 0, 0, 73, 69, 78, 68, -82, 66, 96, -126]
      //  98. (00237): astore_1
      //  99. (00238): aload_0
      // 100. (00239): ldc 'splash_1_3.png'
      // 101. (00242): aload_1
      // 102. (00243): invokevirtual -1 3
      // 103. (00247): pop
      // 104. (00248): aload_0
      // 105. (00249): ldc 'img/splash_1_3.png'
      // 106. (00252): aload_1
      // 107. (00253): invokevirtual -1 3
      // 108. (00257): pop
      // 109. (00258): arrayinit 'byte' [-119, 80, 78, 71, 13, 10, 26, 10, 0, 0, 0, 13, 73, 72, 68, 82, 0, 0, 0, 77, 0, 0, 0, 60, 8, 3, 0, 0, 0, 20, -87, -57, -26, 0, 0, 3, 0, 80, 76, 84, 69, -34, -33, -91, -50, -49, -100, -50, -49, -100, -58, -57, -108, -58, -57, -108, -67, -66, -116, -67, -66, -116, -75, -74, -116, -75, -74, -116, -75, -74, -116, -75, -74, -124, -83, -82, -124, -91, -90, 123, -91, -90, 123, -100, -98, 115, -100, -98, 115, -100, -98, 115, -100, -98, 115, -100, -98, 115, -108, -106, 115, -108, -106, 107, -108, -106, 107, -108, -106, 107, -116, -114, 107, -116, -114, 107, -116, -114, 107, -116, -114, 99, -124, -122, 99, -124, -122, 99, 123, 125, 90, 123, 125, 90, 123, 125, 90, 115, 117, 90, 115, 117, 90, 115, 117, 90, 115, 117, 82, 115, 117, 82, 115, 117, 82, 107, 109, 82, 99, 101, 74, 99, 101, 74, 74, 77, 57, 66, 69, 49, 41, 48, 33, 24, 28, 16, 16, 20, 8, -1, -1, -42, -1, -1, -42, -1, -1, -42, -1, -1, -42, -1, -1, -42, -1, -1, -50, -1, -1, -50, -1, -1, -50, -1, -1, -50, -1, -1, -50, -1, -1, -50, -1, -1, -50, -1, -1, -50, -1, -1, -50, -1, -1, -50, -1, -1, -50, -1, -1, -50, -1, -1, -58, -1, -1, -58, -1, -1, -58, -1, -1, -58, -1, -1, -58, -1, -1, -58, -1, -1, -58, -1, -1, -58, -1, -1, -58, -1, -1, -58, -1, -1, -58, -1, -1, -67, -1, -1, -67, -1, -1, -67, -1, -1, -67, -1, -1, -67, -1, -1, -67, -1, -1, -67, -1, -1, -67, -1, -1, -67, -1, -1, -67, -1, -1, -67, -1, -1, -67, -1, -1, -67, -1, -1, -67, -1, -1, -67, -1, -5, -67, -1, -5, -67, -1, -5, -67, -1, -5, -67, -1, -5, -67, -1, -5, -67, -9, -9, -67, -9, -9, -67, -9, -9, -67, -9, -9, -75, -9, -9, -75, -9, -13, -75, -9, -13, -75, -9, -13, -75, -9, -13, -75, -17, -17, -75, -17, -17, -75, -17, -17, -75, -17, -17, -75, -17, -21, -75, -17, -21, -83, -17, -21, -83, -17, -21, -83, -17, -25, -75, -25, -25, -83, -25, -25, -83, -25, -29, -83, -25, -29, -91, -25, -29, -91, -25, -29, -91, -25, -33, -83, -34, -37, -91, -34, -37, -91, -34, -37, -91, -34, -41, -91, -34, -41, -100, -34, -41, -100, -42, -45, -100, -50, -53, -108, -50, -53, -108, -50, -53, -108, -50, -57, -108, -58, -61, -108, -58, -61, -108, -67, -70, -116, -67, -70, -116, -67, -70, -116, -67, -70, -116, -67, -70, -116, -75, -78, -124, -75, -78, -124, -75, -78, -124, -75, -78, -124, -75, -82, 123, -83, -86, 123, -83, -86, 123, -83, -86, 123, -91, -94, 123, -91, -94, 115, -100, -102, 115, -100, -102, 115, -100, -102, 115, -100, -102, 115, -108, -110, 115, -108, -110, 107, -108, -110, 107, -108, -110, 107, -116, -118, 99, -116, -118, 99, -124, -126, 99, -124, -126, 99, -124, -126, 99, 123, 121, 90, 123, 121, 90, 115, 113, 82, 115, 113, 82, 107, 105, 74, 107, 105, 74, 99, 97, 74, 99, 97, 74, 90, 89, 66, 90, 89, 66, 74, 73, 49, 66, 65, 49, 41, 40, 33, 33, 32, 24, -34, -33, -91, -42, -41, -91, -42, -41, -100, -50, -49, -100, -58, -57, -100, -58, -57, -108, -91, -90, 123, -100, -98, 123, -100, -98, 115, -108, -106, 115, -108, -106, 107, -116, -114, 107, -124, -122, 107, -124, -122, 99, 123, 125, 90, 115, 117, 90, 107, 109, 82, 99, 101, 74, 90, 93, 66, 82, 85, 66, 82, 85, 57, 74, 77, 57, 66, 69, 49, 57, 60, 41, 49, 52, 41, 49, 52, 33, 41, 44, 33, 33, 36, 24, 24, 28, 16, 16, 20, 16, 16, 20, 8, 8, 12, 8, 0, 4, 0, -1, -1, -42, -1, -1, -50, -1, -1, -58, -1, -1, -67, -1, -5, -67, -9, -9, -67, -9, -13, -75, -17, -17, -75, -17, -17, -83, -17, -21, -75, -17, -21, -83, -25, -25, -83, -25, -29, -83, -25, -29, -91, -34, -37, -91, -42, -45, -100, -50, -53, -100, -50, -53, -108, -58, -61, -108, -67, -70, -116, -75, -78, -124, -83, -86, -124, -91, -94, 123, -100, -102, 115, -108, -110, 107, -116, -118, 99, -124, -126, 99, -124, -126, 90, 123, 121, 90, 115, 113, 82, 107, 105, 74, 99, 97, 74, 99, 93, 66, 90, 89, 66, 82, 81, 57, 74, 73, 57, 74, 73, 49, 66, 65, 49, 57, 56, 41, 49, 48, 33, 41, 40, 33, 41, 40, 24, 33, 32, 24, 24, 24, 16, 16, 16, 8, 8, 8, 0, 8, 8, 8, 0, 0, 0, 59, -36, 34, -18, 0, 0, 0, -81, 116, 82, 78, 83, 119, -18, -35, -69, -86, -52, -86, -35, -69, -120, -18, -52, -18, -52, -35, -35, -69, -86, -103, -69, -18, -35, -52, -18, -35, -86, -69, -35, -52, -18, -35, -52, -18, -35, -52, -35, -52, -69, -18, -35, -52, -35, -18, -18, -18, -18, -18, -35, -52, -103, 119, -18, -35, -52, -69, -86, -103, -120, 119, 102, 85, 68, 51, -18, -35, -52, -69, -86, -103, -120, 119, 102, 85, 68, -18, -35, -52, -69, -86, -103, -120, 119, 102, 85, 68, 51, 34, 17, 0, -18, -69, -86, -103, 119, 102, -18, -35, -69, -52, -120, -69, -86, -103, 119, -69, -86, -120, 119, -52, -35, -52, -103, -69, -18, 85, -120, -35, 119, 102, -52, -69, -69, -120, -86, -18, -103, -35, -18, -52, -86, -103, -35, -69, -52, -69, -86, -103, -120, -35, -52, -69, -86, -86, -35, -69, -86, -86, -69, -18, -52, -52, -69, -52, -35, -69, -103, -18, -35, -18, -35, -52, -35, -52, -35, -52, -35, -52, -18, -35, -18, -35, -18, -18, -18, -18, -15, -79, 43, 68, 0, 0, 9, 120, 73, 68, 65, 84, 88, -61, -115, -104, 11, 80, 84, -41, 25, -57, 55, -94, -79, 74, 100, 16, 35, 98, -42, -126, -112, -79, -118, -90, 118, -90, 6, 89, 32, -103, 125, -34, -69, 43, 44, -69, 119, -17, -35, 7, -45, -6, 76, 39, 81, 99, 26, 53, -102, -54, 104, -93, 38, -102, -116, 73, 116, -94, 86, -58, -87, 77, 44, -94, -99, 106, 76, 68, 13, 62, -58, 71, 68, -57, 96, 65, 6, -62, 110, -16, -123, -115, -113, 56, -119, -75, 73, 24, -95, -88, 1, -36, -45, -1, 119, -18, 93, 94, -18, 26, -65, 59, 112, -49, -34, -57, -17, 126, -25, -100, -17, -5, -97, -17, 94, 93, 81, 111, 11, -64, -4, 1, 127, -73, 5, 122, 109, -67, 126, -109, -11, -66, 91, -41, -105, -123, 27, 124, 125, -52, -81, 109, -68, -39, -13, -88, -65, 47, 78, -9, 0, -52, -25, -11, 122, -107, -82, -19, 97, -26, 35, 94, 81, 32, 54, 13, -49, -10, 42, -118, 44, 123, -70, 54, 50, 69, 86, -56, -28, 94, -90, -32, 81, 28, 23, -125, 70, -98, 121, -67, 118, 81, 20, 4, -101, -63, -19, -74, -63, 4, 33, 71, -110, 60, -126, 72, 38, 96, 47, 72, -126, 32, 72, 18, -3, -9, -40, -19, 10, 112, -127, 64, 108, -102, -49, 49, 125, -52, -114, 29, -23, -37, 83, -29, 95, -80, 36, 108, 79, 79, 127, 122, -37, -5, -77, -84, 115, 51, 118, -64, -58, -83, 55, -52, 45, -7, 56, 51, 51, 35, -50, -22, -6, 125, -4, -72, -52, -52, 113, 107, -90, 43, 62, 95, 108, 26, -58, -52, -79, -24, 25, -58, -19, -92, -15, -76, -38, 104, 113, 46, -66, -49, 27, -37, 45, -69, -7, -66, 118, 121, -42, 47, -43, 83, 67, -19, 125, -100, -21, 67, 83, -20, 47, -19, 97, -84, 21, -96, -114, -90, -37, -116, -99, -7, -98, -79, -70, -67, 11, -61, -116, -3, 106, -32, 123, -53, -105, -41, 49, -42, 92, -61, -40, -90, 25, -8, 119, 122, 60, 99, 31, -93, -81, -79, 104, -24, -88, 87, -15, -52, 5, -19, -24, 1, 120, 64, -76, -42, -67, -96, 93, -71, 4, -38, -90, -33, -104, -98, 93, -127, -3, -2, 86, -58, 14, 55, 117, 50, 118, -32, 40, 99, -103, -110, -20, -11, -59, -12, -51, -25, -107, -59, -71, -19, -116, 29, 59, -96, -7, -42, -70, 31, -76, 125, 23, -47, -45, -17, 38, 26, -125, -5, 106, 25, -85, 108, -82, 57, 123, -96, -79, -102, -79, 47, -66, -81, -23, -8, -121, 32, 83, 87, 99, -8, 6, -102, 52, -89, 70, -11, -115, -45, 126, 58, -123, -66, -123, -102, -32, -45, -87, -61, 71, -66, 14, -74, 96, -84, 78, 53, -99, 107, 12, 30, 67, -29, -52, -2, 25, 115, -36, -78, 18, -45, 55, -65, 95, -111, -123, 57, -24, -23, -19, -109, 26, 13, -42, 94, -47, -16, -17, 48, 111, 125, -37, 112, 17, -35, 100, 95, 52, 5, 67, -95, 19, 104, -44, 60, -106, -27, -10, 40, 63, -17, 27, -97, -54, 32, -4, -70, 115, 11, 55, -99, 39, -33, 62, -65, 82, 113, 41, 20, 58, -33, -116, 51, -43, -27, -63, -58, -48, 49, -12, -66, -10, 109, 91, 108, 26, 124, -93, 113, -125, 111, -43, 63, 86, 30, 110, -94, 126, -47, -72, -123, -9, 95, 0, -19, -69, 47, 49, 110, 103, 126, 106, 107, -82, 7, -7, 66, -43, -67, 51, -107, 24, -60, 59, 83, 31, -26, 27, -26, 84, -100, -113, 89, 24, -115, 33, -49, -25, -76, 27, 52, 11, 52, -89, -121, -115, -7, -58, 107, 117, -84, -10, -77, 106, 26, 58, -112, 110, -64, -51, 61, -13, -19, -79, 125, 35, -102, -3, 101, -8, 54, 122, -78, -45, 89, 96, -118, -48, -10, -86, 17, 98, -90, 8, -23, -68, 114, 38, 66, -61, -48, 61, 51, -33, -2, -112, 57, 69, 46, -56, 47, 35, 23, -98, -50, 46, 116, 21, 82, -28, -1, -81, 2, -29, 84, -127, -24, -83, -33, -11, 65, -62, -86, 126, 117, 44, 92, -123, 80, 59, 113, -18, 30, 122, 121, -106, -79, 79, -1, -48, 39, 25, 52, 26, 9, 11, -49, 121, -57, -68, 95, 51, -106, -111, -29, 70, -46, 35, -40, -57, 47, -58, 48, 61, 57, 83, -51, -84, -35, -50, 93, -22, 44, -81, 122, -10, 67, -34, -88, 75, 20, -43, -68, 15, 68, 116, 73, -57, 73, 1, 77, 38, -67, 94, 121, -6, -102, 117, 27, -34, 16, 37, -113, 36, -11, 95, 31, 31, 55, 43, 65, -81, -113, -97, -11, 126, 124, 124, -4, -38, -8, 56, -41, -84, 1, 41, 122, -3, -112, 87, 45, -123, -106, -107, -55, -6, -46, -110, 101, -126, 71, 81, 72, -28, 84, 25, 14, -88, 52, 78, 34, 85, -123, 76, -54, -78, 104, -49, -11, 112, -125, 46, -39, 92, 86, 24, -3, -125, 58, 89, 93, -4, -105, -43, 70, -114, -45, 1, 65, -14, -56, 10, 23, 77, 85, -122, 3, -96, -87, -126, -53, 21, -105, -12, 80, 37, 121, 104, 15, 29, -61, -115, 46, -2, 23, -39, -36, 110, 73, 51, 106, 120, 72, 52, -107, -120, 12, 7, 2, -70, 30, -126, -85, 17, -24, 42, -119, 55, -35, 17, 115, 105, -58, 97, -98, 30, 87, -46, 115, -69, 116, 24, 52, 77, 112, -19, -71, -71, 57, -126, 77, 114, 27, 108, -76, -39, 112, -109, 91, -96, 22, -7, 101, -75, 102, 103, 91, 49, -51, -40, -39, 114, -60, 92, 85, -56, 115, -59, 28, -63, 64, -54, 12, 121, -50, -51, -123, 14, -61, 61, 78, -125, -86, 45, 122, 106, -36, -50, -99, -93, -118, 45, 115, 82, -73, -91, -90, 110, 27, 21, 71, 99, 84, -110, -79, 45, 35, 25, 14, 89, -117, -1, -66, -13, -97, 99, -121, -65, 98, 30, -110, -66, -83, 44, 35, 99, -116, -50, -95, 40, -10, 121, 99, 50, -54, -54, -54, -46, -53, -118, -83, -59, -93, -58, -18, 28, -5, -44, 82, -62, -127, -122, -103, -76, -21, 62, -27, 83, 126, 119, -90, 38, -77, -20, -81, -26, -62, 23, -24, 88, -57, 18, -77, 121, 101, 7, 63, -76, -85, 64, 13, 16, -10, 46, 104, 14, -99, 118, -31, -128, -59, -22, -39, 61, -124, -13, -21, -72, 107, -21, -112, -114, -51, 56, 124, -3, 34, -30, -85, 5, -79, -39, 98, 50, 62, 6, -91, 101, -11, 43, 76, -90, -83, -56, -17, 19, 97, 86, -73, -80, 18, -115, -110, -11, 27, 95, 7, 77, -98, -67, 33, -115, -98, 48, 120, -58, 8, 60, -14, -121, 78, 86, -1, 23, -60, 30, -47, -112, -100, 107, 113, -120, 50, -16, -101, -13, 120, -28, 65, -24, -47, -23, 80, -61, 13, 85, -122, -126, 65, -24, -56, -39, -49, 58, 89, -8, 18, 104, 53, 11, 12, -126, -99, 86, 67, -49, 111, -5, -29, -63, 35, 38, 6, -113, 67, 36, -10, 35, -73, 75, 73, 57, 57, 77, 0, -115, 125, -34, 90, 91, 91, 113, 9, -105, 28, 106, 38, 26, 65, 96, 63, 4, 27, -2, 75, 34, 119, 54, 92, -53, 105, -81, 100, 11, 8, 50, 69, -10, 8, -85, 113, -10, 102, 3, 93, 86, 125, 13, 52, -67, 0, -27, -44, -87, -94, 6, -65, -22, -113, 55, 126, 21, 44, 71, -126, 31, 36, 90, -112, -28, 13, 82, -41, -58, 125, -85, -67, 84, -66, -17, -21, 16, -114, -41, 110, 77, -39, 60, -101, -45, 108, -85, -15, -32, 35, -63, 46, -38, 71, -92, 117, -28, -101, 44, 89, -6, -35, -59, -109, 42, 27, -125, -27, -24, 105, -27, 93, -94, 125, 117, -113, -43, 87, -42, -77, -10, -90, 6, -94, -99, 107, 8, 6, -125, -51, -22, 120, 47, -78, 83, 49, 32, 16, -83, -121, 111, 41, 42, -115, 124, -5, -99, -87, -68, -115, 81, -1, 46, -85, -94, -51, -114, 55, -20, -61, -56, 30, -19, 100, -9, 43, -120, -42, 113, 62, -44, -40, 24, 36, 125, 127, 34, 126, -35, 52, -83, -89, -79, 124, 19, -34, 105, -65, -37, 66, 75, -56, -127, 11, -72, -28, 78, -27, -113, 7, 27, -7, 36, 80, 20, 28, -6, -110, 102, -31, 106, -43, -67, 127, -99, -113, -116, 27, 47, 73, -124, -57, 113, -14, 72, -61, -125, 52, 62, -89, 119, -82, 66, -71, -2, 67, 75, -64, -63, 73, -58, 73, 5, 70, 92, 21, -82, 65, -112, -100, 32, -33, -38, -81, 107, 115, -38, -2, -86, 85, 66, -90, 3, 39, 18, 109, -124, -119, -45, -82, -86, -77, -96, -51, 105, -18, 90, 90, -48, 32, -88, -57, 104, 78, 55, 101, 57, -99, 78, -13, -18, 122, -52, 0, -42, -4, 54, 78, -85, 0, -83, -119, 104, 11, 12, -71, -92, 27, -56, -122, 53, 68, -53, 50, 29, -41, 104, -93, 52, 26, 114, 1, -47, -37, -39, 70, 107, 48, 21, 9, -61, -77, -111, 77, 47, 98, 62, 43, 39, -94, 112, 104, -49, -57, -30, -39, -39, 2, 17, -89, -24, -19, 44, 77, 30, -7, -6, 20, -46, 27, 78, -5, -56, 98, -2, 80, 61, -53, 18, -19, 106, -12, 82, 41, 51, -127, -113, -3, -124, 63, 46, 1, 114, -117, 65, 114, -37, -6, -29, -126, -108, -84, 39, 16, 56, -3, 22, -73, -13, -109, -93, 77, -111, -52, -30, 52, -57, 32, 52, 75, 13, -42, 98, 117, -59, -4, 100, 17, -119, 58, -49, 122, -81, 125, -34, -48, -76, -76, -76, 33, 115, -84, 47, 14, -37, 50, -14, 45, 17, 74, -71, 116, -53, -80, -28, 98, -21, -110, -110, -124, 100, 72, 65, 73, 106, -86, 126, -91, -91, 112, 64, 114, 9, 78, -113, -4, 19, -89, 77, -47, -3, 109, -28, -56, -73, 4, 105, -22, -36, 68, -36, -70, 110, -102, -35, -21, -11, -5, 123, 41, 18, -12, 74, -52, -77, -37, -71, 124, -27, -88, 98, -101, 13, 117, -78, -39, 12, -122, 108, -6, 1, -71, -123, -10, 56, 20, -75, -106, 117, 56, -14, 28, -72, 84, 20, 73, -112, 100, 85, -111, 122, -86, -91, -84, 86, -92, 20, -100, -98, 46, -87, 84, -123, 54, -46, -10, 120, 34, 23, -47, -52, -86, 87, -13, 31, 62, -82, -106, 61, -108, 92, 51, 78, 3, 64, -109, 90, 0, -92, -120, 14, 119, -87, -83, 34, 123, 85, 1, -57, -115, 62, -66, 39, 37, -25, 43, -96, -74, 96, 105, 101, 60, 45, 53, 34, 22, 24, -117, -43, -30, 114, -95, 111, -94, -121, -53, -74, 64, 101, -80, 91, -83, 120, 61, 30, -111, -9, -105, 67, 104, -119, -15, 119, -83, 50, -38, 43, 71, 64, 123, -67, -16, -7, 20, -57, -46, -76, -46, 82, -67, 62, -95, -97, 121, -127, -66, -76, 108, 13, 112, -110, 48, -65, 52, -83, 52, 117, -75, -43, -74, -84, 52, 45, 109, -103, 77, 26, 54, 102, -52, 32, -97, -41, -81, -66, -125, 116, -65, -121, 116, -81, -50, 1, 117, 97, 5, 45, 111, -125, 26, 10, -9, 7, 47, 71, -64, 100, 80, 13, 110, 91, 79, 7, 118, 78, 118, 81, 65, -106, -98, 93, -116, -8, 25, 52, 69, -19, 93, 100, 123, -16, 93, -122, 87, 93, -118, -72, 14, 25, 113, 27, -107, -63, -87, 114, -92, 86, 25, -42, 30, 119, -74, -98, 104, 109, 78, -89, 37, 29, 5, -125, 25, -65, 50, -89, 43, 125, -54, -5, -24, 52, 89, -4, 5, -18, -68, 14, 125, 107, 45, 71, -18, -90, 34, 54, 10, 45, 60, 114, 59, 22, -102, 76, -3, -18, -77, -5, 3, 63, 97, 108, -125, -3, 17, 105, -62, -37, -16, -19, -101, -37, 17, -102, -59, 85, -24, -100, 89, -51, -5, 126, -51, -104, 111, -126, 116, 85, -123, -39, -124, -105, -60, -34, -59, 86, 84, 26, -42, 28, -39, 70, -76, -21, 17, -38, 86, -77, -45, 105, -6, 51, -78, 30, 9, 118, 56, -104, 111, 60, -60, -71, 41, 6, -49, 35, -8, 6, -102, -121, -5, 118, 11, -34, -100, -26, 52, -109, -77, -64, 8, -75, -85, -127, 0, 86, 54, -124, -116, -105, 41, 109, 59, -118, -5, 22, -87, 15, -9, -115, -20, 38, -51, -62, 45, 83, 65, -63, 36, -24, 72, 21, -54, -65, -74, 80, 40, -33, 120, -110, -34, 107, -84, 125, 95, 21, 98, -116, 27, -22, -14, 119, 112, 125, -43, -19, -109, -33, 6, -9, -43, -111, 111, 5, 5, 70, 44, 9, 97, -8, 121, -10, 50, 6, 110, 19, -124, 101, -128, 1, 52, -65, -65, -24, -31, -76, 34, 127, 100, 78, 7, 79, 50, 6, -7, 10, 77, -76, 25, 88, 120, 58, 105, 81, 95, 97, 42, 48, 67, -90, -62, 113, 66, -76, -114, -58, -120, 55, -36, -9, -98, -71, -64, 105, -94, 55, -85, -83, -109, -77, -52, -117, -31, -41, -51, -67, 16, -25, 39, -51, -123, -106, 4, -8, -42, 95, -20, -13, 22, 19, -125, -122, -127, 115, 16, 45, -34, -22, 42, -76, -58, 33, -26, -57, 15, 79, 93, 50, 16, 7, 86, -103, -96, -117, 99, -77, 81, -19, -128, -10, 46, -67, -101, 6, 126, -114, -90, -66, 85, 38, 97, 22, 54, 10, 110, -55, -10, -90, 58, 27, 37, 41, 40, 114, -105, 88, 16, -77, 19, -90, 74, -62, 22, 94, -39, 68, 115, 45, 10, 13, -72, -41, -110, -110, -110, 116, 36, 114, -13, 54, 14, 77, -36, -104, -72, -7, -115, 55, 55, 39, -82, -97, -22, 126, 124, 115, -30, -122, -39, -30, 52, -35, -48, -92, -92, -41, -68, 106, -110, -2, 28, -115, -29, -98, 127, 126, -118, -125, 43, -31, 115, -49, -39, -13, -14, -14, 80, 10, -25, 66, 73, -48, 116, 64, 26, 29, 56, -21, -117, 10, 123, -128, 86, -44, -21, 27, 6, -41, -50, -98, 22, -7, -40, 16, 29, 22, -115, -42, -3, 109, -123, 127, -2, -16, -6, -70, 16, 93, 31, 71, 52, 113, 124, 4, 90, -28, 115, 77, -9, 55, 27, -97, -65, -73, 69, -3, 76, 19, -99, -42, -83, -59, -102, -7, 85, 104, -96, -73, 21, 69, -75, -1, 3, 1, -13, -35, 3, -99, -48, -120, -12, 0, 0, 0, 0, 73, 69, 78, 68, -82, 66, 96, -126]
      // 110. (00264): astore_1
      // 111. (00265): aload_0
      // 112. (00266): ldc 'splash_1_3_noClick.png'
      // 113. (00269): aload_1
      // 114. (00270): invokevirtual -1 3
      // 115. (00274): pop
      // 116. (00275): aload_0
      // 117. (00276): ldc 'img/splash_1_3_noClick.png'
      // 118. (00279): aload_1
      // 119. (00280): invokevirtual -1 3
      // 120. (00284): pop
      // 121. (00285): return
    }
    
  }
  


*** VERBOSE MODULE METADATA ***

Siblings:
  com_plazmic_games_rooster, com_plazmic_games_rooster-1, com_plazmic_games_rooster-2, com_plazmic_games_rooster-3, com_plazmic_games_rooster-4

Imported Modules:
     1: net_rim_cldc (0.9)

Class Refs:
     0: java/util/Hashtable [(0, 0)]
     1: java/lang/Object [(0, 0)]

Virtual Method Fixups:
  java/util/Hashtable/put(Lclass(1:0);Lclass(1:1);Lclass(1:1);)
    [28, 38, 55, 65, 82, 92, 109, 119, 136, 146, 163, 173, 190, 200, 217, 227, 244, 254, 271, 281]

------------------------------------------------------------

